packet_count,byte_count,duration_sec,duration_nsec,byte_rate,packet_rate,avg_pkt_size,label
13964,17568249.363338847,4.802857225639665,841095289,3112756.409230789,2474.1526374963705,1258.1100947678922,1
16423,18068997.912441693,1.2323344486727978,613608295,9788493.155800994,8896.808991661257,1100.2251666834131,1
277,164615.30833925374,1.185260448662222,809827741,82510.29162130618,138.84098028112604,594.2790914774503,0
8420,10697516.586639224,1.7272998688284025,479546681,4847422.031890268,3815.3989459098157,1270.48890577663,1
68,30486.66090420214,4.887505167779041,643647998,5511.809199720147,12.294000538750668,448.33324859120796,0
2189,2089102.4911154069,2.1685785941408726,508464061,780376.9906705029,817.6933586756053,954.3638607196925,1
19912,18475752.370848358,3.0569377536544464,461901618,5250524.510916122,5658.68398552049,927.8702476319986,1
293,223317.36218726772,5.054493267725887,926132539,37340.13285635129,48.99152855717683,762.1752975674666,0
365,48281.23799312428,4.468748522859245,791274835,9178.901823883545,69.39132683786214,132.27736436472406,0
17787,21292927.020089496,3.733054075301833,147697582,5486804.851329707,4583.39042812308,1197.106146066762,1
3585,4651585.433645415,2.564242430292963,265047041,1644082.5446961697,1267.1025840143827,1297.5133706123893,1
9989,9177773.087003144,1.8317666514727553,396360081,4119053.4421790866,4483.138169126626,918.7879754733351,1
465,346763.3157196446,9.455490474077703,976125790,33241.571290707674,44.57602620998179,745.7275606874077,0
234,104227.66046607163,1.7964325184672756,906976957,38554.15223328542,86.5573647364515,445.41735241910953,0
10529,12885551.077154772,2.554709158757928,372593431,4401851.425349348,3596.8266611176305,1223.8152794334478,1
10571,11264452.411896184,2.123738038749523,198743196,4850180.162213901,4551.597593915573,1065.599509213526,1
346,129167.71512005889,1.6709557931179373,622261376,56325.984673201245,150.87973553463556,373.31709572271353,0
7258,7398118.901325929,1.0220884684944096,907706759,3833628.975718545,3761.0208050019783,1019.3054424532831,1
280,208729.54202796592,7.941433120173512,648870905,24298.271797632897,32.59488828095864,745.4626500998783,0
15067,16551684.32427292,4.4524137035023745,272981039,3502709.34518961,3188.5166893001488,1098.5388149115895,1
12965,18570127.924501244,3.675365010654429,954405824,4011025.2942762207,2800.3545883859547,1432.3276455457958,1
19412,24008107.775531437,4.886848381556415,90053374,4823906.308523733,3900.418564286035,1236.7663185416977,1
2206,2551293.291899376,1.1617343581537254,109174313,2007456.0429140222,1735.7659524011294,1156.5246110151297,1
19247,24671694.71135639,1.8068768093415848,276406835,11842695.918228554,9238.780351526713,1281.8462467582683,1
426,216096.5346435391,7.259644777835147,171116174,29081.34658674097,57.329256419531625,507.2688606655848,0
179,90065.71969107148,3.059183489424602,836594930,23118.799375754537,45.947171714770654,503.16044520151667,0
11789,15090418.13130083,4.718790609370292,521669253,2879598.0749054607,2249.6117343922874,1280.042253906254,1
18157,25963931.796713937,1.8737617488673344,319309439,11839073.870631041,8279.25700745578,1429.968155351321,1
250,182763.2616859645,9.06482169931144,95057280,19952.584755623382,27.292937009828577,731.053046743858,0
11474,10374461.24742893,2.7084311545050253,46159303,3766244.5316192717,4165.410494594029,904.1712783187144,1
244,36282.890725769765,5.363469742230849,376304299,6321.309944457184,42.51038424984342,148.70037182692528,0
19879,26276288.330326345,1.6731641686917222,488035440,12158195.950365104,9198.13233356715,1321.8113753371067,1
19675,20679790.002218425,2.0156616557373788,911695234,7064321.42753652,6721.0800531277555,1051.0693774952185,1
19082,24152823.972602636,2.1393619775098704,11506305,11229336.621403173,8871.765953856093,1265.738600387938,1
7855,11350157.12056084,1.1322029316021935,776124029,5947700.449077748,4116.1709508737795,1444.9595315799922,1
7791,9596454.03417283,2.957811041110252,398129398,2859542.4168842225,2321.554908783065,1231.7358534427967,1
142,33966.16631419191,7.854576537958458,228233509,4202.271996602629,17.568147608941306,239.19835432529516,0
2197,2503030.38003041,3.529223322374318,285322750,656180.4032615678,575.9531955613539,1139.2946654667319,1
11339,13662579.557677805,4.341209982356952,841009615,2636433.9258502335,2188.0585696876187,1204.9192660444312,1
16243,14780361.6631651,3.3635717727529673,51939266,4327423.186593342,4755.657298630913,909.9526973567137,1
218,41208.79232708522,4.137993885625564,820071328,8311.466378827936,43.96876414632482,189.03115746369366,0
13111,12881722.25921887,3.0710054021099205,391127003,3720748.0107364305,3786.9724394852356,982.5125664875959,1
434,307806.3067318359,2.881644586639423,34109026,105566.63820891261,148.84659599448491,709.2311215019259,0
11208,13561473.041619318,1.6998197083837447,46510960,7765695.974503308,6418.028499936482,1209.9815347626086,1
9158,10105100.8958544,1.3724110712235968,426101858,5618586.740000078,5091.984522987796,1103.4178746292205,1
423,303055.792523467,8.619950280144753,128314487,34641.81761640691,48.3524460289121,716.4439539561868,0
132,23707.89279276187,8.658356038907614,638035365,2550.2253253662034,14.199057920960122,179.60524843001417,0
131,17696.651365433154,6.226179592928092,702234722,2554.2137870282404,18.90764524831388,135.08894172086377,0
385,179434.25659054038,3.555288772637191,824183605,40971.66076598218,87.91013318543064,466.0630041312737,0
7699,8025048.434782719,4.977829850443283,323839252,1513683.3853105549,1452.184180346507,1042.3494524980802,1
15446,20582782.841999035,2.4658751383314397,249369215,7580453.234989776,5688.6224553045095,1332.5639545512777,1
390,207045.59360844945,1.8430729104528323,1983509,112216.40239589564,211.37565002790427,530.8861374575627,0
5436,6479958.206092559,4.892042219009783,670439175,1164940.2033183973,977.2616958061217,1192.0452917756731,1
305,163899.8288102985,8.153301731874835,725523310,18459.630417009517,34.35139205486549,537.376487902618,0
9996,11990362.21519679,1.780971951192178,309255683,5736390.6299281,4782.254256179715,1199.5160279308514,1
10208,15278622.968531555,3.5818891836286713,944654493,3375339.7868262553,2255.142273939755,1496.7303064784046,1
118,72370.80333672218,9.233779511984036,872186916,7161.195700821153,11.676270729858237,613.3118926840863,0
200,96699.28543728407,4.8536573348558285,989266619,16549.810711376933,34.229437449381344,483.49642718642036,0
488,98221.79156901296,3.6500400286262713,79348896,26337.23474653584,130.85253639747518,201.27416305125607,0
3816,4338085.582406968,1.67797098674437,404642357,2083000.9542757664,1832.3132382985414,1136.8148800856834,1
299,64165.35545957459,6.1305505308042845,735055790,9345.91243094431,43.55041434490131,214.59985103536653,0
174,48461.61616482255,2.260756137128716,311603161,18839.36516958434,67.64218362752736,278.5150354300147,0
318,185900.9357928891,7.273141668957412,226860070,24786.785691963254,42.39999016909638,584.5941377134877,0
7986,8415041.190927204,4.2374446219140545,478947735,1784211.4383446213,1693.2433512010134,1053.7241661566748,1
332,174181.09986458093,5.60208158974844,834400275,27061.53820125593,51.58097342250116,524.6418670619908,0
419,40881.29073407541,7.31770189531933,586766194,5171.92178804732,53.00799437297506,97.56871296915372,0
15121,17587000.328493897,2.502331810559776,738846654,5426112.915656004,4665.278436636092,1163.0844738108522,1
18958,28230443.73635463,2.8623920725298406,381966485,8701394.508579982,5843.373863841382,1489.1045329863186,1
199,17658.80299207686,1.2745022494514449,228773646,11746.880958783544,132.377563295019,88.73770347777317,0
17328,24202388.458578803,1.5082420506075391,92526139,15119233.76270521,10824.802811860167,1396.7214022725532,1
2876,2923822.186661553,3.491561903276001,693009757,698714.8085949392,687.2865931062364,1016.6280203969238,1
327,51741.73727435383,6.736869113483859,942903665,6737.404708029484,42.579384759422055,158.23161245979765,0
164,58240.90459934026,3.9066082564712135,788215570,12405.344002677108,34.93208820218242,355.12746706914794,0
10308,9777383.123934044,1.3138255253690638,765854846,4701387.414402313,4956.53088902993,948.5237799703186,1
77,56768.87820015686,4.680576499728429,826146542,10309.012777649785,13.982907696013624,737.2581584435956,0
18943,19127118.349922236,3.196906658824482,792911084,4793982.9793783305,4747.835921595211,1009.7195982643844,1
11662,13544290.406628938,4.819461122652776,988011356,2332217.7515976722,2008.1024994724319,1161.4037392067346,1
3679,3661296.168526035,1.9909239580046298,516103253,1460413.4141243964,1467.475097139345,995.1878685854946,1
13310,12304260.215319294,1.464290562027665,452949741,6417693.2833555965,6942.270084235728,924.437281391382,1
419,55474.45985144952,2.577972429004047,244439380,19654.984320316093,148.45459428114205,132.3972788817411,0
6452,7349491.527799113,1.6928074796400607,497572361,3355350.241742311,2945.6078257708177,1139.1028406384241,1
199,67105.45362989415,8.980123485682428,540564217,7048.38302919939,20.90185144335028,337.2133348235887,0
344,194749.8171379908,5.509358955237333,497576975,32420.824759869916,57.2671331932133,566.1331893546244,0
18347,22960634.75377454,3.5696771128252625,817032666,5234135.812814877,4182.40570382872,1251.465348764078,1
182,97558.05725981612,7.094515081446835,894439328,12211.617723647914,22.78145432708783,536.0332816473414,0
287,99220.47821612844,8.385755281695598,907056544,10677.121206928286,30.884086042333813,345.71595197257295,0
304,33843.51824487722,2.8601592388907084,432838238,10277.420035205345,92.31710687098393,111.32736264762244,0
4082,4498088.583105469,1.1558525292409345,668823641,2465143.490371517,2237.10928359469,1101.932528933236,1
11817,13050396.322415356,4.379501243877819,45932658,2948952.9415133186,2670.2466384111535,1104.374741678544,1
7745,9893197.408986121,1.472659310486625,547488156,4897264.963627655,3833.8785303975123,1277.3657080679304,1
13657,15761305.595461184,2.671784126862315,294292375,5313856.734836444,4604.399108190621,1154.082565384871,1
55,18441.136091766275,9.91454627800606,113442790,1838.9665132964751,5.484648978674651,335.29338348665954,0
243,168939.7810364104,8.804049464887498,768773488,17647.85391601254,25.38436166592872,695.2254363638287,0
374,50980.56193903271,7.65917884402637,655209744,6131.606840273295,44.98226129803471,136.31166293859013,0
236,70053.46232398604,5.4690507161476996,625017530,11495.352446745175,38.72618265297322,296.8367047626527,0
9400,13237887.332699126,1.2139411869894756,450564360,7953044.888701009,5647.322724157575,1408.2858864573539,1
7486,7111480.261324628,4.80024786820322,393866308,1369142.0750636945,1441.2467161960035,949.9706467171558,1
13130,13492870.357000876,2.314658181479664,842649140,4273537.221165243,4158.606896032744,1027.6367370145374,1
128,95857.60489070036,8.106563285150985,963138745,10568.991635230666,14.112922296066783,748.8875382085965,0
11348,15231527.69907862,3.198115529294942,197206748,4486032.975701381,3342.245322597467,1342.2213340746052,1
8731,11462214.01130296,1.4682680657104235,373507001,6223460.301140632,4740.535452895642,1312.8180061050234,1
26,9757.999979903147,1.9101040851051123,955958439,3404.6710069418127,9.07167927472836,375.3076915347364,0
19924,24068106.351016343,4.287440237161425,349204103,5190845.919007541,4297.07317152265,1207.9957012154357,1
10691,11140140.843393061,2.4825685882675637,677289286,3525519.5919136964,3383.3800206846677,1042.0111162092471,1
89,51980.81354110954,7.780403667330475,995002130,5923.465505939609,10.141981129473725,584.0540847315679,0
110,26846.146170625438,6.025638247622245,344682002,4214.253776679028,17.267577718172475,244.05587427841309,0
6748,7713782.208960601,2.9705004171634366,306974333,2353574.8699744954,2058.902208068422,1143.1212520688503,1
15116,21066779.37538086,1.4752716650722877,777558402,9351250.981286233,6709.782606747749,1393.674211126016,1
210,86836.89404278739,9.659552936270877,356015512,8670.191261862845,20.967357078594485,413.5090192513685,0
153,99994.80917480683,3.0123625466750736,978825900,25053.89322273399,38.33444650488985,653.5608442797832,0
168,15475.585379628837,1.388439207555185,750087380,7236.564403588219,78.55876142838216,92.11657964064784,0
246,141352.6408503341,1.6641690826185898,323988920,71097.28737060107,123.73262068507384,574.6042310989192,0
33,9171.542181818877,6.664587743217362,547857780,1271.6272382640598,4.575424506676787,277.9255206611781,0
490,45878.857511812625,4.457816482412979,132985867,9993.646866038374,106.73515492616573,93.63032145267883,0
377,149739.12089215821,1.5207750798193667,515965595,73518.99176140242,185.09965684926246,397.1859970614276,0
5719,6359592.835248598,1.6787196155822621,359300273,3120476.3363092667,2806.1551469835713,1112.0113368156317,1
6835,10195950.263110852,2.441380380821073,851098101,3096740.1364674866,2075.943711625886,1491.7264466877618,1
4779,5078043.944147883,2.119054028675783,572025740,1886991.2379619535,1775.8670908338156,1062.574585509078,1
101,37199.60317537394,8.402835186308522,348590788,4250.690491421679,11.540976327344223,368.3129027264746,0
331,234589.46436266368,4.76418732661557,221568250,47051.93841891216,66.38913498938297,708.7294995850866,0
4193,6257489.286130537,1.105467897989008,646035632,3572638.695264181,2393.943219758349,1492.3656775889667,1
8970,12605284.044316385,3.9983131999042882,379368908,2879442.5299992524,2049.0295500908755,1405.2713538814253,1
10702,11387401.490281451,1.1472874705439655,242130927,8195804.453439388,7702.503449585534,1064.0442431584238,1
11860,17766067.73261791,3.766857588675648,238077364,4436044.016332555,2961.3464738238704,1497.9821022443432,1
221,152211.33427138388,7.535087596646632,861330509,18128.12706039746,26.320747397199817,688.7390691012845,0
19100,19564828.857632328,2.005769758047194,550703552,7653054.221509221,7471.22996549,1024.3365894048338,1
367,94986.07266843299,6.5631541641210625,95282726,14265.521208042263,55.118041374621676,258.8176366987275,0
137,92504.44166253638,5.68276930813414,248151345,15596.978457915005,23.099280535409562,675.214902646251,0
408,51172.210798556014,5.9671615489703695,179606266,8325.059989076988,66.37634807131018,125.42208529057847,0
17254,23346082.925635576,1.536060913802563,516725588,11372874.336973308,8405.160490313616,1353.0823534041715,1
122,19631.61681597357,8.245402007674258,62468859,2363.014198345664,14.684869560188298,160.9148919342096,0
357,125043.03183444728,6.472790645876967,805198682,17180.985874147067,49.05200927302528,350.2605933738019,0
11550,13143041.481486402,3.905588130600913,524358390,2966862.335779073,2607.2549513381637,1137.925669392762,1
304,51325.65026979637,7.27877684344117,758438071,6385.999480687653,37.82404766280126,168.83437588748808,0
359,143514.0050022565,7.920259671838577,987982369,16110.249850008211,40.29975817385913,399.76045961631337,0
145,76663.91166818468,4.1267206740287286,393261002,16961.111164402297,32.07977606833962,528.7166321943771,0
9350,11695537.854374751,1.515518887642597,645535690,5411958.57586018,4326.591330330732,1250.859663569492,1
14647,19303294.185496815,3.5634989792128584,694329624,4533600.570706627,3440.0163475222357,1317.9008797362474,1
112,87371.38574750624,5.265654762365851,437809212,15319.003703748434,19.637188996613745,780.1016584598772,0
14891,16507738.633716986,1.1634744650659155,136600085,12697532.332188198,11453.958543565834,1108.5715286896102,1
8376,9327470.803357294,1.4825434844024032,619408429,4437528.1584149245,3984.8675636170356,1113.5948905631917,1
16124,17622720.298620474,3.0136690834194275,396385049,5167871.128813191,4728.370686760931,1092.9496588080174,1
258,113165.55702644312,6.6511035054181695,674213994,15448.553190415509,35.220316391814045,438.6261900249733,0
45,31614.42686428504,1.5497016386937736,362997767,16528.695920631537,23.526958740115056,702.5428192063342,0
226,103299.41963492149,2.6606891742073957,747503671,30309.147494450393,66.31080172526077,457.07707803062607,0
10150,12370408.441698821,3.473019086121184,947109249,2798653.682384466,2296.313416818863,1218.7594523841203,1
331,52465.66048821692,1.330148826015381,803869698,24585.381943872373,155.10643243020616,158.5065271547339,0
258,21297.743399897798,5.6050969790409955,503434513,3486.5570272736286,42.236010461132366,82.54939302285968,0
5086,4897418.748590519,3.1304690658200927,546681316,1331851.6351149136,1383.1362527747815,962.9214999194885,1
19680,20208778.066615198,3.2558603680753455,332848601,5631211.179496152,5483.866250951712,1026.8688041979267,1
32,15976.269300159873,3.0989477039482107,769238595,4130.170592999603,8.27261086383069,499.258415629996,0
8371,10231571.316937838,3.595291361166304,372979745,2578344.836631494,2109.4828896625254,1222.2639250911286,1
255,39374.40313752288,6.278818911946832,145066408,6129.375164164476,39.69560278546668,154.4094240687172,0
17679,21965573.788945016,4.598589588580049,455681975,4345942.538431062,3497.833422206856,1242.466982801347,1
19844,19071462.832007576,2.321393925123656,656524997,6404292.168709235,6663.713995896357,961.0694835722422,1
13613,13775542.139046255,2.9512392032349517,150732605,4440898.560868822,4388.4989424665055,1011.9402144307835,1
156,18622.183599179978,1.500881404212778,105275634,11594.248355628708,97.12624375359096,119.37297178961524,0
11111,10746818.545193538,3.787845849465686,635034945,2429823.240689856,2512.163568573474,967.2233413008314,1
354,235280.19970587338,9.256560517769785,33942384,25324.807730381737,38.10342709570277,664.6333325024672,0
7560,10062922.180514608,3.8915843864871027,150481610,2489549.203120419,1870.3306691603452,1331.0743625019322,1
319,67550.60884888131,3.5198118429425573,936277401,15159.16875783112,71.58743520086291,211.75739451059974,0
18608,24967252.55655688,2.701745754465667,128161931,8822638.520962378,6575.479509656872,1341.748310219093,1
14607,13911328.591959832,3.4424801697665304,26216317,4010534.979071569,4211.091992547448,952.3741077538052,1
16594,15450575.86201881,2.92456040741927,371962545,4686931.074051785,5033.788703889322,931.0941220934561,1
11865,17726026.89438402,3.194412471752613,310757388,5057109.242527574,3385.000007057406,1493.976139433967,1
338,190737.46088264917,1.7908130011839112,43928336,103958.77446976058,184.22215336292905,564.3120144457076,0
5490,6090172.069992626,2.892664804207569,771071792,1662284.3673578296,1498.4701699578636,1109.320959925797,1
453,68846.9152568243,7.713770729938463,991568247,7908.585230191315,52.03703166528654,151.9799453793031,0
54,40260.91896664486,2.845016290479135,951749951,10604.002565867764,14.222629618346692,745.5725734563863,0
347,233418.6610094364,8.576458990824449,2155748,27209.36516160911,40.44942109704187,672.676256511344,0
17524,24336364.438400842,1.654623771462818,709516666,10293958.875183612,7412.419212627934,1388.7448321388292,1
108,76585.86722178361,9.170795174162643,611797080,7828.790695962529,11.040018554800168,709.1284002017002,0
123,41689.48196625509,5.067537411691353,913452722,6970.331171659222,20.565156813607175,338.9388777744316,0
82,35425.073270811634,5.858029557231697,997345944,5167.488384034814,11.961416261628141,432.0130886684346,0
5687,5899780.43891359,2.5659284408060077,184036390,2145402.1421737163,2068.0264475721146,1037.4152345548778,1
19586,21563076.821204215,4.7593284944539,598169023,4024841.2156897956,3655.8113067139716,1100.9433687942517,1
7408,9038327.861616353,4.514516461493753,618013926,1760988.6701576503,1443.3426479170587,1220.0766551857928,1
460,133710.1918776046,9.979233543314589,122715546,13236.078572108183,45.53576700228755,290.6743301687057,0
105,61782.77918877482,1.3017919126220145,544454266,33463.99841157029,56.872155628979556,588.4074208454745,0
416,59016.873904290995,1.9262442766973051,414259427,25215.458454973494,177.7395179263518,141.86748534685336,0
5228,6398634.8464955455,3.41583148829005,984627246,1454083.5928388436,1188.057953881361,1223.916382267702,1
17770,22828916.06182304,4.08752792239298,833002226,4639523.663782214,3611.3994760917362,1284.6885797311784,1
302,95376.14062825592,7.44561167259657,779956234,11595.082760397387,36.71479020406704,315.8150351929004,0
153,54564.39740597931,4.082718314606891,910557998,10927.574199772718,30.641204375914405,356.63004840509353,0
12457,15592899.010459948,3.4598010526106178,25291709,4474170.438795945,3574.3668395911104,1251.7378992100785,1
2827,3550083.679900013,2.024062127414649,439000043,1441329.3024196653,1147.7582798992376,1255.777743155293,1
395,30429.507379426446,7.26985741489203,650117246,3842.1218100209376,49.87389693940145,77.03672754285176,0
13641,12840995.231104938,3.3051534406672527,332091442,3530418.1173769147,3750.366126021415,941.3529236203312,1
233,171000.51430325006,9.409303132921133,527468288,17208.860610723237,23.44826001627006,733.9077867092277,0
3645,3687983.763453642,4.939364795849338,375770070,693864.569109916,685.7775187267131,1011.7925276964725,1
74,16892.184199230687,8.829067258559155,463402894,1817.835723107334,7.963436931742023,228.27275944906333,0
8456,7633901.031916153,1.2190465552881253,358626216,4838710.010621079,5359.793332235756,902.7792138027617,1
3625,5263185.965697754,2.6580183368145107,413802881,1713376.395466895,1180.0816984326502,1451.9133698476562,1
5600,7012549.2330988655,2.923347912356294,141075386,2288374.858936845,1827.4237775844308,1252.2409344819403,1
14951,18637605.207373634,1.5634280815191994,710874291,8194866.888666668,6573.884009732213,1246.5791724549283,1
6380,7964492.204864351,4.6593836042724,568070805,1523589.032309306,1220.4793194720603,1248.3530101668262,1
19350,28741034.675076798,1.8507231373649051,897600872,10457658.768450087,7040.654571318716,1485.3247894096537,1
11916,12043235.745496254,2.658496494908095,213012806,4194043.7879437357,4149.734077556931,1010.6777228513137,1
234,87942.76684811153,1.6036882964958474,213812151,48386.654852976295,128.74824890547083,375.8237899491946,0
304,158834.59804700472,2.8462567643380643,548578780,46787.12590714752,89.54778398824467,522.4822304177787,0
2768,3779196.2658070736,3.2593645330504657,873118894,914509.7209753244,669.815148412015,1365.3165700170064,1
132,47066.53578630184,5.810103021315222,256153253,7758.745041086293,21.759713739575,356.56466504774124,0
283,197455.1447526508,1.9268333139818397,842309478,71305.51206112947,102.19769122034351,697.7213595500028,0
486,260767.99573047963,3.450716692482695,681758075,63102.13864640895,117.60507379844155,536.5596619968717,0
307,181074.57094955177,9.81038292054365,682573148,17256.7739507065,29.257722799425526,589.8194493470742,0
16295,16582897.775702888,3.206890381037359,23656190,5133155.461794802,5044.038103672197,1017.6678598160717,1
5300,5337772.0253327815,1.4164343279382954,656039520,2575555.7932095584,2557.330219279949,1007.1267972326002,1
310,74383.70061527476,7.48731786679456,954629197,8811.201971910983,36.72138638839776,239.94742133959602,0
419,148290.7251934981,8.261651340663274,721920164,16506.87870815321,46.64069293404095,353.9158119176566,0
2822,4057475.8079199605,2.625569233094088,55842822,1513186.2334293816,1052.4305634558575,1437.801491112672,1
104,8281.918410129167,7.623141518764021,779259260,985.6609590750113,12.377414829205307,79.6338308666266,0
101,72778.2836858931,6.786330072528279,289667886,10285.232431162274,14.273605022493076,720.5770661969614,0
405,133108.84589486863,4.022792714348515,147008630,31922.107290620912,97.12692921184635,328.663817024367,0
15221,20766021.16658856,3.496595631396536,484291464,5216430.576642631,3823.519641539554,1364.3007139208041,1
13093,17909328.98297981,2.1778630381676707,490648144,6711356.16843539,4906.481219750544,1367.8552648728185,1
234,152542.9361198371,5.386880784245623,752536272,24846.485378388705,38.11436783919933,651.8928894010132,0
14808,18139511.67041887,3.0498306235276864,573284588,5006606.362586617,4087.0905658438082,1224.98052879652,1
19685,27577861.02683652,1.872092429976346,568122009,11301408.837825438,8066.913991484178,1400.9581420795794,1
234,132340.11658209958,2.5451135726347314,311745349,46323.64432835656,81.90813982025482,565.5560537696563,0
375,160720.18409930408,2.05975974601127,288516129,68441.7813978235,159.69162907582154,428.58715759814424,0
397,235401.11443193586,6.862783495166778,457752180,32156.26900507836,54.23100407074452,592.9499104078989,0
9992,10590511.167937113,1.547542520275229,997225178,4161680.9169320483,3926.4880667780767,1059.8990360225293,1
328,62246.116747483684,6.40465174390288,706143916,8753.748486752866,46.12704621081459,189.7747461813527,0
209,92795.81229904365,4.639433513941219,201717311,19168.130813228767,43.17155311981788,443.9991019092998,0
13555,18469928.53238005,4.834508709252882,293130268,3602033.726304823,2643.5168427676736,1362.5915553212872,1
8819,11741859.502691917,2.1547749470827995,202386214,4981356.258771083,3741.3648865438,1331.4275431105473,1
74,40782.63301525861,9.543761173519892,802427637,3941.802509325103,7.152392185686542,551.1166623683596,0
9715,11890243.55825586,2.935019767729651,695844306,3274769.6737768846,2675.6716315245253,1223.905667344916,1
465,356596.8152081491,1.462832321358253,664311786,167641.1174845199,218.60296083911953,766.8748714153744,0
3524,3899764.9630343267,4.083648814983288,436111655,862825.5831107673,779.6873359558874,1106.63023922654,1
446,224218.33067082174,5.459421845855786,900575256,35254.47057285561,70.12581811866887,502.73168311843443,0
3252,2931364.6189890183,4.276409270696799,935011762,562488.5421073146,624.0140605790124,901.4036343754669,1
18314,26562408.49260931,3.3609226674763484,587631548,6727122.648714817,4638.153359581166,1450.3881452773458,1
322,39980.11788252111,7.215042092010766,894086735,4930.260541594924,39.70833450412669,124.16185677801587,0
168,104443.33631738983,7.590023977686051,962516452,12211.966394787773,19.64328627045929,621.6865256987489,0
44,32053.525739428973,8.642760864087872,629921035,3456.769690609357,4.745121258212055,728.4892213506585,0
15849,14639025.32002767,4.9506720319865885,882938633,2509427.8930699476,2716.84226291033,923.6560868211035,1
301,144564.1206532927,9.994181496092514,710766841,13504.420208398371,28.11783770660889,480.2794706089458,0
6232,6328966.2846960295,1.4820903151458578,495132487,3200937.3338337354,3151.8956757106384,1015.5594166713782,1
101,61746.12432650527,9.498398402020905,235719027,6343.26889692309,10.375876471233301,611.3477656089631,0
122,10661.049262114675,3.871904259189301,413475998,2487.7720580873383,28.46888553129646,87.38564968946454,0
15409,22050263.80540034,3.242708776014056,129987754,6537873.659599147,4568.747844009488,1430.9990139139686,1
14651,18217883.462075822,3.899067086115046,231829367,4410152.534406423,3546.6877870908397,1243.4566556600794,1
428,259373.6784946346,8.116508483550671,86621344,31618.867913502185,52.175207390054716,606.0132675108285,0
401,147950.7553744367,6.542768693640741,910287586,19851.018135820163,53.80343109650171,368.9545021806402,0
266,52468.487521082054,1.1914246976534844,575370513,29696.983105175805,150.55508323548978,197.24995308677464,0
58,3887.1148113351373,8.189049121962988,226275356,461.9090828302858,6.892188192134864,67.01922088508857,0
264,109570.08001468677,4.617378222483179,346849551,22071.928407468356,53.180476812562304,415.0381818738135,0
285,36439.389775000614,9.856751222793656,370958334,3562.8103802376854,27.865476470310163,127.8575079824583,0
4050,4780565.162686495,3.950329206355566,201875831,1151331.6706852983,975.3853587585218,1180.3864599225915,1
16269,20392624.048384193,2.1852324818239603,117105071,8857356.308752976,7066.296590630274,1253.465120682537,1
4632,4473032.350248997,4.950889558944127,608296824,804619.9645279916,833.2154529323243,965.6805592074691,1
312,200271.33692826267,2.9642849907855773,384017322,59812.80010574956,93.18155018697686,641.8953106675085,0
338,256576.37341552755,9.840974635720734,933732362,23812.839965838823,31.369762544030202,759.1016964956436,0
218,172975.32276841704,9.90266418832023,995022394,15872.664483583341,20.00424570419106,793.4647833413626,0
7429,9395025.989493025,4.351302941132982,54496748,2132422.4096402065,1686.1865096417841,1264.6420769273154,1
19208,19828259.462291956,1.187781428591252,800746224,9971326.99485156,9659.408042412706,1032.2917254421052,1
24,2467.2859357659195,8.435851262145693,941038638,263.12412346097653,2.5594840352798744,102.80358065691331,0
12106,13773543.528501352,3.0730414667055688,35383985,4431035.5009298725,3894.576269589329,1137.7452113415952,1
9906,10249384.982768375,4.9853431032268976,961289335,1723561.206992041,1665.8167631685108,1034.6643431019963,1
87,42565.95006059828,1.313786442104424,392932961,24940.215704569408,50.97498735981557,489.26379379998025,0
12874,12587025.057956893,2.564679064321519,595918472,3982482.715153407,4073.280400953385,977.7089527696825,1
15774,20398072.201559957,4.408774133388031,218430724,4408292.442248663,3408.969450491138,1293.145188383413,1
143,48017.89887024306,3.532518645197741,41892167,13433.794097304406,40.006593397717445,335.7895025891123,0
421,50509.13810386864,1.4390522350585577,945679675,21180.216480865714,176.539760391625,119.97419977165947,0
14880,13941224.01026389,4.57791972387227,570828076,2707692.1519849435,2890.0230849079735,936.910215743541,1
3591,4658486.5369756045,3.3696311386380704,188028967,1309424.2841223022,1009.3712983736399,1297.2672060639388,1
281,125250.86931479548,3.403254431524792,507496783,32027.317117387924,71.85320276993002,445.73263101350705,0
78,13938.294079651761,8.655235561848176,360815372,1545.942251426779,8.65123772839075,178.69607794425335,0
189,26141.95636286576,7.277243155023553,854658714,3214.74075608893,23.241795467299998,138.31722943315216,0
254,195928.8215672352,2.427445947637663,925436664,58435.93237865754,75.75570916750279,771.3733132568315,0
9561,13308607.486403305,4.303267002259051,981937588,2518087.47591945,1809.0122788475392,1391.96815044486,1
375,176840.43147353258,2.4468390644347737,28500556,71440.87623922569,151.49436340138823,471.5744839294202,0
243,29702.542723833,1.0574728454515023,328279706,21434.232751526353,175.35598238334137,122.23268610630865,0
242,81978.60542459592,6.686321743150016,38965695,12189.606195798006,35.98359211046139,338.7545678702311,0
345,93037.45469220297,8.018608556360292,79146438,11489.289902818646,42.60440087904319,269.67378171653036,0
338,118364.86100667258,9.666928034730951,770935118,11339.951412919581,32.38210685982849,350.1918964694455,0
215,40544.177921433875,1.9225875519161133,89567715,20149.62691401695,106.85060121106616,188.57757172759943,0
19424,26466959.338886518,2.203854267787265,895809936,8538653.737572081,6266.485245810549,1362.5905755192812,1
493,56830.0174864203,4.112947512576611,439867601,12482.39079969484,108.28465195739258,115.27386914081197,0
304,118562.78074504192,9.761400722596573,633823994,11405.504351988624,29.24419705084841,390.0091471876379,0
13296,14548032.88428738,4.033052783716091,295432095,3360998.892666248,3071.744587899275,1094.1661314897246,1
45,7992.644833115993,7.149658389458547,938619617,988.1763246433678,5.5636069833488895,177.61432962479984,0
416,287919.93697024847,4.835631720123756,116067598,58145.68261776928,84.01156315719633,692.1152331015588,0
391,266490.31262633303,7.243140032033398,98023086,36300.82976520515,53.261314823466805,681.5609018576292,0
46,32308.56913899925,6.890600928530217,915844477,4138.704296338423,5.89256666900057,702.3601986738968,0
8446,9728410.151254818,2.7293392041704077,594964410,2926450.553368778,2540.682494823124,1151.8363901556734,1
472,372003.7128794088,7.840846705942875,684334336,43635.87248753954,55.36539314271641,788.1434594902729,0
13425,13799058.390922047,3.897690690456468,133719871,3422885.9057056005,3330.099922928667,1027.86282241505,1
293,204990.1557302301,7.434316361820229,958679247,24423.95603243319,34.91006234914329,699.6251048813314,0
492,345768.32298927876,2.4332116445133805,114232628,135731.45709999534,193.1347450103703,702.781144287152,0
8342,10642157.95382956,2.8147745384211307,563692479,3149996.1073922184,2469.167216072945,1275.7321929788493,1
17251,23770538.88397801,4.647344139839644,994380952,4213345.82898419,3057.7526765620587,1377.9223745857057,1
15547,16301402.213859405,3.393309060489708,250880520,4473258.554147124,4266.2434696689925,1048.5239733620251,1
7109,7788302.47394118,2.9663781869657475,387680641,2322053.032881603,2119.521560184334,1095.5552783712449,1
224,38234.487328575706,3.793257630312164,921693972,8109.200380726264,47.5084409965423,170.68967557399867,0
19773,29359344.102623492,2.5699742256267393,953000101,8333680.969720596,5612.587026409788,1484.819911122414,1
19162,22770284.47401271,3.77992754450617,450671703,5382283.487956277,4529.381980884979,1188.3041683546974,1
7791,7097761.355642248,1.4111696179706628,997963061,2946189.480387967,3233.943928455123,911.020582164324,1
221,140135.10649158002,7.322184734896935,821358833,17208.12387423253,27.13806319784608,634.0955044867875,0
16056,17828199.604496766,3.0708465735388457,142606240,5547988.6088208305,4996.494715078195,1110.3761587255085,1
122,19301.57827500749,4.2202121583544425,290085734,4279.446443598824,27.049211141198967,158.20965799186467,0
5041,4661463.599821685,3.7727757632907237,731799979,1034828.5535656635,1119.084301918406,924.710097167563,1
8082,11619756.340980288,3.545720998174547,407062536,2939638.925460871,2044.6351109605478,1437.732781611023,1
435,122295.27181198132,1.4677415528632518,795435723,54036.98292496057,192.20765630658622,281.13855588961223,0
337,215589.95939531986,7.4267823891918505,482144366,27259.066377596035,42.61007977836877,639.7328171967948,0
103,48329.77071655907,1.7210336174620764,418655621,22587.28503551132,48.13783148904011,469.2210749180492,0
22,1983.4768471854568,5.070864560664702,704372411,343.44510137282265,3.8093674957304025,90.15803850842985,0
31,7528.54818819276,1.7346698382753063,685239180,3111.087289371909,12.810398971980366,242.85639316750837,0
6780,6842855.681021629,3.4629680877689712,170503798,1883282.9580497604,1865.9838890056837,1009.2707494132196,1
12181,16219258.116680669,1.1746466308294448,981205653,7523362.44850244,5650.201589119485,1331.5210669633584,1
18002,17082383.918953672,3.16991454287747,658252530,4462287.981102552,4702.5115825126895,948.915893731456,1
466,98161.93419321896,1.6497856808125826,388490118,48159.29927167076,228.62460530192863,210.64792745325957,0
18542,21314852.629857946,4.4730900216335225,413370391,4362022.983906762,3794.566707644097,1149.5444196881645,1
5453,8139091.842631634,2.3837399701878517,172267671,3184298.713148275,2133.405202758248,1492.5897382416347,1
124,47687.350864836815,5.625962810278525,967474292,7232.548081539638,18.80657964525797,384.5754102002969,0
13171,15186591.796710167,3.424754854244686,115224489,4290022.716005566,3720.6431797784676,1153.0325561240732,1
144,31088.16286044383,3.5546907574778053,528137452,7614.369565752563,35.26966911459095,215.89001986419328,0
14765,14880312.661481474,4.343992255124838,527630861,3054487.653658666,3030.8173781195355,1007.8098653221452,1
344,38238.44205166585,2.628792574385408,803869224,11139.589128661537,100.21377584060403,111.15826177809839,0
3646,4578468.291472007,4.482999605090045,341084390,949085.5250721119,755.7911520012713,1255.7510398990692,1
15125,19530518.453188725,3.3718034057397097,266923864,5367403.7665883675,4156.673165857232,1291.2739473182628,1
248,16537.259765855062,3.3232008943101476,379729344,4465.99279531713,66.97398655643487,66.68249905586718,0
320,75328.19656325401,2.177862946465148,574278665,27370.75601395082,116.27308662712406,235.40061426016877,0
7724,8513407.520853154,1.679031620350163,338801501,4219084.041576592,3827.868577571843,1102.2019058587719,1
7895,10028915.801543292,2.797735340854951,888101376,2720933.2838001465,2141.9831117035055,1270.2869919624181,1
11499,10602110.842985287,2.4370029916649822,458410670,3661691.240652859,3971.4532511349694,922.0028561601258,1
139,91211.23193244248,5.2716778817483245,366594203,16177.160406850757,24.652942942572544,656.1959131830394,0
270,38561.53995566603,6.023262246344766,84823921,6313.19514806862,44.20369860587137,142.8205183543186,0
312,234963.5222370607,2.1067372767666406,168979228,103248.1514041463,137.09967798998474,753.0882122982715,0
264,33140.21893385244,3.02231059275412,443708576,9561.464412144285,76.16807269271285,125.53113232519863,0
295,233081.35584191626,1.3741557314535289,923927767,101424.23284391795,128.3678335441324,790.1062909895467,0
236,125775.905940099,1.1564181116693169,506455224,75637.69485152843,141.92301658683374,532.9487539834703,0
446,188098.92534799394,3.2880212190774394,716676523,46969.568607297064,111.36920405099967,421.7464693901209,0
145,41740.88273273479,2.1316736062598394,879097167,13863.852772670853,48.16042499409703,287.8681567774813,0
27,20998.842681223265,7.5960902650720765,403300480,2625.055251133886,3.3752570489987637,777.7349141193802,0
377,264814.32612623647,2.4054746031295653,760852565,83634.54313619442,119.06539658777714,702.425268239354,0
7238,10616470.632331789,3.646529401484587,787044297,2394562.796139047,1632.543066211796,1466.768531684414,1
5719,8113918.759696113,1.976589161689497,79540080,3946210.4789818567,2781.43994260826,1418.765301573022,1
5072,5221142.623776733,4.723794782027911,682407887,965768.940496555,938.18162405517,1029.4050914386303,1
380,52773.960122606986,7.0027436529181655,677940443,6870.997356948095,49.47475970297331,138.87884242791313,0
18958,28177360.91068064,3.4198156907621633,673914536,6883052.704957268,4630.9842001959105,1486.3045105327903,1
264,126612.29674635542,7.771849863540153,468622282,15364.689608820483,32.036999256514704,479.59203313013415,0
151,83656.88490287495,4.637262894859297,248446405,17122.771693617586,30.906464288480823,554.0191053170527,0
298,113934.83258254798,8.901020431371947,291345738,12394.505449768478,32.4182038127361,382.3316529615704,0
18838,17019288.98787817,2.187477098241123,320343694,6786485.318462019,7511.70101878187,903.4551962988729,1
162,93092.60873798067,6.4884862494882505,595102523,13142.012012264238,22.869763505920503,574.645732950498,0
243,81698.13717078794,6.368369274868794,976115627,11123.739549113916,33.086050723335134,336.2063258057117,0
13207,17181351.85830966,3.348246830804604,513207113,4449451.452315202,3420.2143006754186,1300.9276791330099,1
104,72682.15767104767,5.504007782176673,81955631,13011.570662922435,18.618095448795,698.8669006831507,0
240,75005.61418640536,9.22812864356323,559185931,7663.554043858101,24.521537360590077,312.5233924433557,0
13563,16085952.436789945,3.1064951890758383,620044330,4316592.472573369,3639.569614268723,1186.0172850246954,1
383,293794.5259075476,8.316871648444842,78308332,34995.6196998626,45.621416204552375,767.0875350066517,0
355,191391.60740841422,4.8777588238423,635786363,34712.98428190219,64.3868850204009,539.1312884744062,0
70,7321.850816999252,6.892237732882133,792146708,952.8220345205342,9.109382871006426,104.59786881427503,0
15645,18641378.20348204,1.778233292741204,29105135,10314270.928649414,8656.37545235675,1191.5230555117955,1
176,115146.09293372609,7.030864311498475,168196386,15994.599541817584,24.447633850504463,654.239164396171,0
177,104421.4153097539,1.806637052394479,97169328,54848.75793310306,92.97163925006106,589.9514989251633,0
369,71604.64138393982,8.408566140360943,777895262,7794.5835994627105,40.16780606133784,194.05051865566344,0
178,104075.57359407883,8.198029858816195,459032887,12022.042192587402,20.561246374935223,584.6942336746001,0
459,354607.74244319636,2.667056018926687,373829493,116613.31577673208,150.94287443567066,772.5658876758091,0
395,177595.71445115018,5.952038879406356,482343470,27601.05085572594,61.38895367889401,449.60940367379794,0
137,60448.45876843372,6.414506381316981,401745115,8868.284687132771,20.099023645771446,441.2296260469614,0
18393,18482464.76035437,1.8481793596329066,475764344,7953060.4512758395,7914.56349448015,1004.8640656964263,1
227,107123.89299220976,9.1002081105821,24245082,11740.308238886928,24.87820313271419,471.91142287317075,0
38,26215.020215179917,3.4732543199332246,736263334,6227.559157682954,9.027162521695125,689.8689530310504,0
183,31252.911340731218,1.8598178245120136,747087286,11988.51128670078,70.19818222845004,170.78093628814872,0
127,88705.66934751262,2.5121278697037708,930890358,25763.926729679995,36.8862409667518,698.4698373819891,0
312,166938.38002234127,2.6060136870499493,459965403,54448.6361841501,101.7619464570181,535.0589103280169,0
11160,12661506.548583327,3.5518431732638804,405772796,3199276.1922623776,2819.8794644736004,1134.5435975433088,1
19727,19369228.199212003,1.5670975741084074,838139476,8052939.396696473,8201.686398898135,981.8638515340399,1
144,85107.21790853525,4.984452701015744,826506992,14645.983177413285,24.780760426384507,591.0223465870504,0
7699,10275110.731844507,2.364360097896882,336669225,3804146.309979465,2850.3948234603918,1334.6032902772447,1
55,6786.2907585747225,7.953604547044443,619295072,791.5980660148145,6.4155656130417205,123.3871047013586,0
372,84713.97440504526,4.610691226350844,450955688,16736.444844634098,73.49386598762965,227.72573764797113,0
335,36861.154514510075,4.981689428326026,216279556,7091.453339883584,64.44824911617599,110.03329705823903,0
3735,4820116.184034762,3.5606728953126643,141552629,1301950.9893119326,1008.8526415995202,1290.5264214283166,1
10533,13710723.659461522,2.8274345795214746,551802027,4057343.493794326,3116.9761773036903,1301.692173118914,1
373,145582.17597757318,6.020050756330225,358928499,22822.17423045009,58.473305064963824,390.3007398862552,0
16788,16874991.477780234,3.2491872635116392,816064798,4151032.0202642907,4129.63322962008,1005.1817654145958,1
125,16442.571592321565,2.534301443565258,860586616,4843.332476307677,36.8200652883993,131.5405727385725,0
419,231302.52929450682,1.011130117834685,195206099,191739.68754865316,347.33268731615914,552.0346761205413,0
9446,10764562.884440836,2.530105120976033,654621799,3380058.3707572157,2966.031385846761,1139.589549485585,1
10555,11042577.982832467,3.9487209000289725,736837917,2356725.9347379967,2252.6662052857832,1046.19402963832,1
485,311878.0235980939,6.612271192024838,492573471,43896.5295358497,68.26327991715932,643.0474713362761,0
11715,15525266.48043538,4.304270521010114,155307661,3481330.710394118,2626.9300642061107,1325.2468186457859,1
18724,20742317.2770363,1.9094292003843951,231078856,9690371.038393967,8747.455980907329,1107.793061153402,1
209,81704.34491447789,8.427574974096071,432049347,9222.100390862828,23.5901650482335,390.9298799735784,0
425,181795.01537388362,2.4558779021689867,285939003,66304.57892033423,155.0067034741716,427.7529773503144,0
258,91309.37218678498,2.8765946292160223,170650277,29964.566353207963,84.666644113084,353.9122952976162,0
235,106698.4793860842,4.4256096412892205,951000525,19844.935021525725,43.70783685851455,454.03608249397536,0
455,302968.07587180677,8.110273926763552,311505294,35974.355053722065,54.02658845273646,665.8639030149599,0
9373,13922336.64759599,1.6940980599460347,605470463,6054325.630514257,4075.982040314248,1485.366120515949,1
272,189826.27499183346,6.176470154469625,741986467,27437.66209399321,39.315126896354165,697.8907168817407,0
355,222215.5346972169,2.2527822215577684,750926204,73980.39463699044,118.1872371430589,625.9592526682167,0
19432,25257405.243327893,4.811190110405177,522963425,4735035.292044582,3642.939759986485,1299.7841315010237,1
18920,19667923.020163797,1.103247627797948,343448748,13595059.301448546,13078.072439052305,1039.5308150192282,1
115,57474.14287280703,9.69239945037898,800793118,5477.278959504106,10.959486281282032,499.7751554157133,0
335,231174.11724895868,4.955605197696191,1428127,46635.5786024753,67.58074397664689,690.0719917879363,0
7179,8032431.849143146,3.4783518195913183,586094878,1976266.9919877024,1766.292077161311,1118.8789314867176,1
8488,7935416.577750287,4.123046344273759,18268849,1916158.5649502918,2049.590432958602,934.8982773032855,1
7078,7385950.066584193,3.7801409154342127,610956386,1682028.331317506,1611.8977818342116,1043.5080625295554,1
11074,11147750.987438833,4.130784162976597,822993295,2250353.6103521707,2235.4657822120353,1006.6598327107489,1
3638,3773831.1434591883,3.037688512599159,999204964,934835.453383926,901.1880103075687,1037.3367629079683,1
327,178292.0142864696,3.756282587079505,420975013,42681.594327119354,78.28102341444689,545.2355176956257,0
7693,9942783.056278069,1.522841506960798,447691234,5045733.49612559,3904.0203900641736,1292.4454772231988,1
3549,3570763.4868693235,2.656519010115708,588748796,1100298.5578386532,1093.5923356808669,1006.1322870863127,1
405,64400.97976296277,1.099281379857825,724048276,35320.53545888494,222.12110613067333,159.01476484682166,0
9993,10131072.370685728,2.039252834980137,510878596,3972764.7946333005,3918.6215575403558,1013.8169089048063,1
16828,24998402.12857583,1.048483098575573,221350225,19686364.867308564,13252.132927663317,1485.5242529460322,1
10656,10292009.359864486,1.170532837148131,205984443,7476847.191309458,7741.275866041637,965.8417192065021,1
275,36459.805189593775,5.494004514807564,546318845,6036.06843835515,45.527363953700835,132.581109780341,0
2593,3074289.0056719272,2.29870370756024,540686056,1082728.776840117,913.2243953534235,1185.61087762126,1
61,39095.64678880475,8.736087084822511,610249100,4182.991710943595,6.526621640152183,640.9122424394221,0
5191,5654266.31749676,1.4085981186301524,808032384,2550838.4508774313,2341.8427175122765,1089.2441374488076,1
116,79140.4163779212,1.6877517349424629,165039929,42714.147477068334,62.60822641719436,682.2449687751828,0
10906,13057440.384207282,4.124681695147677,585614087,2772106.2515215753,2315.353537103644,1197.2712620765892,1
98,70378.62923766377,6.730027139504866,861654870,9270.492250538022,12.908865239258304,718.1492779353447,0
435,344225.8097349423,2.3515210073533748,830101590,108191.90497995762,136.7226899764459,791.3237005400972,0
106,62548.406559636795,1.3750561054214585,309599852,37128.296898895394,62.92085902349109,590.0793071663849,0
36,27641.197250698147,1.9483078055752536,590967015,10885.468964102216,14.177276011363146,767.8110347416152,0
11866,17590751.3986321,2.186142325150621,825988306,5839969.627051836,3939.404180311808,1482.449974602402,1
461,61226.691943228354,2.6667601108072114,688494941,18247.999331749867,137.3964103717527,132.812780787914,0
157,11853.385572571451,1.6184154926644099,352924639,6012.856625895194,79.64125392579733,75.49927116287549,0
155,97529.89505703392,9.090107416056119,535425944,10132.414631875039,16.103003771532958,629.2251294002189,0
470,70418.19623584156,7.006153582417856,493976957,9388.929414728196,62.66557595629268,149.82594943796076,0
14504,17668501.284387477,1.2770172251434397,180179133,12124996.872005818,9953.360038916795,1218.181279949495,1
183,50633.96021004464,3.899939531001655,987715047,10359.561912975165,37.44127107992574,276.6883071587139,0
8303,11199450.965282043,2.9440620119101597,265299231,3489619.9329455015,2587.1191715617124,1348.8439076577192,1
29,8999.220678641936,2.4097459327642747,764863399,2834.7490157602033,9.134982282649368,310.3179544359288,0
334,156000.72400363785,1.855105290930742,595509241,63657.797654831935,136.29234449077336,467.06803593903544,0
433,323431.50387534103,9.487682539702368,755838123,31574.252107772463,42.27062298771887,746.9549743079469,0
14258,18576362.677036695,4.547699600837078,287429853,3841957.6671923036,2948.8352144708538,1302.872960936786,1
252,116568.21168599951,8.618629048212503,584419476,12666.260683002773,27.382230935434887,462.57226859523615,0
411,252215.08628445232,5.14485547546726,248305901,46765.722120791324,76.20762133938253,613.6620104244582,0
222,65899.42928654717,6.905456539129643,13689493,9524.214257155081,32.08488431507647,296.84427606552777,0
304,181998.996877348,9.43649259847407,463614721,18383.537774317425,30.70673783525708,598.68091078075,0
17921,18424702.31739213,3.903919639941182,25137138,4689344.888277903,4561.1455911285075,1028.106819786403,1
12517,15337609.86068488,2.369534544134186,388040380,5561992.070079666,4539.1332400261235,1225.342323295109,1
137,65501.929636047054,6.507464548035979,811256220,8949.915116603755,18.71911831891965,478.1162747156719,0
11496,15596311.913908886,3.3086911331502002,687502446,3902791.8955881707,2876.7375184173766,1356.6729222258948,1
18898,28254134.676360164,3.232169300595868,425966695,7723642.508199833,5166.018984190809,1495.0859708096182,1
13754,14944509.90199434,4.5192659437677545,279681325,3114122.549179771,2866.045244862978,1086.5573580045325,1
444,149935.39420368246,2.692222611538745,166196616,52453.95523482572,155.3306092130888,337.6923292875731,0
109,74291.49464956085,1.0470665218862147,355109899,52982.986693362414,77.73629507413122,681.573345408815,0
437,271560.7710340968,2.8223250414871366,766131219,75676.2104151249,121.77938597492528,621.4205286821436,0
7110,8405381.084798217,1.5955522013297787,8805586,5239093.89238404,4431.679801195446,1182.1914324610714,1
400,214436.09325388816,4.314785774561635,130566025,48238.27290227831,89.98162980924137,536.0902331347204,0
312,171803.13799907366,6.337399007681057,8074037,27074.914161534984,49.168911096632364,550.6510833303643,0
57,10459.214271118455,1.0289643724385082,778760379,5785.844478146062,31.531348981443053,183.49498721260449,0
138,97559.68349871748,1.8369157584081894,43420892,51884.157806283736,73.3911132190305,706.954228251576,0
355,80522.76106031238,1.5836823503467152,871635443,32795.25008066512,144.58413528462972,226.82467904313344,0
181,91139.47926089336,6.431388999368093,438712210,13266.10430958648,26.34604563804501,503.53303459057105,0
14080,18049073.02006325,4.300197640720248,639949010,3653550.0454084272,2850.1178194674058,1281.8943906294924,1
2541,3784010.227754193,2.336953274784243,901264500,1168547.173454483,784.6908937955238,1489.1815142676871,1
451,151699.40683715642,5.655421507974484,525604189,24542.756214621615,72.96523621002862,336.3623211466883,0
3169,3558321.794361409,2.736077464695501,268616816,1184254.1909247946,1054.6830073063095,1122.8532011238274,1
478,288174.59140256676,7.620968028152708,212358261,36788.27879308691,61.02133146961032,602.8757142313112,0
279,119178.5116640153,4.791232479646649,765588526,21447.246823842306,50.20856344238727,427.1631242437824,0
18230,22662138.902682967,2.639619558785153,376966543,7512511.872037063,6043.255317397327,1243.123362736312,1
10329,11369200.260849249,3.2621998596857615,112513996,3368937.559459826,3060.703941638657,1100.7067732451592,1
137,35903.91871504372,6.272291313747117,77647696,5654.214734965396,21.575010372494262,262.0723993798812,0
422,106293.19185860382,8.043237458662041,771620141,12058.412816864911,47.87371721310386,251.87960156067257,0
9999,10115596.846226957,2.507656658945488,226101296,3700253.282455895,3657.6025254581778,1011.6608507077664,1
12595,12344208.151547289,4.749413176863458,346180867,2422525.8223647582,2471.743214153403,980.0879834495663,1
4839,6473154.191069369,4.615653321041499,66627397,1382478.8774682768,1033.4707146785622,1337.7049371914381,1
9531,9351935.854913171,1.900894809073959,5905950,4904516.536617572,4998.424693636448,981.2124493666113,1
232,25758.712248070387,5.2485439077729845,245048171,4688.865113884412,42.23102055510065,111.02893210375167,0
6998,7335214.581543514,1.1451504904540086,671108315,4038639.5152038564,3852.9751261140977,1048.1872794432,1
419,260599.0252453138,9.773511875030007,857876073,24512.22987245073,39.41159912969224,621.9547141892931,0
348,146439.33379476992,3.4132511808596204,144369335,41162.15688040749,97.81819012135799,420.8026833183044,0
19258,18941152.41418959,3.478797760797663,139245763,5235191.973121455,5322.766261193544,983.5472226705571,1
16289,21818614.435746387,4.087430904726485,207535306,5080043.32636084,3792.5793128055248,1339.4692391028539,1
218,76551.00660763858,6.041513651156578,334442137,12006.200976147466,34.19095226553137,351.15140645705776,0
7432,8893790.26067108,2.0406311638482046,985913364,2938595.543147133,2455.605702019511,1196.6886787770559,1
3753,3808223.221558412,3.616698405896298,379087152,953059.9593946594,939.2395927212572,1014.7144208788734,1
12123,13452939.449285103,4.888021318526148,490037672,2501448.8448310923,2254.158985863779,1109.7038232520913,1
17352,24472733.901395656,3.8800321586524524,262949878,5907033.553341142,4188.287529728343,1410.3696347046828,1
80,55720.269846286545,9.824651398009955,956980153,5168.074013906274,7.420027258537332,696.5033730785818,0
196,90594.78304337738,8.125299896080165,351007685,10688.000898597944,23.123276040323095,462.2182808335581,0
17177,17167805.565830752,4.387674912354239,840517121,3283698.352376021,3285.456978323689,999.4647240979655,1
349,140332.45158401682,2.9448140786677675,694777711,38557.195337784506,95.889874515806,402.0987151404493,0
10535,14455938.22281457,3.9971348507831057,480761125,3228288.084625833,2352.66742616941,1372.1820809505998,1
211,136633.55431370047,5.133158898372622,864850879,22779.815202894122,35.178335453202074,647.5523901123245,0
11369,12484629.043514432,4.488542800089906,28997485,2763589.9749958664,2516.635001025506,1098.1290389228984,1
251,178108.15871596007,1.1615111071164264,556549845,103668.12568352369,146.09493318080527,709.5942578325103,0
8823,13155038.241678564,2.0219733786224188,94542873,6215420.378461327,4168.642689720296,1490.993793684525,1
267,107683.56143058071,5.972622533044527,683845575,16177.281958346968,40.111361711073634,403.30921884112627,0
17795,20838266.938936677,2.562913462454453,632998266,6520288.640454438,5568.0511578477435,1171.0180915390097,1
4551,4605766.631437867,4.10244740370131,403881991,1022066.1270020513,1009.9128584233576,1012.0339774638248,1
12403,13219923.772983517,4.171417676135357,267787335,2977993.523575166,2793.9687328898212,1065.8650143500377,1
451,326410.7396995504,4.563734253962094,86717649,70189.03678836972,96.97982247977592,723.7488685134155,0
13531,13525866.176900724,3.78359647267521,487363407,3166938.2429153877,3168.1402731952103,999.6205880497173,1
133,24598.63102121787,9.155289292891897,30284261,2677.9635345465726,14.479226497908597,184.95211294148774,0
2612,3498985.9398231455,1.8080626736099599,302269103,1658026.4670249727,1237.7200727157324,1339.5811408204997,1
13205,19552029.814290147,2.761293673473396,459020050,6071467.407592058,4100.532163604616,1480.6535262620332,1
321,95193.65937792699,8.232431818973817,720527934,10632.646856957828,35.854064896625566,296.5534560060031,0
19053,24403135.061584406,1.4897355934357641,712770819,11079711.24342691,8650.599104921188,1280.8027639523648,1
78,14044.112181764709,9.818042120690697,54148890,1422.5932385785684,7.900981647896906,180.05272027903473,0
215,127349.16131893313,1.8372743781402447,602403745,52199.16517307413,88.1263794435561,592.3216805531773,0
2226,2253707.392536731,2.5161085048763896,464616924,756093.5907425346,746.7980708438181,1012.4471664585493,1
2645,3507655.3214151957,4.672831998491101,276381611,708729.8302680994,534.4283372468884,1326.145679173987,1
383,153144.94218283228,9.11166409697184,462990036,15994.827599615675,40.00144492750696,399.85624590817827,0
2587,2848609.9311290686,4.2770204194858445,746300377,567077.0485376656,514.9979674421317,1101.1248284225237,1
12785,14175558.568246799,1.4517728336446942,860500910,6130571.091423952,5529.1896278023705,1108.7648469493,1
13439,16749695.479079634,3.455109675262796,392764228,4352974.109904373,3492.578067229394,1246.3498384611678,1
366,193711.05673601737,8.593635937660519,542302931,21203.1909933761,40.06156403426785,529.2651823388453,0
443,27831.33290864348,1.9570935363019712,780264494,10167.224236127151,161.8348769492643,62.824679252016885,0
5830,6223907.757413528,4.422949035623145,613673150,1235730.520978811,1157.5218043238428,1067.5656530726462,1
16478,16932572.42030575,4.465546057005368,142547170,3674529.048386812,3575.8825154473816,1027.5866258226577,1
161,117315.83857547716,4.6747570848350595,999710096,20674.335552014392,28.372707933488673,728.6698048166284,0
352,255251.76767319083,8.096026089279688,647545970,29193.07646150045,40.258145940069994,725.147067253383,0
426,78861.11661902309,7.036590807152506,600261985,10326.38951742783,55.782141098457465,185.11999206343447,0
4659,5259858.016704771,2.841433084807705,553401021,1549371.1482709802,1372.379284168739,1128.96716392032,1
14109,16753619.71219511,4.907201314042638,77309808,3361135.987460597,2830.568465903668,1187.4420378620107,1
6249,9246933.04410407,3.9596164830677214,547410581,2051670.1836173236,1386.5015477320203,1479.746046424079,1
454,304756.07979790145,3.62996407415708,856053010,67934.66767529373,101.20335956886048,671.2688982332631,0
346,179849.04507679373,1.1620590004040905,254196808,126989.09618556612,244.3061471994177,519.7949279676119,0
19915,25512179.726515226,4.317578659435387,858315763,4929037.890713217,3847.6441701895255,1281.0534635458312,1
16140,15187813.619694408,3.814743909843183,57190864,3922538.6032573516,4168.458649932228,941.0045613193562,1
13639,14597781.713372275,1.0496161451092592,320124557,10657332.21688835,9957.359067301826,1070.2970682141122,1
462,277376.5527671791,3.675140269377555,424378408,67660.7608346392,112.69615688043152,600.382148846708,0
16849,21915204.664609037,4.611579980767949,400383597,4372578.596105611,3361.7562734770727,1300.682809935844,1
7374,6985991.161197103,4.956113433400695,378610749,1309531.8375116661,1382.2645272508923,947.3814973144972,1
54,13940.355952513832,1.31203240053835,168194541,9417.715325479814,36.4808925473817,258.15473986136726,0
344,84867.33351911933,5.693011201392305,945860452,12783.3972322321,51.81603410335915,246.70736488116086,0
220,161287.24620427724,2.0343969735361016,726709571,58413.98859578431,79.67820018946882,733.1238463830783,0
499,241072.65871736346,1.5821820416361843,74931500,145477.45381365693,301.1260166924364,483.11154051575846,0
457,174391.66204319915,1.7398635734060348,102562350,94653.28284179087,248.04253685008865,381.60101103544673,0
18789,23754063.656728003,2.3632627991593864,563961650,8114876.07776352,6418.708345168288,1264.2537472312524,1
14466,15080227.532105967,4.155209055621438,53102022,3583439.354637585,3437.4835256181364,1042.4600810248837,1
18300,27129012.947093114,1.9367377872619427,54441451,13624596.131673934,9190.53375424589,1482.4597238848696,1
458,360923.158832965,6.405859598935203,81428039,55635.44873861041,70.59961351517532,788.041831513024,0
172,10691.789032046956,1.638389945203961,170793532,5909.731747368595,95.07051228757675,62.161564139807886,0
9815,10240126.87310695,1.182594982009535,943354217,4816731.68760465,4616.761305760618,1043.3139962411565,1
260,135372.789458403,3.9821230639274567,943792269,27481.753198943297,52.782068392857,520.6645748400115,0
331,164587.0710649289,3.5261489396437686,158945980,44662.91225975781,89.82129557520248,497.2419065405707,0
19543,18019287.352412127,1.0306561305969013,463967099,12056073.39400975,13075.536103684626,922.0328175004927,1
5828,7245539.696133771,2.8514078200634025,54407485,2493461.880907699,2005.6333208255428,1243.2291860215805,1
7463,7106683.991158105,1.1775510886834177,502796840,4229293.154023356,4441.342101006065,952.2556600774628,1
78,33967.81710279193,5.784395181439878,533531688,5376.418215142047,12.345821914667898,435.4848346511786,0
3517,5260342.093655839,3.701680830188357,564741452,1232963.2993941882,824.3440914611109,1495.6901033994423,1
187,69592.58334620348,2.4868354540406514,691580235,21895.368685147903,58.83434336320013,372.1528521187352,0
128,65260.781878671456,7.038487042682571,255003887,8947.81148120407,17.5498950000848,509.84985842712075,0
2987,4160051.5619865158,3.873716919274941,6722055,1072056.9475683663,769.758272144486,1392.7189695301358,1
177,44361.39371931089,1.0189345885829506,255656662,34804.40784370804,138.86804881097905,250.62934304695418,0
15969,15469051.855364664,4.486390909152922,574833629,3056385.216414454,3155.1652924349087,968.6925828395431,1
166,83212.13537680765,6.963980617534199,212960167,11594.37396447856,23.129632107000003,501.27792395667257,0
397,118147.20470223358,1.639068980799299,823455654,47978.08031344337,161.21666130351477,297.60001184441705,0
18585,20762269.817833032,3.584384700020252,402270026,5207942.810377093,4661.803260437556,1117.151994502719,1
70,51508.263884449065,5.519382489657882,483499384,8580.589285036569,11.661065713649501,735.8323412064152,0
13777,16780315.926814362,1.687393925308378,339378562,8279328.850126236,6797.506916178993,1217.9949137558513,1
100,57421.29565202098,2.279234114141119,139555083,23739.685839464604,41.34299926516735,574.2129565202098,0
3998,3703121.286654703,2.944001975190412,528295124,1066475.9324650269,1151.3991705756282,926.2434433853684,1
428,256623.82697666116,2.944462285105185,654087672,71313.12057234839,118.93679540419666,599.5883807865915,0
19514,22596405.02651481,2.5495703426746372,742885986,6863084.205466405,5926.881954378197,1157.958646434089,1
12213,16773225.45486759,3.170137474129006,843615419,4178938.2409617323,3042.788214717199,1373.391095952476,1
15467,19296007.616725255,2.5369584805495253,40162344,7487428.386326494,6001.658848379216,1247.559812292316,1
17007,19093817.64324224,2.2754672732845553,434110264,7046787.6931019295,6276.6242212960715,1122.7034540625766,1
12135,13648619.570393503,2.571896901381165,716659127,4150338.158329088,3690.0694089659814,1124.7317322120728,1
8564,12281274.60558848,3.582962040382449,411790528,3074351.7640596703,2143.8123772125705,1434.058221110285,1
221,118877.79305329164,4.057919444360061,587991003,25587.62042450504,47.5687171554455,537.9085658519983,0
13738,15740689.054842418,2.5434980115804637,262927152,5608804.13242885,4895.195559917561,1145.7773369371391,1
15703,17567829.18833158,4.38855795877514,935841395,3299495.026772462,2949.252855886206,1118.7562369185239,1
50,28466.14672386877,6.037196003541459,603670380,4286.510988147343,7.5291380841389355,569.3229344773754,0
363,157555.35377310505,3.0563807207929368,919197770,39630.79942654593,91.30746653365632,434.03678725373294,0
9597,8815549.635271763,1.3972088110147718,592648639,4430241.792047124,4822.958549080366,918.5734745516061,1
16138,15948170.486666162,2.5817370719716575,168555037,5798718.774141133,5867.740356508548,988.237110339953,1
8313,9351145.235382045,4.34192094552931,962100258,1763029.3840378632,1567.3014267870024,1124.882140669078,1
220,173397.3429706636,6.426485888315154,164950092,26306.45939496374,33.37664215461002,788.1697407757435,0
420,145017.09999223545,2.3642586358289197,388209647,52686.2020161738,152.59031416279728,345.2788095053225,0
324,147054.06566827852,9.820980931723902,723001708,13946.728735521627,30.72842692090055,453.87057305024234,0
454,146904.13000562694,8.50284965743827,329917793,16631.72169197523,51.39951918211921,323.57737886701966,0
2340,2586796.9622839373,1.7784953468194877,86963179,1386681.5726431487,1254.3832884046824,1105.468787300828,1
11714,11703987.227330793,4.322754042080307,356415422,2501295.8639725647,2503.435725062459,999.145230265562,1
15283,17438931.246240024,2.7761749968088116,559697659,5227696.931378155,4581.409896863855,1141.0672803925945,1
13927,17720663.10151019,2.3032924702577993,864628900,5593782.49342979,4396.2581050004555,1272.3962878947505,1
24,9885.69762576604,2.331857326292513,184789155,3928.1232780413766,9.536500330262498,411.9040677402517,0
110,80629.60533029151,2.191351411314752,954097930,25633.73196676234,34.97115612550975,732.9964120935591,0
12485,12215216.707581561,2.833865698277031,173988234,4061107.0160359466,4150.7999660570285,978.3914062940778,1
203,53605.80410271885,1.519669466822564,545849901,25952.699808973077,98.28036626642682,264.0680005060042,0
2882,3393858.6562790787,4.8784309073923815,992083247,578119.4912441795,490.92803870401315,1177.6053630392362,1
14869,18634409.401542358,4.018484886394367,538287865,4089387.471833054,3263.054975794021,1253.2389132787919,1
15527,18084828.361155756,3.089776581621858,454215578,5102953.829075457,4381.217367494606,1164.734228193196,1
261,155824.877706301,5.430929320010637,620418996,25750.4393349859,43.13088362628987,597.0301827827624,0
454,229527.22239979173,4.668257877164352,392589038,45353.52012170828,89.70830527191639,505.56656916253684,0
67,53407.77584312349,9.604424292507398,255428423,5416.691038307774,6.795233350151734,797.1309827331864,0
388,108966.63203734203,4.952348349703735,268253330,20872.427877609272,74.32093536429669,280.84183514778874,0
15324,22724263.404956028,2.024190260419817,948094652,7645385.3094640225,5155.6295750679965,1482.9198254343532,1
499,373077.5867881495,1.1720448498678762,131208917,286266.2639255368,382.88782483188373,747.6504745253496,0
317,167402.19731578394,7.232791883833972,620495124,21316.19500838228,40.3652635748292,528.0826413747127,0
17906,18379129.849803682,4.21774883071802,890982456,3597591.8125869776,3504.9798071300156,1026.4229783203218,1
389,218169.77908908992,9.9149142949312,337023088,21280.83414285462,37.94404759510718,560.8477611544728,0
14866,19960900.95776142,1.0092701916192555,361398296,14562894.77584179,10845.802711800201,1342.721711136918,1
160,98805.86599522515,1.6212658679906466,81272708,58034.43598200618,93.97731261795445,617.5366624701571,0
276,189330.99483978003,8.28264854025128,487925953,21587.06878157926,31.468862183700114,685.9818653615218,0
17743,23286690.671321556,2.596400752294892,105220062,8619525.933508642,6567.538977386367,1312.4438184817425,1
11101,15374231.439787425,2.3952821358779173,849063596,4738777.155814523,3421.6451998087246,1384.9411260055333,1
102,45564.08171793752,1.0547987341585516,212882959,35942.841143670856,80.46183876479049,446.7066835091914,0
181,117277.41202909089,2.0163847841741016,889429647,40359.56693273928,62.288905326575346,647.9415029231541,0
19881,22698614.239211675,1.5807860515386412,194521198,12785738.494060952,11198.624916992023,1141.7239695795822,1
4951,5324845.329534746,4.453603067428007,654250615,1042481.9622091429,969.2916649183561,1075.509054642445,1
4780,5974782.48836414,4.624444008529988,396128038,1190060.1033090767,952.0827419066198,1249.9544954736693,1
2436,2241610.8708773963,3.561904168703376,921820562,499943.90947495744,543.2982946787318,920.2015069283236,1
17061,17277772.14428818,3.5912697839621135,943997110,3809648.373128912,3761.8513747699462,1012.7057115226645,1
29,19367.930540650053,5.0441476783567785,234751541,3668.933566610122,5.4935695482994245,667.859673815519,0
17373,20463719.764872637,3.7304688848936096,311534579,5062766.50865613,4298.1160593229215,1177.903630050805,1
15341,18594855.790763542,2.159880475774436,613647564,6704405.192267613,5531.2222483417345,1212.1019353864508,1
31,13254.192999443694,7.485896307548019,147206093,1736.40969345467,4.06125823725021,427.55461288528045,0
146,14630.03304226653,8.414002810910487,654753328,1613.2348051013057,16.099231004081265,100.20570576894883,0
5167,6490224.562377993,1.0005387720179413,625891536,3990471.9743493604,3176.896037000684,1256.0914577855608,1
4437,4650394.504589304,4.357353969424009,355260223,986797.2031458189,941.5156469063209,1048.0943215211414,1
7738,8219581.950026074,1.4075695522640541,398194586,4551858.006177846,4285.166504324766,1062.2359718307152,1
357,257034.7832160999,6.146282472464383,789489804,37059.28813267314,51.47227817894653,719.9853871599437,0
17927,26504120.263450902,2.5092546456252944,383495588,9162256.718664238,6197.216680381446,1478.447049894065,1
3948,4471462.490363337,1.1691669968907248,569993178,2571046.9656104497,2270.0611806776574,1132.5892832733882,1
194,35607.78542054784,7.082629718179028,915025812,4452.277956481425,24.257108757428227,183.54528567292704,0
43,26796.222485779916,2.6452651299121044,862312208,7639.524350938601,12.259173742294696,623.1679647855794,0
220,30353.409342439438,9.495840748268886,136682450,3151.137943575824,22.839290959562643,137.9700424656338,0
420,137103.68480202407,9.995196233940677,888198447,12597.511054351828,38.590900386578504,326.437344766724,0
3378,3967865.559736857,4.463280660889421,897144465,740214.7155405878,630.1738986494117,1174.6197630955764,1
380,37522.23167671724,7.937025564374918,75452392,4682.974715314338,47.42602751220838,98.74271493872958,0
15411,21732727.827155225,3.2082774586135114,910507535,5276489.99907824,3741.637406151553,1410.2088006719373,1
4005,4122924.8520610193,4.4790527067268435,763701868,786404.3211055384,763.9114024727483,1029.4444075058725,1
412,66366.88350516949,1.32344807429398,651287814,33607.979628356974,208.6354952286487,161.0846687018677,0
18363,17101814.055091687,3.948386201728205,782516763,3614915.415216977,3881.500030101541,931.319177426983,1
375,46182.22087440015,2.792937474046478,184713450,15509.615482946145,125.9382008050809,123.15258899840039,0
6213,8506896.765563115,1.2323678083213991,188144180,5988613.144768744,4373.775125503744,1369.2092009597804,1
5841,5324635.615313824,4.341920902968777,534158179,1091991.2343103215,1197.8886933149624,911.5965785505606,1
406,145824.81166525287,1.2827963936014564,132876304,103007.4337891242,286.7894540085975,359.1744129686031,0
48,19364.660063788455,3.4000767699577983,916972259,4485.624308154633,11.118706245406699,403.43041799559285,0
14096,15324019.76471783,2.5905903183681445,103042203,5688979.340409243,5233.082051162788,1087.11831475013,1
13867,20600930.212447714,1.87922139529276,539234074,8518217.711270135,5733.824821697127,1485.6082939675282,1
194,127515.24894410254,1.6874645049231038,516286113,57862.8307155179,88.03173935480629,657.2950976500131,0
19908,21999976.901363023,2.7420305018887627,77139897,7803705.980324848,7061.651898674579,1105.0822232953096,1
8155,7346123.2906257855,3.5674398354214216,213891626,1942734.5541044795,2156.6477530997754,900.8121754292808,1
247,169645.77795611715,5.935438325760885,101339592,28102.04056985433,40.91586660382155,686.8250119680856,0
490,312364.3824068375,8.467868082588804,893334983,33367.97420355823,52.34369947610786,637.4783314425255,0
14903,14000130.289798148,1.6093111426507152,980263400,5406343.806371941,5754.999423474845,939.4169153726194,1
224,137336.384837468,6.429626251434487,961255894,18581.866431506252,30.307613569290886,613.1088608815536,0
123,93186.76752394611,6.23987883791408,151137924,14580.898626220642,19.245763949954352,757.6159961296431,0
350,270357.0027155804,6.858616016062654,324721179,37636.685481144574,48.72387171808761,772.4485791873725,0
109,22335.896566270218,2.844830885741348,604744041,6474.970696569242,31.59809608860046,204.9164822593598,0
320,84612.99855411623,8.624749951302235,994943436,8795.810339007621,33.26509350312478,264.41562048161325,0
370,206776.87491777405,6.723592364473556,42541546,30560.564962762008,54.68410836907365,558.8564186966867,0
121,33271.77343781898,9.52655724627802,944842427,3177.3950451652863,11.555284276731417,274.97333419685106,0
193,20463.864760842847,1.5456603345982138,632661744,9394.324632660237,88.60030474657755,106.03038736188003,0
380,148685.76722540965,5.475812015520752,576706101,24565.93509725513,62.783785638371675,391.2783348037096,0
14001,14632948.806524739,2.2076668003100073,2592316,6620467.572577742,6334.551409236782,1045.1359764677336,1
409,107681.85666239499,9.660791826890058,244664917,10870.96329291589,41.2903726274189,263.2808231354401,0
321,122071.11316483733,5.921736768776135,188548829,19977.97176768065,52.53436928002667,380.28384163500726,0
27,5799.525598850398,8.775654226615092,214658282,645.086096094315,3.0032326433732837,214.79724440186658,0
350,226424.00436515553,2.2329915674830425,445752842,84526.16963514333,130.6582288183085,646.9257267575872,0
16607,21288898.383979775,3.636455057878106,672910007,4940147.34502006,3853.6999650712446,1281.9231880520126,1
351,88473.3827621577,9.830293586126396,803141208,8320.301433646619,33.00908942366227,252.06091955030683,0
377,196241.32396291933,2.584859241975352,992901273,54850.32414593331,105.37317923376916,520.5340158167621,0
5642,6279684.984301169,4.31756650783405,851739920,1214802.2315891942,1091.4423586152175,1113.024633871175,1
469,363765.30361571966,5.693136748493248,613294599,57681.640149831044,74.36852542387913,775.6189842552658,0
5423,5889377.795569568,2.90760042587188,996603485,1508470.8509126927,1389.0155647093097,1085.9999623030735,1
206,158727.97710404996,6.999404311419573,58321649,22489.960363183865,29.187871724585005,770.5241606992716,0
156,105799.47999241501,5.490060980823477,147836451,18765.768847659943,27.669889686081888,678.2017948231731,0
6009,8309556.906021646,4.704776273727128,197812180,1694932.5819311666,1225.6790584638484,1382.851873193817,1
12695,17582134.02309758,2.2866799586381945,16411413,7634145.236101233,5512.156467752304,1384.9652637335626,1
9618,13819004.656261012,1.1166790545810579,1901740,12354051.422308428,8598.395436962806,1436.7856785465806,1
9927,14831452.473133137,2.1555397556366627,879811105,4886239.895845929,3270.4621165006997,1494.0518256404894,1
112,46630.8093220628,1.4042016909605426,581726018,23480.6177040905,56.39681620567251,416.34651180413215,0
9778,14379107.87822755,4.01705989338809,331239002,3306835.207091761,2248.69546349971,1470.557156701529,1
14972,15729595.626121894,3.488158249483975,275195859,4179674.612777373,3978.365991722023,1050.60082995738,1
468,111334.95151327932,4.74043506316602,822885433,20012.32026628812,84.12242298866724,237.8951955411951,0
362,157256.00432403348,9.769350148113318,948555466,14672.269936484518,33.77525544947131,434.4088517238494,0
212,40208.791607962194,3.058249684603283,501524833,11295.319804422297,59.55433383537306,189.66411135831223,0
87,42664.84322264428,3.0240119513432124,801501834,11152.709313480236,22.74204326052236,490.4004968120032,0
95,59041.97063913997,4.847516481953005,139569554,11838.971738905917,19.049200137139003,621.4944277804207,0
12230,17952097.893497672,2.7204115061192002,612282919,5386661.842798738,3669.703381090083,1467.8739078902431,1
13030,15450992.762947991,4.052433454405233,191150833,3641024.124065555,3070.5175430761333,1185.8014399806593,1
8696,9369216.531279474,3.364521213034066,402878575,2486918.5800343724,2308.223307656397,1077.4168044249625,1
494,54866.41555554113,2.863682282897697,819413262,14896.821135023018,134.12630597768583,111.06561853348407,0
386,254779.35787910182,5.14002156022719,368619559,46250.854315019336,70.07172760859618,660.0501499458596,0
16300,22211581.13903145,3.9069968966727866,664219625,4859008.763580372,3565.7904023402493,1362.673689511132,1
452,207436.34599914018,5.640934652708081,139468023,35886.141093748265,78.19524440736846,458.9299690246464,0
6958,6796018.32174335,4.724039883541199,66772797,1418552.294759233,1452.3631926293522,976.7200807334506,1
207,92458.10953869043,6.31387980840424,234653028,14118.904470433812,31.610133929428756,446.65753400333546,0
122,34783.060408763435,2.8050422596568465,231681340,11454.141039603986,40.174877955236404,285.10705253084785,0
12179,18026226.805233296,4.530937522693688,963333157,3280913.4926418075,2216.6727323814694,1480.1072998795712,1
188,129312.9387390738,6.765720335223278,741436758,17225.287433481946,25.042768875811575,687.8347805269883,0
376,220839.75972133022,9.064367196914972,286815642,23616.23802309853,40.20881705309782,587.3397864928995,0
5450,8173508.614211439,1.5014259031695425,668946147,3765948.153254623,2511.0902066649187,1499.7263512314566,1
232,107051.4218744688,7.788234337138727,642533319,12697.707520918459,27.51825331481801,461.4285425623655,0
306,189057.19739689387,1.7061023468541157,88782879,105331.07893120516,170.48443855477532,617.8339784212218,0
10712,11368731.783092914,4.122526869702229,551620063,2432258.1097210813,2291.7550847737584,1061.308045471706,1
15422,20490509.67498402,2.061304550221868,38677396,9757469.44484405,7343.87265935601,1328.6544984427453,1
210,91681.59233885008,8.026586678808108,512306979,10736.940406209987,24.59334996026944,436.57901113738137,0
213,122674.14277659694,5.039322811719454,920525919,20583.43228483051,35.739162120359275,575.9349426131312,0
2406,2346030.821209826,4.214072433739737,431522300,505001.17975664535,517.9100067696074,975.0751542850481,1
270,26568.680843778497,3.4666443040797192,610617416,6516.304978150635,66.22091455898027,98.40252164362406,0
11523,11458422.43467664,2.342441817079371,510561616,4016266.612868764,4038.9015541992267,994.3957680010969,1
194,74135.1452321137,7.5435108545385114,211783871,9559.294373169798,25.015167942122154,382.1399238768748,0
14046,16911434.416566987,2.522070839479578,589429599,5435138.047041602,4514.22080045199,1204.0035893896475,1
358,228692.81101813295,4.459195346717214,534220194,45798.87436832172,71.69441378968027,638.8067346875222,0
19677,27665209.797213357,3.814799118516204,418820854,6534646.467281015,4647.795533784106,1405.9668545618415,1
6997,8591323.75295802,3.819484040173527,932159408,1808074.163531866,1472.543147716515,1227.8581896467085,1
472,279261.5947208203,4.866363492184583,483787141,52196.95927600356,88.2218151153345,591.6559210186871,0
10125,12470195.484990165,4.846053355932339,629443275,2277454.6905102935,1849.1473344721917,1231.6242454311273,1
5731,7486356.2854769565,4.517364080706113,536996267,1481167.8967200248,1133.8724597665412,1306.2914474746042,1
19266,23136718.128521133,4.485656136763417,304476999,4830078.303206445,4022.017646265175,1200.9092768878404,1
13889,19440408.661927376,3.4994963984279956,670388818,4662096.833106694,3330.787127012956,1399.6982260729626,1
347,34130.396497964015,3.2275906582637077,209846384,9929.024467452531,100.94730339307824,98.35849134859947,0
18523,23575620.020247556,2.5627284439437568,360991840,8063568.922690101,6335.4213813554825,1272.775469429766,1
8261,8659832.263834655,4.511937987939339,454642720,1743620.5657529053,1663.317377847975,1048.278932796835,1
18402,24042665.08749362,2.7310675183970505,309714810,7906736.652263998,6051.732091491278,1306.5245673021204,1
8432,10835462.662812864,2.4956841880512544,736497333,3352368.2355837096,2608.76437325139,1285.0406383791349,1
234,86478.69190795082,2.045718608729014,4036405,42189.769669412635,114.15998420918403,369.56705943568727,0
299,79078.36593915477,9.913256037985347,781765321,7393.941843109797,27.95693341451789,264.47614026473167,0
81,35950.93760317286,1.1033259377444007,770365456,19187.224600166523,43.230171345415066,443.8387358416403,0
3988,4043390.0569517747,3.191138777533278,352974291,1140875.0168981266,1125.2462669455474,1013.8891817832936,1
9162,11574259.329205425,2.386096671810873,72112225,4708411.617995992,3727.103913701642,1263.2896015286428,1
7755,9536817.967473611,2.0741350242704293,815093925,3300817.6696698926,2684.107122060453,1229.763761118454,1
314,58831.619671900626,6.432734805034376,753862126,8186.2973861583905,43.69244623196164,187.3618460888555,0
457,262724.7909935183,3.6756171127660027,893448594,57500.7688343085,100.02044823370814,574.8901334650292,0
433,231571.69622646095,6.836543381068194,875281301,30028.13287041128,56.14754196977881,534.8076125322424,0
285,112149.77756461679,3.2580374112199224,738975071,28058.400633847737,71.30325493547429,393.50799145479573,0
119,29113.115743776176,3.816166547922834,8669441,7611.5984654220765,31.11244517271792,244.648031460304,0
173,67871.8290563014,9.52060356031056,482145076,6785.317868522929,17.29524616583885,392.3227113081006,0
67,4351.2999669203555,7.628817055013133,95782135,563.3043035483317,8.673589185911675,64.94477562567695,0
44,4283.920030068002,7.310256349757263,547550656,545.1801026583189,5.599526683177896,97.36181886518186,0
19200,23523725.6627301,3.3317042272170525,814547026,5673492.56620138,4630.68898323584,1225.1940449338595,1
256,132291.65450958261,4.591317858781912,740712223,24810.74796663038,48.01173213082236,516.7642754280571,0
6937,6277929.263538018,3.659978064951095,788482101,1411258.9591314855,1559.4160094084707,904.9919653363152,1
19748,28609504.208208807,4.560228101861011,790364059,5346979.05354928,3690.806439043221,1448.7291983091354,1
398,236949.85131318233,8.35527080230139,38887321,28227.94708327353,47.413926942261135,595.3513852090008,0
62,32977.13676758552,3.062547560927459,862719921,8401.245754440271,15.795101935207633,531.8893027029923,0
388,258250.26992812156,1.8225233769859877,214828142,126757.8361031461,190.44332624205757,665.5934791961896,0
82,26520.322251395766,1.1237099861021074,67917165,22255.553867556442,68.81347065997966,323.4185640414118,0
16631,18508914.285683513,1.9902390811195456,750638001,6752916.577846095,6067.765719409458,1112.9164984476888,1
350,175054.03260154751,6.4605855224569275,524846685,25059.87137269443,50.10427266424203,500.15437886156434,0
57,19586.929228108052,8.546426504587224,784735674,2099.0878577863914,6.108563854007522,343.630337335229,0
12626,16035905.89964771,4.1470780134285095,14418934,3853398.4530630712,3034.004388205046,1270.0701647115247,1
198,124809.19562828144,5.693041217501921,762338000,19334.1384639181,30.67209428427991,630.3494728701082,0
364,111700.32469286307,6.260040187816834,494751675,16536.456927376385,53.88767076654341,306.86902388149196,0
14855,20387358.624030504,4.581384356612677,692947713,3865391.551944446,2816.470370833303,1372.4240070030633,1
207,140117.45528817154,3.2354524786888677,826976675,34491.05202510144,50.95473475815196,676.8959192665292,0
354,38007.102557594335,2.299488689203005,321019745,14503.713119760943,135.0882887380077,107.36469649037949,0
205,15624.25197516886,8.065879426861368,219241219,1885.820695076248,24.743152062897572,76.21586329350663,0
382,161742.94078203314,4.668695721816902,760684355,29790.314638804703,70.3579404269587,423.4108397435422,0
5074,5813802.554897872,2.124152325524113,666466033,2083338.4605025835,1818.2350103521535,1145.8026320255956,1
15652,15593736.503143942,4.696107481702931,302760580,3119453.506406754,3131.1088444026536,996.2775685627358,1
261,185949.72477145516,9.48278176768105,275417708,19055.741300930647,26.746737515507096,712.451052764196,0
471,129053.39253199036,5.015810988797893,256868547,24475.865004843545,89.32839494648435,273.9987102590029,0
253,115446.3852217723,4.989758585654577,459071764,21187.370098445237,46.43198333676119,456.3098230109577,0
363,233799.84491563393,1.6897222582772393,248231222,120642.65076279697,187.3109977583518,644.0767077565673,0
17748,19452615.9815695,4.237297593141049,448501737,4151397.576170627,3787.614182672599,1096.0455252180245,1
13087,18659335.45292006,2.0859950167274715,440526036,7385386.887149279,5179.849970326631,1425.791659885387,1
128,55336.70780008187,1.6987669838990316,832635541,21860.098208714968,50.56485436076803,432.31802968813963,0
106,72085.53292337547,8.150370702836415,467139030,8365.007427690927,12.300537311387586,680.0521973903346,0
15596,18333309.173575822,2.658064259267169,691891798,5472701.390755492,4655.58345643582,1175.5135402395372,1
7520,10109705.1838114,3.7757983620406272,485212756,2372607.0887278565,1764.8393284310364,1344.3756893366224,1
37,10346.019353703508,7.591609441525412,177681141,1331.6556053359159,4.762339573605333,279.62214469468944,0
9081,12976726.20123802,1.076515865749148,521818745,8118904.5860401895,5681.538733459376,1428.9974893996277,1
13171,12789686.688591719,1.4213819379253327,910079209,5485695.828754602,5649.247047230255,971.0490235055591,1
266,63935.71134009144,3.2081708274958993,75594878,19470.24150751223,81.00456118254938,240.35981706801292,0
6507,8089159.626273515,1.8782156929192078,244291068,3811134.9161358103,3065.7146162314093,1243.1473223103603,1
5552,6798662.748785415,4.0154602953477,843659593,1399155.177275784,1142.5937469280898,1224.5430023028484,1
3948,4737867.087119115,4.014378522983012,695604722,1005920.1573945733,838.2195423317773,1200.0676512459763,1
112,50853.937024556566,6.178684485575335,495616204,7619.365591961701,16.780784266272878,454.0530091478265,0
336,104003.04294866859,5.46133375208702,613501567,17120.306557429296,55.310141320916834,309.5328659186565,0
288,100793.0696138321,5.610562815191366,625668400,16162.497209580953,46.18173862739988,349.9759361591392,0
122,45171.845570068464,7.956880491750281,77842160,5622.079009812273,15.18409599034804,370.26102926285625,0
270,110956.15319119534,8.715780121247569,260611278,12360.886268895989,30.078902310635907,410.9487155229457,0
301,74473.89070584955,2.997104147059356,42858520,24498.29121680968,99.01437384794137,247.42156380680916,0
331,224658.67022358353,7.275478771484712,306610680,29630.179340549883,43.655512391137,678.7271003733641,0
383,117536.95994808446,2.830928276224821,178491112,39056.3576509077,127.26707400722962,306.8850129192806,0
166,114985.00856293151,5.595056158684043,569340332,18653.084488757795,26.92883240895809,692.680774475491,0
13181,14930061.414717041,1.0534707330375825,229942503,11633089.791727722,10270.269644947013,1132.6956539501587,1
10385,9763812.576529467,2.123527860744975,546966037,3656182.3207213655,3888.7937578772703,940.1841672151629,1
7991,11833388.342458569,1.726893172912626,285893339,5879107.5319826305,3970.11801932568,1480.8394872304552,1
101,34122.54771358624,9.835366082690275,231131692,3389.7139280534057,10.033280914633448,337.8470070652103,0
240,113688.92900651654,3.0839359236854396,305639132,33540.761640850105,70.80533578905136,473.7038708604856,0
10397,11681237.06836683,1.280014048532263,295123002,7416013.142741808,6600.695473760009,1123.5199642557304,1
79,46991.24899588052,4.370323599712153,673148025,9317.24266388878,15.663813713735088,594.8259366567155,0
5306,7422142.229528263,4.717153609048237,396535039,1451426.3069890074,1037.6071687557987,1398.820623733182,1
19889,27122345.761902913,1.0212539026733838,207958734,22064812.020891745,16180.276224482664,1363.6857439742025,1
18633,22896592.141034868,3.324060373500438,90508655,6705558.432095974,5456.911207380973,1228.819413998544,1
333,206890.033495417,8.227018647620534,62827874,24957.04027280028,40.16962185385596,621.2913918781292,0
48,16612.748531953792,6.584264065467735,697863259,2281.3043210787378,6.591480464605638,346.09892774903733,0
4972,4948170.815991068,4.561638068877314,35351951,1076393.6390105817,1081.5772882910662,995.2073242138109,1
83,52537.670786457034,6.374397753912717,440599017,7709.126291988071,12.17902264521308,632.9839853790004,0
445,127763.65619497189,6.691521918955487,708545980,17265.200527822944,60.134583368189276,287.1093397639818,0
27,13378.328604476597,3.4384842848472887,796170040,3159.249274723044,6.375963166951929,495.49365201765175,0
3629,5157475.951751527,1.8596505481455834,963551881,1826817.6233159415,1285.4196930888459,1421.1837838940555,1
100,49265.43867227103,2.691283427337907,574024881,15087.530493360337,30.624979498766397,492.65438672271034,0
14945,22045350.092432626,4.287323786341437,777762160,4352413.823966049,2950.591590809022,1475.0987014006441,1
6334,8120549.229455261,3.7694356898442325,585723101,1864581.6649732583,1454.3671779122838,1282.0570302265962,1
6251,7362858.045718971,3.114897676393743,122224237,2274507.4923668467,1931.0363240062711,1177.868828302507,1
9957,9338512.73800682,3.3812130637099562,115064244,2670987.429233266,2847.8862297458277,937.8841757564348,1
298,234718.56344160845,8.002227188301879,157661143,28764.923478329023,36.52010761677363,787.6461860456659,0
2203,2181773.7908339147,3.7957953139495424,932999559,461380.5101410654,465.8692244406658,990.3648619309644,1
3093,3554304.1964575127,2.0383057971001968,594698847,1349904.2640967923,1174.7035869953818,1149.1445834004244,1
5191,7344601.779934487,3.229348678292032,145051311,2176565.2570060096,1538.3475629660313,1414.8722365506621,1
16010,19348415.190329716,4.591676747830663,648372124,3692411.2090523606,3055.3150154889204,1208.5206240056036,1
17623,18493668.573870298,3.667087639135589,329434293,4627440.781736931,4409.584208282561,1049.405241665454,1
46,36762.30451361321,9.70537228773729,329163050,3663.578160451506,4.584168419538661,799.180532904635,0
80,55594.97764362797,8.212131926864277,926964570,6083.202826745862,8.753600536710481,694.9372205453496,0
4850,4430259.3374615805,1.1614033074387988,474279610,2708507.431500607,2965.1223646660533,913.4555334972331,1
433,126200.32330278165,4.654106215354996,662893871,23735.249436359656,81.436899185164,291.455712015662,0
12701,18415967.120496158,1.062971651982708,885444016,9451765.053584859,6518.629576177644,1449.9619809854466,1
226,99125.9574607727,1.3504421501889905,22961593,72175.39485556232,164.55467019132823,438.61043124235704,0
360,128782.03207522545,6.621526433030784,603844946,17823.58654241249,49.82442854699195,357.72786687562626,0
402,242173.91676704257,9.916112413591893,756452801,22691.256684562974,37.666670750380796,602.4226785249815,0
295,142018.46289480303,4.503074245226096,508570454,28337.69579011331,58.8629118192585,481.41851828746786,0
202,104577.42473719438,9.362255680139164,571542718,10527.435784964613,20.33461843133835,517.7100234514573,0
4827,5775450.483701436,4.982524437995534,476935925,1057879.3689661522,884.1533190198836,1196.4886023827296,1
428,185308.07200622838,7.4359014515533,855560479,22349.26404514801,51.619365026914984,432.9627850612813,0
15878,22517939.0924086,3.699145208669642,472718199,5397573.432296739,3805.973122420439,1418.1848527779696,1
152,15237.87139378956,2.5062132901310292,619577914,4874.884596786654,48.62768818311268,100.24915390651027,0
477,224413.66779817487,6.83775061091934,583859263,30237.869089130978,64.2717696164885,470.46890523726387,0
123,71561.76502983268,4.724447187887162,881206997,12765.997093214046,21.94213127374283,581.8029677222169,0
449,83333.96767896849,5.076199632408497,82226579,16154.920951406675,87.04205150923376,185.59903714692314,0
78,45063.19595858886,1.2246959990805144,378622731,28106.1994182067,48.64909174739264,577.73328152037,0
16501,20156978.841683283,3.7428021717345756,874176601,4365837.452127719,3573.9822104979435,1221.561047311271,1
11802,14819819.88621403,1.6147641713768182,450647975,7175236.144617053,5714.11377661513,1255.7041083048662,1
48,17916.864320321576,7.3237618527240596,363205533,2330.810503189605,6.244335066276429,373.26800667336613,0
458,326717.48961452534,6.546830430096067,683094845,45189.60807795957,63.347819316696096,713.3569642238544,0
462,330657.6236648796,5.514181299261535,844620719,51999.98721697577,72.65519490514166,715.709142131774,0
5327,7359698.966342433,4.2002937283074715,861368498,1454008.3153101665,1052.421074704168,1381.5841874117577,1
16062,20267412.799959503,4.589463463163728,511064888,3973590.8526682975,3149.0855249016154,1261.82373303197,1
5805,5670104.308074541,4.3895517222854945,418789755,1179222.4688824613,1207.2769846781266,976.76215470707,1
15232,19825745.240852244,4.901372533916282,609426217,3597617.3576572384,2764.027628021686,1301.5851654971275,1
30,19324.8891664816,1.7659313750780683,713901126,7792.820344954914,12.09759126350589,644.1629722160534,0
6145,6520688.711401581,1.9174631081506894,433697673,2773391.2387779234,2613.602629503098,1061.1373004721856,1
5970,8902358.327253057,2.7538268610023127,713058296,2567826.139055208,1722.0068533109525,1491.1822993723713,1
75,13134.21474624628,4.957664378571177,890230666,2245.973063151889,12.825127576396117,175.12286328328372,0
2861,2610126.0305643594,2.197533494821393,329073289,1033055.8942838927,1132.3487367800265,912.3124888375951,1
19420,18207005.54154105,2.421278993895551,904120420,5475133.442756096,5839.89998881078,937.538905331671,1
7457,8244362.914571066,4.592952255812941,492456318,1621180.0477595848,1466.3521901464221,1105.587087913513,1
297,124311.7605586848,3.442293671851095,225140086,33896.11613094938,80.9830578028013,418.55811635920804,0
209,33751.38517770326,6.554969252901107,346599909,4890.392950638214,30.28296827825005,161.48988123302996,0
427,222791.04145744786,3.7326154432945624,101534831,58107.01864011805,111.36757024437777,521.758879291447,0
9657,13456341.213850182,4.501622500487337,244721769,2835095.907466407,2034.618529903452,1393.4287267112127,1
7208,8970878.904750144,2.455238564563734,718171506,2826889.2784967213,2271.373645297454,1244.5725450541265,1
125,36533.483446828526,6.977815417646071,163306302,5115.930645226308,17.504252820129114,292.2678675746282,0
5103,7316230.226553794,3.2502208050921895,521697939,1939657.4324441433,1352.892346366854,1433.711586626258,1
19228,25861369.10154205,3.091040566247479,255889227,7726893.212315973,5744.966637421857,1344.9848711016252,1
2226,3071503.245429162,4.352921684327202,529279887,629122.5793436851,455.9418466195923,1379.8307481712318,1
16680,20154618.15164259,2.815959644798796,658409959,5800942.458627888,4800.870921090972,1208.3104407459587,1
3252,3922201.5199463777,4.805779302652368,340653048,762120.4851646781,631.894053671525,1206.089028273794,1
329,75693.61466268818,8.826454742272997,226182694,8361.498535155244,36.34299974079714,230.07177709023765,0
206,33888.1169518029,7.674423575066069,304416165,4247.2487298663655,25.818290216503858,164.5054220961306,0
470,104267.26855254224,2.4877205752416516,785282284,31856.76060689442,143.59901906987582,221.84525223945158,0
8855,10938223.463789426,4.612763115337716,520419133,2130885.469209974,1725.0507719392826,1235.2595667746386,1
13874,20302337.20536759,2.498192973518325,618411775,6514248.306596975,4451.6392419012645,1463.3369760247651,1
18732,25804375.850383252,3.2271396437127517,752148157,6484671.916859416,4707.37502239592,1377.5558322861013,1
306,67770.91412399388,1.2271361126343778,532884217,38505.75642957058,173.86162810037976,221.47357556860746,0
407,24616.7882294882,6.300397674510077,518269566,3610.20524410379,59.689083752612326,60.483509163361674,0
224,51905.55941286362,1.4816301662173896,66014115,33538.43001444382,144.73610164720782,231.72124737885545,0
17632,18978546.329477962,2.4048775493951235,733321201,6047592.2141924305,5618.509661881675,1076.3694606101385,1
347,74112.36159890053,9.501991589539857,153814126,7675.419719726299,35.93692854046817,213.58029279222058,0
175,108994.54569795907,5.212621488108611,663538959,18548.599324170988,29.78135154326997,622.8259754169089,0
420,244029.08072667217,7.843818805142245,795308044,28246.961178825743,48.61602420407806,581.0216207777909,0
113,46557.01534207637,4.580791327156845,749040810,8735.174794250053,21.201418185804048,412.0089853281095,0
15878,20450233.10941011,1.8177934898570922,973845970,7325528.028772378,5687.697221765456,1287.9602663691971,1
221,139766.81540458364,9.195451454929795,530002484,14371.238225201425,22.72387503840455,632.4290289800165,0
3848,4474866.782267777,1.1396462106248952,383026869,2938823.0751213804,2527.134715580537,1162.9071679490066,1
350,137301.0408939026,8.16406662184555,369397535,16089.71906019663,41.01499620400114,392.28868826829313,0
15304,19359432.976871364,3.898393147390516,133357639,4801743.4614809565,3795.8695392730688,1264.991700004663,1
126,82286.8041750282,7.2606218711865225,610287293,10454.54882765538,16.008315859280078,653.0698744049857,0
17198,23452273.72524002,3.2738595940317596,242477561,6669517.93620831,4890.884816147463,1363.6628517990475,1
426,317899.44712802436,6.092033993568967,497725781,48241.431858389406,64.64575562283899,746.24283363386,0
2191,2538640.3677405226,1.0766219422050116,376018631,1747603.9252706757,1508.28776258529,1158.667443058203,1
158,43681.02046668338,3.109830400103632,353070228,12613.997673564247,45.62648974611917,276.46215485242647,0
358,190259.12814241133,7.010811160307321,417867770,25611.435078476385,48.19161029283974,531.4500786100875,0
47,32317.239193843616,7.10649971463374,846802038,4063.373954488995,5.90949538466033,687.6008339115663,0
233,61820.46007817658,5.55697278418841,135789866,10859.483150264581,40.92916116787138,265.323862996466,0
5359,6569131.108808993,2.8224766257490064,416122083,2028386.8733296979,1654.728011075523,1225.8128585200584,1
205,54492.192887319114,9.910979614781793,610981613,5178.9007493621975,19.483059817662667,265.81557506009324,0
6992,6666129.651765346,2.77119254617495,363233063,2126746.8056196803,2230.711738550544,953.393828913808,1
491,164807.39519063628,9.863611695703845,767212419,15502.78637031401,46.186447513592256,335.65660934956475,0
13151,17439272.613638535,1.6595391062605538,98569502,9919337.481028939,7480.197718280558,1326.0795843387223,1
9678,11622414.492161347,4.872305525802934,21588887,2374880.516783506,1977.566163806344,1200.9107762100998,1
11497,14813998.07778249,3.647654530548046,98958695,3953970.4757262557,3068.6380760101665,1288.509878906018,1
24,3478.793427982734,9.139237974944715,822627610,349.2110386673161,2.4091872948246764,144.94972616594725,0
14392,18682458.938161444,1.0275118488785973,692337945,10862843.374262847,8368.172645788576,1298.1141563480714,1
453,327390.57795075496,8.705192491123691,683652566,34870.16517567842,48.248745957980304,722.7165076175606,0
8511,9047022.003495695,2.195428541036123,818663000,3001575.0617798734,2823.736400877281,1062.9799087646218,1
168,63532.33129102743,9.461987250141565,347674032,6476.506116137536,17.12597358543287,378.16863863706806,0
391,106774.10544987167,2.560087476777528,858562553,31232.827145169962,114.37263147566021,273.07955358023446,0
11175,10839189.514895946,3.384327820953224,200556420,3023581.456569933,3117.255467370003,969.949844733418,1
10662,13809388.419820676,1.1809967560755514,779772433,7042842.419576892,5437.661943794026,1295.19681296386,1
15159,19619055.1936385,4.492077576118865,637315010,3824830.1069275695,2955.320682808176,1294.2182989404644,1
9347,8472930.719242908,3.2423192360041946,328784374,2372636.4856809503,2617.398154961127,906.4866501811179,1
3716,4378893.594232893,4.119953307642177,509851703,945805.1870796862,802.6255946974692,1178.3890189001324,1
13460,12656983.238411373,3.3403137688248123,407366383,3377284.8070421545,3591.555163384497,940.3405080543367,1
326,178469.0431665068,7.297346854895285,138692571,24000.550957947544,43.84054216613439,547.4510526579963,0
12956,16075604.997616282,4.49243537105691,199104446,3426509.339038458,2761.566672182171,1240.7845783896482,1
239,188293.69614400645,3.216197448735401,41535944,57798.98888100939,73.36389175767398,787.8397328201106,0
15558,15082248.664949484,4.1282030770550335,117037912,3552742.636715827,3664.809616252933,969.4207909081813,1
59,46738.59089393871,5.121360949906251,319703424,8589.972049969356,10.84346663548895,792.1795066769273,0
8837,12713315.938347867,3.3105270173776904,303637712,3517635.993458695,2445.1016103855372,1438.6461399058353,1
16343,16260996.383655634,4.583536724770639,222418704,3383509.611077519,3400.5725276109215,994.9823400633686,1
10848,15195385.592252107,1.836237494827384,465293807,6602293.690373527,4713.3836465256145,1400.7545715571632,1
8509,8590715.590497201,4.363634841611629,599572551,1730879.8345371555,1714.415563747495,1009.6034305438009,1
302,192770.88215742286,8.412612496740762,110627230,22617.09025414651,35.432536181342755,638.3141793292148,0
15269,14443572.442813024,4.730219513677248,733413782,2643583.7950985073,2794.6604710972506,945.9409550601234,1
24,6977.605952334451,1.2939315470604629,692429509,3512.7581317834997,12.082395557834307,290.7335813472688,0
407,193740.02611641368,6.573151288482235,922358285,25847.4789761901,54.29917686182309,476.0197201877486,0
63,9204.632578368797,3.0158429127857302,484454418,2629.671627439314,17.998471000135883,146.10527902172694,0
438,51173.404019670306,1.3963634144961796,449537938,27722.71874142647,237.2824525035969,116.83425575267194,0
14719,13660284.511283677,3.725412052965395,299153303,3394226.0351259494,3657.2893463347104,928.0715069830611,1
382,294932.06572747644,4.361121506194348,833718626,56774.04082171331,73.53450544755066,772.073470490776,0
17161,20982235.765858058,2.652690068830878,120686500,7565592.066245499,6187.764111396617,1222.669760844826,1
5907,7288037.72332054,2.581037261724631,125220559,2693031.560965276,2182.7188654251477,1233.7968043542476,1
448,99843.79815640207,1.3772369504463178,78495583,68586.63653001608,307.7488410177931,222.86562088482606,0
265,78199.9301889985,6.0133646194753165,939200270,11247.637588737407,38.11542994746483,295.0940761849,0
64,43456.568515670064,9.623062080274904,215669318,4416.887376688586,6.504903671953234,679.0088830573447,0
144,75753.68893656245,9.247784900788597,658034658,7647.392372431476,14.536909252727197,526.0672842816837,0
7316,10012518.975853613,2.2593033174065953,636633510,3457436.9444447258,2526.298201936854,1368.5783181866611,1
192,105016.45210700223,8.420243658440942,34613597,12420.842710197283,22.70883992470039,546.9606880573033,0
127,43242.22481629763,8.60199318181202,708930454,4644.246533177201,13.639892771918769,340.48995918344593,0
290,121270.81486051812,4.903935094162158,60539487,24427.72399735588,58.41504377933838,418.175223656959,0
11221,12288416.90004922,4.606332021148271,168660858,2573494.2880671145,2349.9511484091518,1095.1267177657269,1
318,249306.4484902195,8.456393205057168,926627203,26569.956969947638,33.89100589901035,783.982542422074,0
11170,12370592.471546669,1.935587725888814,734839509,4632439.450109837,4182.851288387596,1107.483659046255,1
212,75505.30183529654,4.965161752110766,143013743,14781.266208955745,41.50209800013987,356.1570841287573,0
22,17561.299546252554,5.089628390319575,820906059,2971.1863955507815,3.7221676294489163,798.2408884660252,0
132,37662.83059891751,7.19241001366716,850813768,4682.554112787715,16.411330031730103,285.3244742342236,0
15380,16676993.096272288,3.4910136129593643,199537919,4518834.909051722,4167.398793056426,1084.3298502127625,1
256,122473.15866361071,7.986614297643531,825717230,13897.929087145993,29.05020075526549,478.41077602972933,0
333,103897.05835895617,9.081681821630097,236067454,11150.445808913473,35.73824430658781,312.00317825512366,0
10307,11351861.444750002,3.6468747305758265,329885449,2854550.1695203623,2591.808289807251,1101.373963786747,1
8548,12556592.487017758,1.0948310145780735,234515334,9445689.229483975,6430.2279155039705,1468.9509226740474,1
7695,8207729.026298845,1.9259008550611925,154318968,3945606.5822027326,3699.128291488087,1066.6314524105062,1
7450,8582418.21114388,1.2024898890762965,41604850,6898524.639302045,5988.289931626433,1152.0024444488429,1
3881,5697516.103505486,1.114609710310618,135787448,4556565.140633608,3103.8138356324534,1468.053621104222,1
323,186148.1518313881,3.7578954043303443,490110651,43820.12393739688,76.03567315887031,576.3100675894368,0
8785,8232699.533557785,4.8952016534285985,151904154,1631172.3684176502,1740.6015120724771,937.1314210082851,1
282,44458.52289912834,3.443428022884402,56620918,12702.25749697501,80.57030194804746,157.6543365217317,0
31,11276.773515749122,1.4551579344180596,701525546,5228.756847325223,14.373921941476013,363.7668876048104,0
395,99519.22953723627,3.0188670296817364,376201735,29312.875948939873,116.34521341927177,251.94741654996523,0
303,29516.381124287826,1.858248291457032,543128750,12291.439709267313,126.17760342047544,97.41379909005883,0
419,128079.39111136147,1.751724232120169,699204678,52257.489224802426,170.9555908659368,305.67873773594624,0
5982,6799998.954142681,2.970141522857157,128593837,2194443.269416896,1930.4649495062895,1136.7433891913543,1
40,26240.796947279596,2.94625475367876,43640858,8776.492679136036,13.37839349432701,656.0199236819899,0
300,77534.70963937076,5.926733563417533,477062307,12107.6172957892,46.8472146943122,258.44903213123587,0
9108,12718538.10081392,1.5022623145490055,364379165,6813594.49051074,4879.351551858025,1396.4139328956874,1
11021,16373013.822763707,3.788654768551922,407238499,3902152.123215584,2626.6159068507864,1485.6196191601223,1
439,66009.14706316419,9.061209498399549,477330418,6920.256940967988,46.02381536876836,150.36252178397308,0
5406,7544823.410800818,1.9621263407205949,743425032,2788645.40768784,1998.1139720751048,1395.6388107289713,1
24,4216.189399789369,1.9503239137897599,150978122,2006.4651953781329,11.421489910173605,175.67455832455704,0
13563,12867730.52212974,3.68508330091653,835492488,2846480.4314703937,3000.2815201668623,948.7377808840035,1
3170,3174555.5025923406,4.953683975853924,437249182,588869.3867345406,588.024356299373,1001.4370670638298,1
208,110665.85653119185,6.200263452259763,934933684,15509.852694722094,29.151261840122423,532.0473871691916,0
157,59085.37623620733,4.909253483270959,344820027,11245.63181704708,29.88157658873397,376.3399760267983,0
35,7319.584990363503,5.506398332530042,792133876,1162.1096388854944,5.556850205925729,209.1309997246715,0
7002,8638468.337877205,2.115752304293907,126773251,3852115.895617984,3122.372444528202,1233.714415578007,1
415,37226.643625116056,5.712404924373505,600923360,5896.516377464156,65.7339490846993,89.70275572317122,0
6654,6828275.8041154025,1.7800359217544632,65985129,3698915.459996898,3604.509275384769,1026.1911337714762,1
279,37972.881576832646,6.422228476331096,540973465,5453.364974443595,40.06777375562742,136.10351819653278,0
9498,13374440.914575716,1.3730857871126796,319242251,7902983.708460672,5612.387070412408,1408.1323346573718,1
5009,6809722.594516598,4.558306473321968,23213953,1486345.571088815,1093.3051768626974,1359.4974235409459,1
185,30730.826154491184,4.861561323723993,78967903,6220.1486408103765,37.445381154575486,166.11257380806046,0
15095,16518333.88989132,3.7694172246176567,692093943,3702407.8320780555,3383.3827671578774,1094.2917449414588,1
440,238178.4610170502,2.968425000158853,911967468,61379.99260937124,113.39059221727868,541.3146841296596,0
382,54987.45017893518,8.64501765603162,392210593,6084.548122907855,42.269597433364936,143.94620465689837,0
7543,7360699.670523568,3.37656745102583,119588697,2105369.2566563208,2157.51233086637,975.8318534434003,1
5809,8162861.386615605,1.3263948800193535,999496742,3509562.229528372,2497.536834909182,1405.2093969040463,1
143,85220.61409995829,4.837585211214603,197276570,16926.107965450403,28.401971337831423,595.9483503493586,0
213,20726.691855180212,8.249733222184513,602946059,2341.290268950862,24.060512443132357,97.3084124656348,0
378,162617.91186831472,2.493109219337076,298045321,58261.88035029978,135.42782907117373,430.2061160537426,0
235,73392.69557264358,8.558383169831394,718410879,7911.428796016973,25.33202728906148,312.30934286231314,0
473,278545.8861023826,2.356187383007504,186201507,109560.6919921525,186.04549518724647,588.8919367915066,0
464,336954.6852223429,8.062927136424893,181209816,40872.03877941796,56.28242260865415,726.1954422895321,0
9697,12108811.21429327,4.350123336304223,15614614,2773600.099714981,2221.159426054024,1248.7172542325739,1
17034,24777183.578349758,2.0878182375927947,325659284,10266175.40734245,7057.86560993461,1454.5722424767969,1
498,45531.0109592176,6.341152444342514,792963467,6382.151835636418,69.80542595449437,91.42773284983454,0
16022,15633669.695244048,3.6602239560265244,272449038,3975329.1766161537,4074.0737977290205,975.7626822646391,1
8638,10360267.504740667,4.326073332448894,293183236,2242843.053036899,1869.9978821268558,1199.3826701482596,1
18999,20384995.0287617,2.608108867552963,209520845,7234802.691760202,6742.901636562322,1072.950946300421,1
9454,10339234.211134583,1.0001228753815297,233460187,8381465.7694585025,7663.853605243497,1093.635943635983,1
6054,8410009.745053349,1.0515898791581018,620212108,5030505.89104128,3621.2422562621796,1389.165798654336,1
220,103246.62888830288,6.091704555519603,267396606,16236.041268390602,34.59608432261953,469.3028585831949,0
448,354698.7553661358,4.419811710688552,969493210,65815.30653508069,83.12760301986444,791.7382932279817,0
16166,15335442.106066866,1.379861100913506,342407078,8904212.650402239,9386.459204163159,948.6231662790341,1
432,53939.89963470676,4.996932012159568,282659343,10216.680800871663,81.82451461471936,124.86087878404342,0
212,62925.88542230804,6.244430044102134,972643764,8719.03032939268,29.37478618578094,296.82021425617,0
9493,11917330.149295487,2.610814883978241,836031599,3457458.928950715,2754.1116341791912,1255.3808226372576,1
7594,7379372.2865574695,3.5295850258620343,311998675,1920919.303385625,1976.788895240247,971.7371986512338,1
279,104679.09929008433,7.78124899593637,988912741,11935.82312732254,31.81241217308057,375.1939042655352,0
16220,14848011.62386908,4.121391450960634,148354133,3477493.291320651,3798.8211899394387,915.4137869216449,1
12450,12893467.98001123,2.9682179575296024,219262151,4045034.8052396285,3905.906727600956,1035.6199180731912,1
45,12625.919162476599,1.972401034387664,119594060,6035.348360208398,21.510566693356278,280.57598138836886,0
230,155477.40461642502,1.7742894132964888,968399282,56687.95182007255,83.85931673340588,675.988715723587,0
481,45977.97696805989,5.89910398870889,196129833,7543.267135102174,78.91411782873072,95.58830970490622,0
446,116460.42176708583,1.3742106386193438,640666501,57800.259617362004,221.35344693238196,261.1220218992956,0
19627,28238565.602652133,2.2310836211725964,257373415,11347821.237084657,7887.216743025454,1438.7611760662421,1
450,148485.88257919697,2.2211948601305136,605442314,52530.9310788612,159.1997742470864,329.96862795377103,0
415,240403.8239077057,9.969090906600842,242513773,23542.218040221152,40.64003778260458,579.2863226691703,0
2599,3780153.5721920496,4.766307410935735,967140620,659315.9215528992,453.3048849447453,1454.4646295467678,1
460,356612.77463432885,7.3189670870241335,550269187,45317.32968947517,58.455482080063064,775.245162248541,0
15945,18294780.156165544,4.025015165689737,793408949,3796838.908470298,3309.1732110897246,1147.3678366989993,1
47,22983.0499581472,8.110133574038938,410706232,2697.275207762798,5.515888230487549,489.00106293930213,0
15778,14926519.657250894,1.248147054515126,713190157,7610379.066698179,8044.511625724752,946.0336961117312,1
2272,2189759.0037451033,3.632408872225968,490227437,531155.0278749265,551.1036699782454,963.8023784089363,1
16414,19224929.640037056,2.6028166673378665,707920818,5806842.048086793,4957.807761168634,1171.2519580868195,1
17540,20437959.721879143,3.455917825093575,636657907,4993911.184491145,4285.809511709961,1165.220052558674,1
5590,7206959.105178581,2.8215325419224304,878603985,1947754.9146471445,1510.7550652055138,1289.2592316956316,1
19848,25029996.03320954,1.7220729135696944,351056252,12073534.273167834,9573.93312950946,1261.0840403672682,1
4560,4548703.933714385,4.472677181306016,754287803,870238.0726428983,872.3991864669877,997.5227924812248,1
10693,9999443.285644513,3.9374627059688736,224910848,2402341.634164459,2568.966927488787,935.1391831707203,1
6386,6193696.528808359,2.4545814356777984,18301847,2504645.7195106363,2582.410599292347,969.8867098040023,1
142,79805.4193286566,5.862510038686789,398448159,12746.5184735049,22.68023448111571,562.0099952722296,0
432,71784.31601952064,4.566813629483985,650453550,13758.987904970681,82.80196990845447,166.16739819333483,0
440,52648.37592322233,4.343918601878869,814190895,10206.913202420275,85.30257069304955,119.6553998255053,0
17848,24934784.039351463,2.8796614881343814,344399517,7733967.812532804,5535.875398007886,1397.0632025633945,1
8411,11751779.75601656,4.165639002027902,143750673,2727017.197844953,1951.7845064557878,1397.1917436709737,1
8396,8182804.610792153,1.78078865828753,537444793,3529758.664403484,3621.723254548381,974.6075048585222,1
409,243080.51499191765,3.931163218575579,173024967,59227.429153039084,99.65429982900285,594.3288875108011,0
421,206154.2136798874,5.225667988110703,798594404,34220.65644913879,69.88407419825143,489.67746717312923,0
8089,11209776.821012868,4.580261155404983,861281909,2060036.406647206,1486.5268737672866,1385.8050217595337,1
265,32790.512470387715,4.076625569482829,276539126,7532.568777931517,60.87525249733462,123.73778290712345,0
13380,15573161.075622667,3.267571184998144,618288819,4007648.515283492,3443.253227402268,1163.913383828301,1
18081,20430250.219015356,1.46583572192685,929142180,8530454.582724312,7549.547737143275,1129.929219568351,1
114,76056.33262675598,8.518352772558215,327881283,8597.594428215327,12.88683967483001,667.1608125154033,0
8748,8230690.648968825,2.057887266668763,937051585,2748199.8987667914,2920.9277495350743,940.8654148341135,1
44,17141.78528583952,6.683129133247186,62565460,2541.144584725107,6.5226789312469675,389.5860292236254,0
7798,9849292.83934747,4.83178343970455,946987227,1704392.4058270701,1349.4219531724302,1263.053711124323,1
11145,11266514.367071755,2.9133419266822234,255924639,3554927.9726322107,3516.586493758976,1010.903038768215,1
72,32206.8250427246,8.08967969472133,973981001,3553.4014482612342,7.943810168664957,447.3170144822861,0
474,183417.5902963336,4.364272979803022,701654894,36206.11956297769,93.56627488740091,386.9569415534464,0
17310,21789922.692576393,3.969174152681051,580261259,4789588.316086205,3804.8677327202286,1258.8054703972498,1
13410,19178161.804466553,3.0468297884588034,88562183,6116671.210184777,4276.977207975923,1430.1388370221143,1
407,26628.899548840775,2.3079402317845368,110850498,11009.178768935024,168.26590038909862,65.4272716187734,0
7452,11153774.989374455,3.2954633987083852,866904072,2679670.9007232888,1790.3272722655022,1496.749193421156,1
346,45853.88761126094,9.638119183643651,189261413,4665.931797423358,35.207754151515154,132.5256867377484,0
132,70979.49068183117,9.124874091680578,195786752,7615.28521123643,14.162085952252644,537.7234142562968,0
7831,8441563.408663318,3.356858457391422,331517912,2288693.604784201,2123.156428662432,1077.9674892942558,1
207,31304.609313012676,9.856283628512172,79721839,3150.6231971559982,20.83332186931956,151.22999668122065,0
298,236085.71611791078,2.4946736710016233,791623662,71839.42662372424,90.67956116064948,792.2339467043986,0
209,71641.69117760516,1.4227569198832581,235071309,43214.182223127085,126.06854941828685,342.78321137610124,0
19726,25688392.601086795,3.689559251194818,609110194,5975893.919873754,4588.86179816648,1302.2606002781504,1
17327,15843861.247216433,4.063886299420716,366668256,3576044.7251082174,3910.7971210512874,914.4030269069333,1
4031,5941824.041404782,4.954159948182827,426746759,1104242.159313634,749.1302524571048,1474.0322603336099,1
113,47787.96037429261,9.668431243585598,728014532,4596.567077425158,10.86909915553665,422.90230419727976,0
11281,14130786.037981084,1.7161265497663352,482601772,6426799.481360753,5130.69299573013,1252.6182109725275,1
18878,21940595.17760209,4.689737134624497,548662382,4188415.7762255026,3603.772476705737,1162.2309131053125,1
11190,11686861.836079525,4.129703248851151,533895917,2505974.767654922,2399.4343428864813,1044.4023088542917,1
235,83543.9356966448,7.5721900092208125,685789746,10116.752301775397,28.45732333642858,355.5061093474247,0
459,298981.99646545027,6.510481891244852,361604945,43506.72562642187,66.7919383060086,651.3768986175387,0
463,225937.62203898895,3.453855825812362,354814866,59321.91053553023,121.56472361743639,487.9862247062396,0
145,15096.939009481914,1.6117596983746334,824850841,6195.876922274419,59.50889469484724,104.11682075504768,0
187,87133.66487526779,6.870475998091452,656011084,11576.936746838232,24.845588381457322,465.95542714046945,0
169,27050.27725292961,6.116970300441508,753577967,3937.13517465801,24.597745830687998,160.06081214751248,0
347,61580.42609925521,9.94673489181018,855871478,5700.51559699081,32.12187763961794,177.46520489698906,0
104,82548.36242767567,4.90646958472861,894707776,14229.587770663826,17.92739534288914,793.7342541122661,0
18234,20987948.85097232,2.2113195559149688,463045789,7847824.116805414,6818.066213230769,1151.033720027,1
482,86508.78025403315,4.14868945762769,952365368,16958.998327054476,94.49026063755146,179.47879720753764,0
4987,5116982.742632339,2.2600420287336984,332854574,1973461.9333595827,1923.331610964429,1026.064315747411,1
3073,2845564.7008263003,2.4193274221726506,856156506,868746.3480896404,938.1819808575236,925.9891639525872,1
4156,4768768.2715826705,3.779812477372191,840763924,1032072.1609898001,899.4548815956764,1147.4418362807196,1
96,37055.901917377545,6.490971298326112,289074835,5465.435070601635,14.15919569162355,385.9989783060161,0
13664,17987432.367804516,2.676397891668341,784910273,5196715.089229292,3947.6404151114557,1316.4104484634452,1
4181,6040746.653206061,1.0258574311588422,392168325,4259969.6281746505,2948.4654857930936,1444.8090536249847,1
15058,15127952.846498976,3.3393112452231635,951977314,3525270.472428341,3508.9693438667045,1004.6455602668997,1
11456,12796217.471099405,1.1237235255742641,538483031,7698331.726877469,6892.0435638338,1116.9882569046267,1
172,13192.011049856595,9.069171926221092,479597051,1381.5404981863712,18.01279310561516,76.69773866195695,0
2220,3077134.571826324,3.352374550421788,771691218,746141.0037124341,538.3037334173158,1386.0966539758215,1
348,168213.10561774258,3.661728063355186,776466322,37901.24789774853,78.41026547829985,483.37099315443265,0
17207,18034901.324303865,1.7246874034000803,242302497,9168781.863412526,8747.884265445462,1048.1142165574397,1
4068,4702200.583067935,3.3761978622672446,495728479,1214434.4103222145,1050.6398214870437,1155.8998483451167,1
306,57269.063003388175,2.595938979015455,77642269,21420.356327640253,114.45322644566632,187.15380066466724,0
107,38116.77036817767,6.210798818987307,265712968,5885.385778925376,16.521239136009267,356.2314987680156,0
187,103779.13436541003,4.487061663302848,208974984,22099.302488411202,39.82081360191317,554.9686329701071,0
10334,10254120.487664144,2.063990772370632,584851251,3871171.023863421,3901.327413572993,992.2702233079297,1
98,53962.73281400265,6.963111259649066,769085185,6978.965575990589,12.674277057176841,550.6401307551291,0
128,75893.31469937866,1.1705086303691912,159863902,57046.66388761366,96.21365210543807,592.9165210888958,0
14478,15037553.152750174,3.553955139196542,633016840,3591510.3390865778,3457.8688541350716,1038.6485117246978,1
12724,12506103.737949904,1.0037176674798443,468631436,8493979.932063786,8641.972185758992,982.8751758841483,1
18932,19754402.869985078,2.6650511227516294,34533367,7317571.6281443555,7012.931090644178,1043.4398304450178,1
18955,19444307.525213674,3.0488588307082063,973072167,4834570.1446130015,4712.910293786994,1025.8141664581206,1
176,50072.9332022583,1.7535244406081356,136970418,26486.680444676884,93.09731745558877,284.5053022855585,0
306,237019.2895594143,2.3623405413694742,616565483,79565.88345534755,102.72227371280336,774.5728416974323,0
5084,5881732.290170824,1.7298321626099602,567018203,2560781.6591956564,2213.465916683638,1156.9103639203038,1
12937,12786105.996989315,3.0178237666774215,887258698,3274221.7642375724,3312.8621782046434,988.3362446463102,1
486,172397.6166743875,7.706932684217511,29268923,22284.529983493278,62.82152723974837,354.72760632590024,0
6239,8655031.329049889,1.7945264554474765,323030376,4087272.275537303,2946.319979395911,1387.2465666052074,1
17906,25205820.068252597,4.005115697495068,785177520,5261853.277831954,3737.9757745525603,1407.674526318139,1
49,15240.866374163304,6.77411710016495,268140504,2164.2017703455654,6.957995965813619,311.0380892686389,0
198,48296.05456228646,3.406737506248969,287516379,13073.290591946312,53.59674947913226,243.91946748629525,0
292,82876.92187707436,5.370821788008494,466854860,14196.901759769029,50.01989962900993,283.82507492148756,0
55,9270.49114041789,8.065752915157812,817430423,1043.6001135534818,6.191474149109013,168.55438437123433,0
3462,4155603.3581673233,4.413316866235151,625884311,824655.180852964,687.0136512191182,1200.3475904584989,1
9037,9825373.662912186,1.9742845034585277,225039234,4467452.197040392,4108.99034375125,1087.2384267912123,1
9769,9285954.469197696,1.0205585103422412,784486965,5144443.503528384,5412.052013896088,950.5532264507827,1
347,244539.99288342602,7.766426313610131,169397359,30814.695861683078,43.72576991568539,704.7262042750029,0
17240,25721008.85239946,4.4340258182062176,420219548,5298662.698729923,3551.5304026491212,1491.9378684686462,1
215,112334.27796662718,7.099509170811884,594211202,14600.774725787374,27.944867967877844,522.485013798266,0
2463,3471497.0538949315,1.2145391660833234,572936363,1942122.841634218,1377.9209616721903,1409.4588119752057,1
7417,9118057.642724648,4.282208557022875,812589745,1789679.8071680972,1455.7985538024343,1229.3457789840431,1
18766,22262482.01421448,3.311311886045743,184954287,6367502.047139822,5367.440312375346,1186.3200476507768,1
391,293664.7719031336,8.466064441147449,653795938,32200.577606933304,42.87346338042862,751.0607977062241,0
272,201938.7912781625,7.039116824796189,609860702,26400.75625411669,35.56030842646867,742.4220267579503,0
170,87190.67306889947,7.528344402113717,241810933,11221.226514594953,21.87858449003736,512.8863121699969,0
89,28377.568630648006,1.4247703152764108,483168817,14873.414015461807,46.647190413151094,318.84908573761805,0
406,213525.5399533508,3.4350333083919224,487412684,54436.83364092468,103.50684261491122,525.9249752545586,0
10543,13174292.289122144,4.102021186875998,46021853,3176025.938611278,2541.6804740567914,1249.5771876242193,1
53,17657.521521197,2.993655449017952,460387563,5112.131337033051,15.344337003214058,333.1607834188113,0
101,38995.2933871317,2.54436730358671,557979100,12569.612903977502,32.5560033796455,386.09201373397724,0
17706,18591012.0034341,1.4875523301290818,315096272,10313164.74074677,9822.21381310129,1049.9837345212977,1
13357,15348360.300228663,4.476699429612349,739560020,2942407.3799414425,2560.6471704532714,1149.0873923956474,1
9951,14050269.48658831,4.270493513217945,745376895,2801162.777963424,1983.9029301268222,1411.9454815182705,1
10633,9863573.13367828,2.8321144663354745,776633475,2733239.6980954306,2946.4512825091047,927.6378382091865,1
409,118840.30270195741,3.8876908847485923,410828760,27646.797624187206,95.14903590115411,290.5630872908494,0
3551,3997889.7191465907,4.682765603114478,303918244,801713.0906463924,712.0964771116921,1125.8489775124165,1
4659,5627082.474489365,2.674780573310737,134831829,2002796.7095608735,1658.2358463994015,1207.7876098925444,1
441,265621.26719386975,2.5103313608142575,541992544,87022.63438520413,144.4800793600036,602.315798625555,0
116,67525.50316800948,9.359271646190967,247831683,7028.705828825091,12.074399121693281,582.1164066207714,0
190,116010.41839688334,4.139487167127671,906242208,22991.80351779131,37.65560652867802,610.5811494572807,0
247,182582.95661183965,1.9954323898584476,463980861,74238.42111451172,100.43045832732085,739.2022534892293,0
13113,13961463.605818989,1.2153220996338363,535427696,7974562.464971999,7489.9337602107835,1064.704004104247,1
8256,9630706.924312677,4.209607137805297,754139430,1940209.233641608,1663.2597750957218,1166.51004412702,1
165,115642.95592308688,8.89706913942852,42566130,12935.981439708055,18.457128845542695,700.8663995338599,0
5779,8629805.692916322,3.139866693637776,303759505,2506022.778061709,1678.1728522933317,1493.304324782198,1
489,312495.502245453,7.791124250851629,586273859,37302.21461935364,58.37134556431634,639.0501068414172,0
382,98416.76310775604,8.717775469767314,148867545,11099.664545402788,43.082821690664936,257.63550551768594,0
3867,5693868.863434175,1.0279290475213925,523468471,3670154.680188539,2492.5913273894907,1472.4253590468516,1
491,54402.806358167894,4.035975479611889,248331328,12698.15837220409,114.60430404462274,110.80001294942545,0
403,44514.613746456285,2.233188190326886,803692626,14658.004853906914,132.70194794388718,110.45809862644239,0
9995,11498616.509627901,1.2457005170393307,544889117,6421692.771497041,5581.960159934924,1150.4368693974889,1
8568,10472021.990825541,4.909985032835573,386537408,1977150.4997481871,1617.6651936640003,1222.2247888451845,1
266,211576.4377134394,1.542042504102677,277579045,116274.96817553935,146.184243713301,795.4001417798473,0
19517,28289589.962553043,1.657147373089637,936013762,10909306.629560899,7526.335226879513,1449.4845500104034,1
447,33686.34186596488,2.114614240352357,46754929,15585.649292878003,206.81335069378324,75.36094377173352,0
4757,4503518.07826735,4.285000618238817,882393266,871525.9914680843,920.5801041235567,946.7139117652617,1
11743,11758101.538756883,3.9515216606749695,446431292,2673539.636572339,2670.105871154795,1001.2860034707385,1
17323,23588132.281991776,1.8491425666743653,793690697,8925319.88537063,6554.707872836294,1361.665547652934,1
206,147755.8893423692,1.1294311238573767,855642027,74433.47328462514,103.77451325208149,717.261598749365,0
181,61362.60351836754,5.533375483756637,615557571,9979.390403494343,29.43600107338681,339.01990894125714,0
115,65725.09108818769,5.009076367608591,719692809,11472.811883668299,20.074120016837465,571.5225312016321,0
12891,17762049.167159487,2.788804128865752,692366184,5102321.222697519,3703.065015910679,1377.8643369140864,1
77,9602.701672557472,2.4019593452215315,547020689,3256.278971414733,26.110722726655005,124.71041133191522,0
7529,7724291.551892838,1.7438460302296708,46894926,4313461.154178328,4204.404871518654,1025.9385777517384,1
482,278452.09139883204,4.1709434882728535,442065462,60362.356631101255,104.48711571901248,577.7014344374109,0
9996,12017322.803307045,4.791118791876919,339949433,2342070.359743718,1948.1323502066236,1202.2131655969433,1
9798,11626750.412677592,4.925030309565107,979935132,1968978.5702786315,1659.2815143390656,1186.6452758397215,1
4460,4404752.247638672,3.510675508635235,807729320,1019995.2117575614,1032.7887673767525,987.6126115781775,1
333,174099.310790052,7.711458995843086,250260049,21867.050295227196,41.82513828036781,522.8207531232792,0
80,23371.22498562365,8.382916793324808,582592223,2606.792870663367,8.923085109203765,292.1403123202956,0
109,54651.03430285643,6.572512398187525,276526819,7979.372371778915,15.914640950874789,501.3856358060223,0
116,23843.714857332732,3.176543758738178,677597166,6186.518688066005,30.097498318092814,205.54926601148907,0
6151,7700480.379096809,3.5711802820252365,112023583,2090701.6448963373,1670.0134517147762,1251.9070686224693,1
7840,7964624.679553268,4.295990607519913,950511802,1518082.72595115,1494.3288667463714,1015.8960050450596,1
311,137709.92198251953,2.621427829593573,700540940,41454.309638006525,93.61918234952262,442.7971767926673,0
18149,17121152.59290335,3.735480499636128,325497817,4216016.7471875325,4469.120144190661,943.3661685439059,1
14388,16060409.668979133,1.222963414349767,373967988,10057044.181952601,9009.779617852788,1116.2364240324669,1
14653,15807456.259032357,1.3223232491460544,385514128,9255832.241737207,8579.856721771977,1078.7863412975062,1
7471,8892851.817081163,4.395695477904291,529343805,1805640.789089718,1516.9422152495722,1190.316131318587,1
292,52458.959071443074,4.085550683249057,926992751,10465.537059092256,58.253859309200244,179.65396942275027,0
360,167234.82336864385,7.432261077121607,577581750,20878.66478507929,44.94470213335865,464.54117602401067,0
19296,19629334.545065187,1.3238149444627525,713949679,9632778.152615713,9469.199620911322,1017.2748002210399,1
3552,3989781.7017769236,3.3974919714879452,42192304,1159926.720661286,1032.6529168134543,1123.2493529777375,1
9162,12302336.531740205,1.0153485820312036,418455415,8580208.004171489,6389.994740543752,1342.7566613992801,1
224,56050.71185728324,1.4906073469404366,923574030,23217.274556362438,92.78507494904207,250.22639222001447,0
16259,19387730.182287447,4.4905035419435855,822125721,3649366.2973096725,3060.4431808199097,1192.4306650032258,1
7599,9068867.27700846,4.846202928550265,436582849,1716682.7614982107,1438.4456080526156,1193.42904026957,1
436,165172.11396933583,5.9820267939612215,267112119,26431.17976250383,69.76961243343473,378.8351237828803,0
9011,13197469.091230953,2.73477732528152,529184518,4043389.514003169,2760.755312917667,1464.5953935446623,1
3212,4326226.885561248,3.1783817948429975,841622656,1076174.6506658806,799.004090487124,1346.8950453179477,1
2143,2507760.5260369433,2.607505084946958,919998950,710916.4160246387,607.5117076463454,1170.2102314684757,1
15647,20294508.04214798,3.538976564416118,941139277,4529906.984666962,3492.543620268119,1297.022307288808,1
218,91270.11287216512,2.836579496919405,115395704,30918.31965381642,73.84885886985195,418.6702425328675,0
7555,9208140.518334968,1.8641257615722888,626110361,3697697.7543894197,3033.8488513274256,1218.8140990516172,1
305,85935.22194302447,4.843945408243089,910971609,14932.486721449202,52.998157764247175,281.7548260427032,0
235,132468.92570395567,7.365510207151004,716106475,16391.38936105761,29.078340292854914,563.6975561870454,0
12151,11222165.785549723,1.8239201435078467,976176584,4007777.901136194,4339.492947022113,923.5590309891961,1
17613,17313947.473346215,2.3346435625347706,657750611,5785984.890116962,5885.922434875823,983.020920532914,1
202,121427.33809564562,9.448431718366315,84811073,12737.254337591725,21.189012429531246,601.1254361170576,0
358,111987.56357399424,4.764619999841374,637650428,20729.72189560343,66.2684337598125,312.81442339104535,0
375,55628.23064634961,5.475284979317902,334332427,9575.19691156503,64.54814039771212,148.34194839026563,0
392,137705.7917220804,6.527198585687662,959648838,18393.02765625924,52.358486531961354,351.29028500530717,0
103,72464.6989763837,6.2552736033502185,378534506,10923.544634076192,15.52652689106632,703.5407667610068,0
13332,13453195.76857644,2.4243723406656867,774582463,4205497.293416088,4167.611241247561,1009.0905917024032,1
200,91231.46967312519,7.658810439403632,581209358,11071.753699168483,24.2717863448603,456.157348365626,0
15465,14303553.683406422,2.1458949509783345,309527700,5825291.901460361,6298.304690574615,924.8983953059438,1
125,69190.78888992798,7.3390178436146245,796271138,8505.019188168477,15.365157928930882,553.5263111194238,0
13017,18980076.26739709,2.0603251373542903,118489451,8711193.861490155,5974.349570438688,1458.0991217175301,1
8665,11573415.142864538,3.1288914994247756,520992400,3170899.530444932,2374.0481173567223,1335.6509108903103,1
276,131836.44388813566,8.304148039163934,432001539,15090.909640290702,31.592865659015718,477.6682749570133,0
7204,9151360.327290377,3.8297051006477294,944114819,1916989.0111744467,1509.0640454094882,1270.31653627018,1
31,19345.144617727223,2.1169663094239963,393921377,7704.504156965523,12.346231242286336,624.036923152491,0
8795,10500100.025373947,2.3135419984664214,123079175,4309287.032270241,3609.5065149121765,1193.8715207929445,1
2739,2789763.3753920114,1.5454813098702633,236972243,1565125.4255123164,1536.6459314406377,1018.533543407087,1
11065,12854737.368985169,4.097677978425214,679925261,2690624.7180399396,2316.014839551895,1161.7476158142945,1
361,170769.85006449235,7.749583136221671,416621873,20911.776017336186,44.20658060780271,473.04667607892617,0
8998,10810404.981665349,4.573618916351949,334509184,2202551.5146783073,1833.2854840025013,1201.4230919832573,1
208,85556.4454102388,8.527740369218709,370756139,9614.707982547201,23.374735249700876,411.3290644723019,0
409,191854.95028491554,1.3684054993691084,271039781,117024.30851593954,249.47462711772656,469.08300803157834,0
17047,18791933.266221836,1.3416121206508866,771375173,8893538.225567147,8067.72480422523,1102.3601376325357,1
491,202186.69668486097,3.129488044367566,141734929,61807.67814696518,150.09676931149062,411.785532963057,0
8495,11955866.478356438,1.424641414189869,490644777,6242339.412956803,4435.368478651482,1407.4004094592628,1
9347,10532166.167423192,3.019645805000557,992917225,2624797.6888282625,2329.4338132798634,1126.7964231756919,1
245,87638.26660262403,2.0728939855651602,751419623,31029.93461379348,86.74674060876252,357.70721062295524,0
83,38608.54843896486,2.061752352652554,832270624,13340.788497685817,28.679799942709536,465.1632342043959,0
436,153041.8855524108,3.361675388403717,501277267,39617.8517327483,112.86703174839549,351.01349897341925,0
6497,7143165.731434111,3.3104523225485347,281462871,1988678.837480351,1808.7843531688359,1099.456015304619,1
328,43829.346028845976,8.963271523275857,71279027,4851.303425105935,36.30507109066815,133.62605496599383,0
237,165936.16940845657,8.817013254245147,432898990,17939.21553274131,25.621864699035395,700.1526135377915,0
13154,17246271.328593552,3.0688377107741176,171987805,5321567.373698622,4058.8423955487087,1311.1047079666682,1
4880,4672035.95795744,4.031106241500632,726434337,982027.5583292788,1025.740068734834,957.3844176142295,1
18388,18365190.86687267,2.9425371936533615,274361525,5708973.913409556,5716.064324119435,998.7595642197448,1
4663,5761280.489061791,2.373101956257793,63317241,2364650.7528532664,1913.8742648425357,1235.5308790610748,1
127,98187.13403280887,9.156101674916247,545401420,10120.816647913107,13.090754984817783,773.1270396284164,0
146,82563.66742951795,7.254265418033567,784118041,10271.178011137623,18.162855845838585,565.5045714350545,0
170,83380.56815616337,4.1127297217774235,70210747,19933.481907891837,40.64126689560252,490.47393033037275,0
416,224650.5603615311,2.445343255389777,641019209,72788.13261680465,134.78650184473707,540.0253854844498,0
385,111331.16849386838,3.4439540965973707,866702697,25826.961835428152,89.31353583329609,289.1718662178399,0
13618,14715335.604446054,3.6790178048729913,790466287,3292401.382791233,3046.8840967041483,1080.579791778973,1
9787,12429227.580182128,2.491999342267452,173232548,4663469.481049498,3672.100741304686,1269.973186899165,1
256,43389.22681368585,5.052491293974317,417768934,7931.8396210472865,46.79850488480307,169.48916724096034,0
2989,4069334.2362086494,1.5214125201730622,753791043,1788558.308397444,1313.7286036206174,1361.4366798958345,1
381,32567.563139160306,8.277134807326513,841064331,3571.7100103976795,41.78456669130456,85.47916834425277,0
9688,11848597.039892826,2.2072374786507747,701066165,4074057.7641402534,3331.1514845261195,1223.0178612606137,1
118,18754.304542158767,6.590676899746748,796263277,2538.8461383774566,15.974137758885696,158.93478425558277,0
19772,25821645.565080095,2.7810960990588183,487066189,7900967.9719477175,6049.883162853556,1305.970340131504,1
3204,3522168.456411475,2.714577116834127,862465591,984659.3245022008,895.7119782167763,1099.3035132370396,1
326,68966.53316071998,9.312983537946874,206150008,7245.04313631413,34.24681442134055,211.55378270159503,0
10412,11789860.407768404,2.24122846316679,140726578,4949656.985126468,4371.199212433385,1132.333884726124,1
17198,22110891.57421668,4.81821536967,934911975,3843282.1402261104,2989.330666551842,1285.6664480879567,1
5681,7846052.398188234,2.6205942147136265,792554434,2298772.5428089146,1664.445526608136,1381.1041010716835,1
446,339534.34587829484,8.654538054957374,939617342,35389.7067360377,46.486634992533205,761.2877710275669,0
481,169013.20508879086,3.4658990338871627,464764328,42998.6466731268,122.37120193601764,351.378804758401,0
5407,5055949.402193876,1.970177106331883,214445124,2314335.7840068247,2475.0274555150804,935.0747923421262,1
4911,5465345.693701515,2.477416520357729,644172143,1750821.8676777,1573.2373895532714,1112.8783737938331,1
193,137881.92838285927,8.79014098085288,651730854,14603.240839797703,20.44086208494984,714.4141366987527,0
3173,3003212.085505944,2.3557791013937948,138786874,1203901.646670962,1271.9647551109997,946.4897842754315,1
13824,18179003.314678762,3.0185491519097396,692961526,4898006.470216293,3724.628917889964,1315.0320684808132,1
386,302810.6550037319,5.571538227157674,733307954,48028.23832700243,61.22274658398153,784.4835621858339,0
196,115791.6624755693,8.711518147508587,352488527,12774.887159033016,21.623991137520463,590.7737881406597,0
46,18312.469961936564,7.456264777327302,966833087,2174.077786688409,5.4611736371738955,398.0971730855775,0
2706,3567319.130465813,2.9018544246764817,357440341,1094506.4460057816,830.2409553430977,1318.2997525742103,1
143,15855.538377627623,9.97128262612998,213534006,1556.7819186462573,14.040508058719364,110.87789075264072,0
9865,13770344.023584232,3.9075076245590865,247771060,3313939.946977441,2374.0886590009227,1395.8787656953098,1
16863,20363238.516787354,4.2908116868688255,175564750,4559230.240580236,3775.5438302961056,1207.56914646192,1
422,120535.14768296762,8.555079107885957,827538833,12846.643489310196,44.976786080256026,285.628312044947,0
15779,21586127.25924291,3.052759566839319,951877996,5390282.371505844,3940.1817898378217,1368.0288522240262,1
18963,21343074.178347524,1.0381734122689066,302986945,15913886.85377626,14139.248820786508,1125.5114791091876,1
6137,6735592.971810083,4.952496303818542,225407206,1300834.0072459423,1185.2287298059498,1097.5383692048367,1
377,120788.83108612787,5.143198358213442,883111039,20043.58275099192,62.55901832294312,320.3947774167848,0
19264,20595046.118090384,1.3867782391502685,791568468,9454439.025013147,8843.404007620682,1069.0950019772831,1
164,103831.57279461782,1.7129183500753373,577387192,45335.249331201405,71.60616650798174,633.1193463086453,0
12386,16970069.766632304,2.6576335908739805,45153952,6278728.718938581,4582.676145839224,1370.1009015527452,1
18829,21836065.724151295,3.438023564019933,152653744,6081322.227252084,5243.857463310505,1159.7039526343033,1
114,81703.1338038436,3.2578612454449947,618189696,21078.962851139568,29.411378158384245,716.6941561740666,0
111,82796.18715466128,5.386656727907268,910784311,13147.592274881876,17.62620710765094,745.9115959879394,0
201,144504.1866056815,1.454566531445259,54636036,95748.70181296777,133.1829168169571,718.9263015208035,0
16021,23571478.617288135,3.3193183041909,316305426,6483475.839797767,4406.671643976415,1471.2863502458108,1
19794,27560276.326729313,4.995171743262619,611032290,4916031.6255365005,3530.7312902917256,1392.3550735944889,1
14926,16637308.558153186,1.6180833199620759,274452460,8791014.011099212,7886.77295194868,1114.6528579762285,1
15509,17074276.441040702,2.2658285234976647,304315340,6643315.451534535,6034.292562477054,1100.926974082191,1
12748,17673956.492798172,4.176729381268734,851990738,3514603.333177406,2535.0386773670334,1386.410142202555,1
61,47028.088107098985,6.131634685792245,161233683,7473.235629768118,9.693512787032503,770.952264050803,0
277,108849.45435163085,1.2163711362979404,828537443,53229.496640383375,135.45837833743153,392.9583189589561,0
485,132287.7694588311,2.9182790738254303,164154106,42916.67061094997,157.34323234460751,272.7582875439817,0
8567,8579825.966728808,4.530461830068983,976918501,1557877.874953928,1555.5490060620425,1001.4971363054522,1
16531,20861250.049433816,1.230964317868144,976078792,9452126.220896581,7490.111962963703,1261.9472536104179,1
19106,24203576.210561436,1.4150253741434256,519578128,12510871.702519568,9875.925469395506,1266.8049937486358,1
298,102673.4272385059,8.354719456539769,416435534,11705.804691542393,33.975001048483506,344.54170214263723,0
12139,14451525.862458961,1.9585831398302265,189040636,6729077.0502260355,5652.293542572333,1190.5038192980444,1
384,253203.55980509555,8.169803821136242,805325524,28211.68922120441,42.7848987165957,659.3842703257696,0
3070,3027409.4404484206,3.018011696219343,796324959,793692.2495569101,804.8581647346647,986.1268535662607,1
165,113049.78466307264,5.5998443932515825,341901215,19026.358938369067,27.769617024811147,685.1502100792281,0
186,131253.64616979344,8.770884200104462,506718635,14147.36635126886,20.048282223961543,705.6647643537282,0
18198,20623084.546353206,4.70330949777407,564411899,3914991.5101779485,3454.624614571374,1133.2610477169583,1
12234,16282240.002273196,2.57791756335543,534387911,5231568.731422583,3930.8480805643626,1330.9007685363083,1
408,179653.42846485856,9.623243078240465,816572573,17208.486669351485,39.08114986221248,440.3270305511239,0
428,307247.94085194304,9.699599988064968,689916097,29572.88273451109,41.19537392268484,717.86902068211,0
298,44238.9473525216,7.189922857291613,989213564,5408.755285871071,36.434164274880885,148.4528434648376,0
18471,18164037.749482706,1.1971779710576658,281892536,12280711.205320876,12488.24847217365,983.3813951319747,1
7739,7857830.418614739,4.7940813100556605,255419749,1556159.7723645754,1532.6266713264777,1015.3547510808552,1
469,182482.01633645402,5.6267372868956675,328758237,30640.945930404643,78.75079380350421,389.0874548751685,0
346,195195.47158072438,8.076984898555363,927647198,21677.228951463163,38.42466813634274,564.1487617940011,0
138,9073.129496763286,4.428013263621963,412929509,1874.248451784336,28.506843910748426,65.74731519393686,0
437,298383.72479918227,3.5044089473689266,130368589,82091.33071105691,120.22744050425563,682.8002855816528,0
435,96141.55786399636,4.756524616054903,574572757,18034.10276276832,81.59670881245411,221.01507554941693,0
351,146657.23824429043,2.0711917404382696,945279632,48618.80659114118,116.36112419534756,417.8268895848731,0
23,2904.4137338636074,5.903209767484886,924981847,425.35621403804356,3.368388190982995,126.2788579940699,0
18708,24946123.308326397,1.8541714179613655,31747976,13227566.028645145,9919.830115699659,1333.4468306781268,1
12775,18137130.189385556,2.4667155188119256,522207383,6068115.767854227,4274.114930249831,1419.736218347206,1
376,41490.702272866176,8.201238244768684,287351093,4887.820652161794,44.294756765655436,110.34761242783557,0
14760,20171558.371560376,2.071169898090535,465243459,7952788.261097448,5819.240763236982,1366.636746040676,1
281,159763.50937921437,1.1133676114460827,269870823,115499.61698627296,203.14646629416885,568.5534141609053,0
4817,4363703.592437201,3.5425279945601598,683684019,1032533.0528700141,1139.7913745321453,905.8965315418727,1
12713,14829846.317955652,1.7040990201645352,588637290,6468186.617104436,5544.902806152911,1166.5103687529027,1
461,363309.81697987835,3.645250844544404,686093892,83879.21975236981,106.43345843854281,788.090709283901,0
316,43376.490003439925,9.8863162508098,296280556,4259.865221652604,31.033341101031237,137.26737342860736,0
372,131548.16550012675,9.235886090410268,778293109,13136.190483576884,37.14732806278391,353.62410080679234,0
278,70313.00901461036,3.4719928280911487,78510809,19803.67187349688,78.29875094220701,252.92449285831063,0
203,94332.48992634818,9.001005497331994,921097331,9507.308234801516,20.45937272695312,464.6920686027004,0
94,36891.09310286969,1.4604895580092832,199479276,22223.96731013769,56.62756918933474,392.45843726457116,0
12771,13967462.323273499,1.7270543910447769,34822065,7927605.976771465,7248.52185644703,1093.6858760687103,1
19958,29071769.604431387,3.2159179488803225,505526666,7811958.154149851,5362.971121536314,1456.6474398452444,1
19573,27104189.269846696,2.2164953978721447,76298453,11821468.05720744,8536.74655161637,1384.7743968654113,1
388,262831.33535556734,4.94784116592386,332230308,49777.98816807408,73.48385375390755,677.400348854555,0
133,60015.374422988454,3.3900183821117227,147647462,16964.681535109146,37.595410607073646,451.24341671419893,0
312,119156.16954127076,1.7674150745050965,183202270,61086.388817845065,159.94936212317927,381.9107998117653,0
17994,23661858.825064734,2.060453001660595,193323089,10498762.021265965,7983.934195843674,1314.986041183991,1
2162,2579537.2874663016,1.4128665955159985,103922177,1700656.8971284323,1425.379749095681,1193.1254798641544,1
334,245119.96025908185,5.2053489640675235,797455451,40834.240683206495,55.64066008241632,733.8920965840774,0
299,160233.26906022552,8.453672823911077,282365789,18341.63928985103,34.22603919791574,535.8972209372091,0
12367,14431097.014178598,1.1972359484392987,641721902,7847432.180531615,6725.004598145473,1166.9036156043178,1
8881,13158929.20657576,2.5402322228758467,875856095,3852045.9607900586,2599.7571413851156,1481.6945396437068,1
412,308974.3014212857,2.0125281747396855,464744629,124723.56736604011,166.31192147188864,749.937624808946,0
279,112537.52840543418,4.068657762786897,167916535,26563.33171454625,65.85509432603227,403.36031686535546,0
8240,12351100.343498813,4.722689022249593,321950922,2448361.127849746,1633.4168723761566,1498.9199445993704,1
242,76800.87273799471,8.527407196693595,92966977,8909.227278366228,28.073027356341495,317.3589782561765,0
6433,9183716.56368681,4.28735729101161,61104574,2111945.981998923,1479.373672737228,1427.5946780175364,1
4944,7154418.604681816,3.6007486657826133,812309989,1621192.729203424,1120.311418168436,1447.0911417236682,1
405,271969.1763866864,2.9139785786020855,865432043,71960.73769602709,107.1595654849277,671.5288305844108,0
284,106756.19599934529,8.4253178722852,940704955,11398.242132011677,30.322368975297405,375.90209858924396,0
133,38652.88005715054,9.521921767069212,108741109,4013.522283413875,13.810056660843722,290.62315832444017,0
196,154050.74682138773,4.044078705855563,694971780,32506.669275032255,41.35849588118815,785.9731980683047,0
5052,6667228.241684176,3.7300469204648006,244517118,1677474.1021054056,1271.0828033233465,1319.7205545693143,1
2122,2040340.1751836368,2.262673924656264,51187343,881790.1936058251,917.0817756716234,961.5175189366809,1
370,288550.9155135344,8.827262963664705,898952502,29667.337365923177,38.04151792710811,779.8673392257685,0
12394,17261813.553660627,4.47740920396939,312504125,3603784.1121803187,2587.5207229828366,1392.7556522237073,1
6551,6851743.230426567,4.355357347061082,217199220,1498449.0907742637,1432.6777381368781,1045.9079881585355,1
219,160796.18845558065,4.0051222437389855,302827454,37325.456362680845,50.83624818436053,734.2291710300486,0
4311,6062288.895224352,3.8829004481067155,807643166,1292449.104831291,919.0832352639796,1406.2372756261545,1
284,36238.7974907825,5.7434514084330734,28546713,6278.379987030405,49.20306521677946,127.60139961543132,0
311,61979.75845484815,7.547071521575084,791341941,7433.03971829042,37.29726301002545,199.29182782909373,0
5815,5669171.698324764,4.791184264057828,109285989,1156862.791848859,1186.6208138640404,974.9220461435536,1
12464,15266126.354981635,3.291081106747783,146279672,4441234.812873796,3626.0377662598994,1224.8175830376792,1
109,42090.0110538567,3.467916002117323,44681008,11982.590354835744,31.0311714341405,386.14689040235504,0
234,132990.77888520784,6.226803991500932,614668841,19438.91061781684,34.203161472536344,568.3366619025976,0
18666,24570389.867743447,2.4099241877734046,239717185,9273100.171298046,7044.726955052835,1316.3178971254392,1
148,17358.113173369882,8.727400962842484,55127465,1976.436890126193,16.85163916245446,117.28454846871543,0
2066,2605956.912426848,1.4226013817957228,310632761,1503522.7198002315,1191.9912889942975,1261.3537814263543,1
101,68427.40981846466,8.033158798792384,241436875,8269.577453215095,12.20603446762856,677.4991071135115,0
43,11684.817051023563,5.4750627551799615,603216448,1922.3889953772507,7.07437065041431,271.73993141915264,0
15036,18763059.119923387,2.7279574858537634,715127278,5449490.909112077,4367.014183865332,1247.875706299773,1
235,55033.149244124375,7.971148748569284,206497580,6729.705227268329,28.736874958630583,234.18361380478458,0
477,296523.64210783574,2.9054293493317376,2660891,101965.0759097524,164.02517135973974,621.6428555719826,0
4000,4208110.557190402,1.8324241383854911,623099086,1713732.745591729,1628.9807240577102,1052.0276392976007,1
16090,22519825.427257303,3.733717660629082,255389810,5645329.335713767,4033.483709944422,1399.6162478096521,1
416,327902.1005874517,9.352128130564429,181457873,34394.41365136427,43.6352071344891,788.2262033352205,0
197,94126.52517050307,9.155237825147314,9976122,10269.975770702013,21.49431547763449,477.7996201548379,0
4096,5887956.741882334,2.035846420099901,444421988,2373919.178526737,1651.434170037221,1437.4894389361168,1
402,74319.58293470532,2.85059338929407,937707139,19618.185616380488,106.11618508023354,184.87458441468985,0
307,172179.97751187408,7.155776169236272,221563904,23339.032198951165,41.61391462943988,560.8468322862348,0
9965,9524651.089981534,1.284149685613365,617908216,5007550.549277457,5239.062381617026,955.810445557605,1
102,66170.25583992263,5.63305811439821,607237759,10603.704885532776,16.345378820067864,648.727998430614,0
3132,3189346.25971439,2.809467036826281,419231924,987811.5917311102,970.0501774864963,1018.3097891808397,1
199,132909.85668382185,1.7810465865849143,446953905,59654.32107659674,89.31775408112186,667.8887270543812,0
4113,5372707.257422272,2.4635971944712303,784566655,1654075.1964519576,1266.2538562115815,1306.2745580895385,1
3308,3054619.9439300415,1.0706801791817355,882902612,1563598.9207717585,1693.2991091710878,923.4038524576908,1
7192,8305825.075345169,3.0420810451953786,394058288,2417196.821766046,2093.0466732010905,1154.8700049145118,1
2237,2640131.3804454817,3.7671105565679293,797368160,578408.0821458226,490.08882260316886,1180.210719913045,1
454,295522.81937835604,7.1801075055171655,459686642,38682.03955134015,59.42568493779955,650.9313202166433,0
18924,21915612.637320206,4.428387758439664,806444790,4186497.3587077865,3615.0153466973147,1158.0856392580959,1
10697,15635868.424133465,3.2937273014226442,819268681,3801576.3912620205,2600.780561351104,1461.7059384999031,1
381,230771.4205959628,9.57550950253526,12186528,24069.538694279956,39.73843129637993,605.6992666560703,0
11244,14391276.612316838,4.502740510344424,949422541,2639553.6004316965,2062.300759187199,1279.9072049374633,1
19065,17480181.91031317,2.2628845190819544,538251100,6240391.143946873,6806.168137709938,916.8729037667542,1
6016,8385113.7023236565,2.8309752686648535,796393546,2311624.246319819,1658.5024317566786,1393.802144668161,1
81,15287.215608511759,4.646774283177967,198412389,3155.134495909934,16.717622143460073,188.7310568952069,0
6207,9308080.389018567,4.638257709521205,908090341,1678235.8958060453,1119.1147658713398,1499.61018028332,1
5936,8780941.856993573,2.6548241276401217,712167204,2607949.0536485044,1762.9983018425141,1479.2691807603728,1
12116,11891218.05369504,4.080084913823315,976839582,2351472.335312975,2395.9226620858217,981.4475118599406,1
18925,19453430.640923627,1.2470495451607988,136274972,14062810.569461152,13680.810081240063,1027.922358833481,1
305,39183.694720568514,4.404840464487336,641806721,7764.302373514286,60.4361646039156,128.47113023137217,0
44,25723.876537550193,6.667152357332826,670448358,3505.7612884000305,5.9965105362106375,584.6335576715953,0
412,30369.80249824033,8.387641083368159,616849141,3372.73979331477,45.754950000949094,73.71311285980663,0
18363,25192262.650510143,1.4815125980221353,240066380,14633230.872424275,10666.370950403123,1371.9034281168733,1
319,163406.06796924677,5.01297957873827,747168426,28368.3800893362,55.38052142715641,512.2447271763222,0
16621,15663928.99477941,4.011389900365536,479061445,3488274.961701944,3701.409662784577,942.4179649106197,1
22,9045.406399493335,3.698868415996585,283711613,2271.242846003106,5.524057229188418,411.15483634060615,0
207,103625.6393121682,4.102927902098868,586672937,22096.899686686433,44.14021728121666,500.6069531988802,0
30,15786.414709737968,7.434575411965994,718904281,1936.1567458562392,3.6794106479324395,526.2138236579323,0
2947,2681778.635770271,3.5070820776688874,530575637,664191.6738081385,729.878609891446,910.0029303597798,1
18874,25321759.288584936,2.79870790873488,300716923,8169825.262195912,6089.516934480846,1341.6212402556393,1
386,297301.7678783969,8.937779996265467,436288787,31715.33885148552,41.177423477954946,770.2118338818573,0
350,218451.55435015776,6.979054299451141,617943367,28754.985053484314,46.07083157937824,624.1472981433079,0
499,246548.557554008,9.5094537450355,882164413,23725.7137247061,48.01947034727595,494.08528567937475,0
432,161044.45857208583,2.7966592689392575,936595624,43137.8149069518,115.71671701737965,372.788098546495,0
9776,10165196.037566075,4.511913529998637,271192854,2125228.9247783897,2043.8600388869768,1039.811378638101,1
15956,18574510.39481545,1.7115362349379986,297674612,9244679.53332159,7941.426368624608,1164.1081972183158,1
41,24879.15001530299,4.740650038262396,125283739,5112.924086957087,8.425926425794238,606.8085369586095,0
254,147027.06758493217,5.032769385547689,239349876,27887.659647094315,48.177969313508186,578.8467227753235,0
58,25257.168717454944,4.228682594885997,822503087,5000.245547897675,11.48245256712561,435.46842616301626,0
3392,4821305.570538528,3.2634071496426875,663369777,1227802.2563050569,863.81275620362,1421.3754630125377,1
3946,5254416.121927859,3.874797063891184,510014427,1198322.0106139465,899.9246622568036,1331.5803654150682,1
8213,11490272.638145221,2.8557450538195637,915684597,3046662.3275468727,2177.6887706801704,1399.0347787830538,1
118,62710.33981479376,5.797497610852401,638522930,9743.651285253398,18.334310658426183,531.4435577524895,0
11137,16237315.626721855,2.503284876031764,896381652,4776149.511382354,3275.90953647085,1457.9613564444514,1
18634,17338593.27375825,4.111939886283747,937593907,3433701.7997225528,3690.2416664256402,930.4815538133654,1
15362,22421781.067002587,4.706341532873525,537858850,4275538.581673479,2929.3312380223147,1459.5613245021864,1
139,96302.30738376568,1.7579171005938852,467102454,43281.55551933698,62.471361077709965,692.8223552788899,0
4370,5060052.724066554,3.3432335768609773,242417992,1411194.7652721696,1218.7464163976701,1157.9068018458934,1
8794,9441782.052273609,3.5921212722208566,986232259,2062265.8315675936,1920.777838590155,1073.6618208180132,1
82,29961.316111646778,7.060777560202894,431461899,3998.980047927404,10.9446581955249,365.38190380057046,0
19580,22402242.771977097,2.3236590631207807,947895319,6847583.7951545445,5984.922673761972,1144.1390588343768,1
11718,16174609.247925136,3.930450796961595,410779676,3725812.151339385,2699.234715360772,1380.3216630760485,1
11019,11284322.155398255,2.1251382542121364,751896552,3922205.6441698167,3829.9849470738454,1024.0786056264865,1
15503,20486334.23221424,4.517572227228782,212419314,4331156.631813382,3277.595713410631,1321.4432195197212,1
3906,4471443.071126872,1.028367251097484,988964380,2216513.6372219985,1936.221065385778,1144.7626910207046,1
17128,15739053.241147272,4.1603329998857514,522290612,3361161.294535257,3657.778506161493,918.907825849327,1
412,214886.9872095862,3.780259505593895,575632532,49332.486975110005,94.58452974596229,521.5703573048208,0
381,62134.90137530936,4.603209641558475,86895606,13248.082526006188,81.23485079537116,163.0837306438566,0
448,249776.89768896258,5.3548953810783315,812527994,40499.39212836839,72.63973506510084,557.53771805572,0
18459,25625266.73274549,4.745973325240903,932451265,4512742.28010103,3250.725567743586,1388.2261624543848,1
12308,13212517.389877014,4.22047683501866,868700426,2596199.093138361,2418.4655728687285,1073.4902006724906,1
7057,8627526.054737723,3.2697728320929182,325526176,2399668.577027224,1962.8409164619936,1222.5486828309085,1
16450,24283820.065520424,2.5986320083430146,191504414,8703452.587858807,5895.769062856835,1476.2200647732782,1
124,8758.862055128877,3.3200063938359214,212655105,2479.3946598096327,35.101013793951196,70.63598431555546,0
408,312305.279094914,8.403917216323846,657949012,34463.6823393806,45.0238383264533,765.4541154287108,0
6133,7975347.740407177,2.995871776883172,539371032,2255954.731133925,1734.8171912235618,1300.3991098006159,1
473,141591.4681421709,7.886339648751376,297358658,17301.648085604644,57.79782957172127,299.34771277414563,0
32,6964.676373888496,2.551477258946496,462904879,2310.482233229089,10.615774157220669,217.6461366840155,0
8475,11504985.582088595,4.849352229924827,364775393,2206502.489794248,1625.3917458288083,1357.520422665321,1
194,28788.081781912864,3.278790163115292,525287291,7567.69075528933,50.99791009516084,148.39217413357147,0
491,296524.40101584664,5.516825779220533,500153504,49281.27338625881,81.60240826642779,603.9193503377732,0
15809,16700708.141232628,3.187662055172497,201415372,4927803.65751809,4664.691303081096,1056.4050946443563,1
449,331803.46667858155,8.705382597951942,62570237,37842.75222785231,51.20921707175915,738.9832220012952,0
19032,18292322.316951957,4.499064250215974,68377046,4004938.6802424258,4166.88442515235,961.1350523829317,1
16842,24281461.950386565,3.4925514149913015,845055502,5597893.58857555,3882.786135835963,1441.7208140592902,1
14501,15835585.557938162,3.5568073175598394,56479049,4382599.0944124935,4013.244046805569,1092.0340361311746,1
282,104124.0324141628,2.14121619214084,191164868,44642.80481160968,120.90648685981506,369.23415749703116,0
11215,10880678.919126397,2.710167421438848,873027100,3036586.16746188,3129.8886881241842,970.1898278311545,1
452,53520.45791324815,1.9521686824551905,823222036,19283.93633276909,162.85995229226234,118.40809272842512,0
484,157521.66932063072,5.62166080067593,125702748,27407.639691928023,84.21252560428394,325.4579944641131,0
9526,10522228.490126178,4.392812514211582,238225873,2272109.9698035046,2056.990075121305,1104.5799380774909,1
9910,12214199.77287449,4.3871400074789815,377537608,2563489.2344435407,2079.8888822625563,1232.5125906028748,1
16352,23721251.048153445,2.967712096156517,680096069,6502877.885612614,4482.691868556191,1450.6635914966637,1
103,48668.150517209586,5.378344891591806,980673353,7653.406334948118,16.197468860480004,472.50631570106395,0
2858,3907049.031948745,4.797124687023935,732455356,706572.4705220319,516.8566107666034,1367.05704406884,1
14879,19547283.859241355,2.2283509734409948,546791138,7043705.538053117,5361.527230861005,1313.7498393199378,1
31,8707.431669839658,5.965411348179702,740288532,1298.51198613534,4.62293281147698,280.8848925754728,0
292,57372.75598144797,4.396136295072805,892342231,10848.63173757702,55.21436809479448,196.48204103235605,0
3672,4867521.22731654,3.9240413965579326,90837820,1212370.5259281998,914.5978750384693,1325.5776762844607,1
14390,15875620.34015644,2.9571170442064125,273748736,4913735.642445099,4453.9145167090965,1103.2397734646588,1
450,44408.941388496954,9.25369101522832,440417305,4581.023846807089,46.41994757382713,98.68653641888213,0
218,69950.01720659946,7.149937263649569,956418681,8629.033524338207,26.892478135491487,320.8716385623828,0
11951,12035994.000958096,1.7559426398847005,351922943,5710038.675467316,5669.716369506146,1007.1118735635592,1
7822,11622661.277699266,1.494763402455043,542279704,5705653.081600989,3839.879468045332,1485.8937966887324,1
7959,8428806.81629429,1.1386028392560683,738989929,4489155.986749496,4238.938354770305,1059.0283724455699,1
367,23084.15226921791,2.818728424778687,374357770,7229.417203633575,114.93582622358142,62.899597463809016,0
119,71206.85778188636,8.080507132601866,494590354,8303.91233372487,13.87739325248852,598.3769561503055,0
11828,12069618.903590601,2.1386989553858546,559010332,4474025.040439532,4384.460570049642,1020.4277057482753,1
149,77362.59795280654,1.697352638999344,594209011,33759.771618114086,65.02116144247861,519.2120667973593,0
2058,2842294.621166286,4.732771668196073,929321802,501986.52426482463,363.4698033214795,1381.0955399253091,1
11628,11288504.446518054,4.924390498054038,28085521,2279365.7966413023,2347.9164674927674,970.8036159716249,1
8261,9435512.112494772,3.049042255505042,842616290,2424547.786545408,2122.7453291198044,1142.1755371619383,1
14098,13113871.625107735,3.69057737410716,270185549,3310945.8656566334,3559.4152625879274,930.1937597607983,1
300,183024.34281654278,7.119745390804386,959196330,22654.494752107188,37.133576446957,610.0811427218092,0
168,29322.99985206864,6.990854505633638,219797483,4066.6225326491062,23.298863995214763,174.54166578612285,0
11475,10752129.508230293,3.9196940771432844,859269063,2249887.515957681,2401.1484632743895,937.0047501725745,1
14388,18556574.453033682,4.946277963117306,226014865,3587688.297955126,2781.7450554587363,1289.7257751621964,1
9262,11180745.35842561,3.503364779929503,115996885,3089148.4171818416,2559.014781458819,1207.1631784091567,1
5083,5177615.886438564,4.529636745775154,295568129,1073035.4504750085,1053.4267729381872,1018.6141818686925,1
499,72896.65356122804,5.569769366763979,945394843,11188.766885104931,76.59054843961898,146.0854780786133,0
11631,15967282.094824249,1.9642573834269466,202783090,7368243.597948899,5367.2278587426645,1372.8210897450133,1
13095,17265220.216632623,2.027320150900741,613349655,6538197.308142206,4958.969111071142,1318.4589703423155,1
11166,14685036.56294086,4.999396977945601,669377269,2590513.5613494087,1969.7379915978072,1315.1564179599552,1
7432,10947617.764033312,4.682512546843103,476425191,2122068.2086794083,1440.6066476598417,1473.0379122757417,1
181,80738.07867508504,4.6227371994112785,54416105,17262.226277453115,38.69875289939482,446.06673301151955,0
12618,13909168.322367908,4.791426269014643,653953489,2554306.3919272213,2317.1937607158657,1102.3274942437715,1
137,20722.028625213126,7.136069480096092,648412615,2661.9662518418745,17.599115564323085,151.25568339571626,0
2992,4134651.702483079,4.726636999036076,658903325,767732.0108494619,555.5617115420112,1381.9023069796388,1
301,51785.16228232359,6.091678234638112,208106209,8220.148283743143,47.77941256449929,172.04372851270296,0
16182,15591082.147336867,2.6256741640085512,550643149,4908540.4923128635,5094.579163651852,963.4830149139085,1
7609,10412225.943779966,4.823612689552729,602319983,1918974.4090358098,1402.3395532514426,1368.4092448127174,1
216,101527.22897846885,5.43952744604704,749465310,16404.483407945547,34.90067099997076,470.0334674929113,0
11810,15193893.43130243,4.888317341898229,647356298,2744723.482575422,2133.435019521332,1286.5278095937706,1
3724,3833141.928904735,2.562774148403795,949495073,1091357.6628880096,1060.2831859545151,1029.3077145286613,1
323,118610.50969121832,7.664585690964867,726721576,14134.926289514804,38.492214588732246,367.2152002824097,0
16195,15463889.05452923,4.189682215766657,244120344,3487726.1326095373,3652.6209233936465,954.8557613170256,1
17898,16302369.232978413,1.6959095980872143,645661886,6962148.857622155,7643.584712929212,910.8486553234112,1
2212,2884153.3812308745,1.1488868182773166,925406112,1390427.2338455522,1066.3874748414983,1303.8668088747172,1
41,7211.632803842997,5.256915343283374,965337192,1159.00676852142,6.589253613142331,175.89348302056092,0
17051,25386430.029807273,4.612111493971247,418229866,5046661.491368924,3389.6307983554943,1488.8528549532152,1
2378,2639589.7999375314,4.59805106038524,766104264,492079.30052622815,443.3130392756722,1110.0041210839072,1
221,109890.26936979702,5.07478903937866,655962294,19175.543131620994,38.56387882558948,497.2410378723847,0
372,254568.37620617505,6.597430603810383,837272811,34240.555675571304,50.03562068917952,684.3235919520835,0
499,311385.3603835268,8.234738976239404,917436650,34023.097141053644,54.52255511458506,624.0187582836207,0
3823,5431083.367904321,2.777763830685995,782183293,1525607.8754003902,1073.892354907125,1420.6338916830555,1
156,25843.17389694061,1.7662927290047392,598867362,10926.606615437275,65.95748025400256,165.66137113423468,0
329,231087.17800123515,7.460835224967357,563717400,28797.515425624762,40.99917034332344,702.3926383016266,0
4989,6658991.645276007,3.6882101620214476,264193325,1684795.5091483484,1262.2699115569644,1334.734745495291,1
10998,13100378.17937049,3.812799139101948,119870000,3331167.132550096,2796.5739326119533,1191.1600454055729,1
3242,2944086.7370139863,3.2624141109921734,484754977,785682.9163243074,865.1864711387082,908.1081853837095,1
292,209537.78795779464,8.279195000510356,733268275,23249.77994941444,32.39957723805146,717.5951642390228,0
308,231223.51991118584,3.848091188801119,960073692,48089.7651481245,64.05770343480445,750.7257139973566,0
216,17643.22298565039,3.831077358346287,507248375,4066.8276358404323,49.7887925610861,81.68158789652959,0
295,96162.22139716736,4.239931769011521,349927725,20951.01637046452,64.2721199602934,325.97363185480464,0
10424,11937770.54226733,3.674683539591572,930647051,2592163.647633791,2263.4640000211143,1145.2197373625604,1
236,139408.56791224575,3.1373743812597983,163615349,42232.35432522047,71.49370924623447,590.7142708146007,0
19207,19225091.984962083,2.686044730041162,815763511,5490047.044736537,5484.880575382206,1000.9419474650952,1
287,69776.18795429562,9.102810156170419,623790924,7173.748299038196,29.506710271597928,243.1226061125283,0
362,133615.77092072077,6.718851286326747,313898063,18999.080485288723,51.47346820125968,369.10433956000213,0
459,230065.1876635396,4.727183631211885,900813916,40878.69366210263,81.55653874216577,501.23134567219955,0
26,2282.0513709118923,2.5780081723917396,297341494,793.6604711369334,9.042378498830459,87.77120657353431,0
109,50140.97879687062,5.021053088573903,894232808,8476.509787280436,18.426835474365173,460.00897978780387,0
394,42562.033942218666,3.800752640236083,926534295,9003.480119848722,83.3459033474818,108.025466858423,0
434,172317.32310556312,5.874372305186382,352809243,27671.800118907595,69.6944511159144,397.0445232847077,0
251,108620.84778073848,6.689101856041208,344468755,15443.201438857652,35.68599988261772,432.75238159656766,0
42,31596.055547345284,6.539062783459654,696676207,4366.666015593541,5.804521149170408,752.2870368415544,0
104,50988.69583258692,5.73193303014903,849413860,7747.45605780283,15.802236492908063,490.27592146718194,0
408,76914.94062925428,9.008527546794797,816778538,7828.2488062417115,41.52542388795424,188.5170113462115,0
10613,12788806.073713811,1.9866257873791113,69183142,6220814.537261615,5162.444742958337,1205.0132925387554,1
2391,2745344.560132469,3.259810430609893,690778,842000.7797828544,733.3228381226079,1148.1993141499242,1
223,59237.59361049948,2.2645657279773395,425389722,22021.77497437681,82.901001205012,265.6394332309394,0
7481,8709563.737470962,2.762412456236699,209507903,2930618.1474216576,2517.2276157229876,1164.2245338151265,1
39,30051.893568968317,2.831599974986978,688637135,8536.894711924528,11.078799177861137,770.5613735632902,0
185,67740.03367874716,3.9616640151465514,211520348,16232.216883816669,44.33065589762522,366.1623442094441,0
319,67584.25380663859,1.4300322821326483,813978102,30117.620793791986,142.15620491582504,211.86286459761314,0
6491,8859936.428242773,1.796627590388268,51257745,4794635.391368139,3512.6638410365135,1364.957083383573,1
255,103097.87015176672,3.424761003966145,250129570,28054.677568398398,69.389821238892,404.30537314418325,0
19725,26393590.772333987,3.3469924758693717,589467279,6704905.528294887,5010.84762154632,1338.0781126658549,1
365,70754.20904728335,3.4145848038499538,821536746,16702.59179644869,86.16372209926992,193.8471480747489,0
11716,15989898.056096997,2.9632412050721713,266909690,4950201.5774218915,3627.0751369149984,1364.7915718758106,1
333,51062.84168834019,4.408067889755052,126845903,11259.936576946146,73.43028229819905,153.34186693195252,0
27,16062.327293926242,7.422868670443684,139528882,2123.972877984433,3.570296299918182,594.9010108861571,0
10353,15335783.094931204,1.5760128956792885,777336992,6516575.871365349,4399.260838433768,1481.2888143466826,1
7153,6650545.418578966,3.2067518712258467,406651769,1840521.0379882415,1979.5740283122425,929.7561049320517,1
18006,16880406.34980535,2.28119496998697,950151868,5223953.72460894,5572.289482616229,937.4878568146925,1
9280,9828792.413294893,1.1643294598222211,799255403,5005534.8253032295,4726.049877295368,1059.1371135016047,1
374,247021.31331961942,9.533786560687606,237768593,25279.631484902187,38.27435798270649,660.4847949722445,0
337,253149.14732815884,4.209480215869475,70228195,59151.026898285454,78.7436824303491,751.1844134366731,0
286,154201.08953446933,2.977139200382437,940359034,39362.133767184176,73.00577636254778,539.1646487219207,0
376,195627.83669421077,6.849568883493001,172139367,27860.433631727086,53.548223108472314,520.2867997186456,0
294,154675.0393838524,2.1418554525678397,471541940,59185.42653471989,112.49724241559954,526.1055761355524,0
281,40229.53076069988,1.0904228294934843,79477999,34387.1290462326,240.19129925897388,143.1655898957291,0
314,56871.67722423957,4.4524813631964255,115769200,12449.33403662653,68.73528403404667,181.11999115999862,0
385,90965.86816700303,3.690335350884999,595603504,21224.257099077033,89.82862636063678,236.27498225195595,0
43,15668.529838339957,2.1757094340162375,623736710,5597.010634346775,15.360181188665363,364.38441484511526,0
16429,20776300.438094262,4.121884553520619,964019065,4085075.5335661755,3230.301089500167,1264.6113846304866,1
54,35512.729747736485,1.3236918059207152,92227299,25081.044266102355,38.13777200430087,657.6431434766016,0
102,57686.09151334147,3.514106718381039,224767910,15428.731168319484,27.280936147400794,565.5499167974654,0
7409,10220339.770814646,4.496436472103322,36417182,2254725.2902292097,1634.5111855294676,1379.4492874631726,1
50,29905.023960385126,6.675004278182758,991111694,3900.9355022671707,6.522207618751116,598.1004792077025,0
215,46597.085646147076,7.634973012141743,182706881,5960.4750108821345,27.501765605498147,216.730630912312,0
312,249267.71902448995,7.085416001081008,106589099,34659.00198286599,43.38150427569716,798.9349968733652,0
411,280628.92593074194,1.720164427819114,234593217,143562.0045658961,210.25624383120518,682.7954402207833,0
14229,12883774.812866496,1.4620234646258647,323892806,7214097.897406717,7967.338801954877,905.4589087684656,1
382,274016.7845098725,8.81169977801918,901693798,28210.20093187372,39.327141128420564,717.3214254185144,0
345,226208.03268999426,6.610705582026381,933417124,29984.670385768673,45.73096348557637,655.6754570724471,0
15464,20378729.19401447,3.076086774314223,738631872,5342131.644152676,4053.772095339534,1317.8174595198184,1
111,68287.32807281133,2.2999283573956983,289003968,26376.636964573474,42.87481712486807,615.2011538091111,0
71,17852.364394838023,6.270889018859193,111222760,2797.2503480703913,11.124844324285919,251.44175203997216,0
458,28022.67448411685,4.2965774758587,142674851,6312.476160584959,103.17052653866368,61.18487878628133,0
105,53530.941431092186,3.1613643641981275,658694657,14013.11894241432,27.486486312734428,509.81848981992556,0
183,121854.69306222723,2.3935725518270945,501175956,42095.08796109403,63.217927051413035,665.8726396843018,0
108,66221.23660895156,4.478163078951417,213737126,14113.948233397528,23.018392395905252,613.1595982310329,0
10419,13358125.701827204,1.3140394738144394,965379117,5860321.467788998,4570.9024406426715,1282.0928785706117,1
359,121489.09665543403,9.280343476981473,754123271,12107.180152834002,35.77668938633099,338.4097399872814,0
372,273540.34785439796,8.935380726747262,531694165,28893.86119601224,39.294080194114,735.3235157376289,0
12797,14125527.863209965,3.676616622139403,940681356,3059262.783144444,2771.534360699135,1103.8155710877522,1
8554,9527016.95906444,1.7642485573854327,761132877,3772506.1368335034,3387.2110895919645,1113.7499367622681,1
8605,7894866.10189875,2.5360762958598326,82067115,3015444.4822050342,3286.680158278268,917.4742709934632,1
196,91632.1488829026,6.234299540647799,835215190,12961.589638629428,27.724675238358262,467.5109636882786,0
7752,9184822.906498743,4.228428081278051,36046153,2153799.6015243074,1817.8090836354568,1184.8326762769277,1
6311,8640765.90662603,3.1474365860104734,839060342,2167508.482425533,1583.094158597435,1369.1595478729253,1
256,26176.031430992414,7.876860279209914,742281536,3036.9649313346304,29.70133285755263,102.25012277731412,0
5671,7112015.074420619,3.913975735389761,741751886,1527584.0110890428,1218.0695395378768,1254.1024641898464,1
195,87385.4328597983,7.529213516051465,652268485,10680.880658121318,23.83431265569478,448.13042492204255,0
7435,11030664.4836877,3.1633082558861587,153937849,3325247.550201359,2241.316973452337,1483.613245956651,1
189,115297.16530483936,7.235905849269869,807933382,14333.598918365946,23.496242846982266,610.0379116658168,0
7920,11546370.26594015,1.5535903438724983,849817000,4804167.007052588,3295.321544303378,1457.8750335783018,1
147,75141.97608272801,4.04198902925641,25222396,18475.060238106707,36.14269941492718,511.1699053246803,0
5301,5492050.882072928,2.7992159628177147,438006570,1696531.772652832,1637.5148591919476,1036.040536139017,1
7322,8393642.196707154,4.578990283325204,638218867,1608837.5901479726,1403.4323311618814,1146.35921834296,1
76,52869.06597015366,2.7059995768324643,381278278,17124.816247879535,24.617155816098144,695.6456048704429,0
10791,12488978.695137976,2.7520871854013174,367482963,4003429.3511682013,3459.1304207504522,1157.3513756962261,1
16245,15259699.221086765,2.004768018417869,985331844,5103407.88710227,5432.92891457608,939.3474435879818,1
4514,5001653.092931342,3.2891352581680047,197418556,1434554.967316598,1294.6881765188455,1108.0312567415467,1
402,301561.6561116029,7.811103006121574,620842387,35764.18513782172,47.675830577358184,750.1533734119475,0
2864,3688313.80867329,1.5212719523651637,529616163,1798398.3529089692,1396.4681829998613,1287.8190672741935,1
16174,20101044.013449583,1.2530136355947183,461587663,11723450.827853877,9433.096786556827,1242.7998029831572,1
45,4146.330795946727,3.2788104703297902,47366565,1246.575498509393,13.529045364098684,92.14068435437173,0
454,33168.06801360442,3.0986879897945467,73041436,10457.407792688848,143.13957436210654,73.05741853216833,0
314,87942.31463792392,1.145121817349934,780502300,45669.512469002075,163.06401502289575,280.07106572587236,0
206,134774.9847873934,1.6546263559947685,709792459,57001.31632038785,87.12500454385693,654.2474989679291,0
307,127986.94298545901,8.228909109196838,943085593,13954.10127687973,33.47145413488613,416.8955797571955,0
141,48368.42861718789,4.199768174368069,234175312,10908.670524532878,31.800134673231007,343.0385008311198,0
327,74599.71388178844,7.708579652273856,671759893,8901.75314243197,39.01989868470349,228.1336815956833,0
7684,8043029.258334815,4.271853977396614,976340859,1532532.5200497168,1464.1224724949043,1046.7242657905797,1
124,47692.15476161737,1.8869216627164815,937476241,16885.77756656089,43.90316245343289,384.6141513033659,0
220,38265.215254906834,8.713261254975201,881998895,3987.9288999794057,22.927987002058362,173.93279661321287,0
2783,3794232.3664072677,1.9229383608282151,324386340,1688332.960968642,1238.3613275706757,1363.3605341025036,1
144,72156.5724980794,7.711603603132231,385053401,8911.896905260206,17.78511797233201,501.08730901444034,0
400,308616.94197280845,1.1555924028702689,245936925,220200.131267874,285.40251855295145,771.5423549320211,0
19770,28865644.45847375,1.0164248115897938,406289303,20289139.021296967,13895.975162726361,1460.0730631499114,1
13864,13957275.290559692,3.6578026283730383,594995964,3281903.6658803094,3259.9709811942835,1006.7278772763772,1
3490,4795206.603035122,4.7537905616416305,598269474,895955.3090028538,652.0853609187144,1373.9847000100638,1
340,242362.96348631082,5.293988359245335,789793160,39837.5521408229,55.88629356995308,712.832245547973,0
18824,25129262.91726559,4.971328526727902,490415609,4600959.380884022,3446.518096090064,1334.9587185117716,1
90,17002.430959754638,3.738768326387779,914362603,3653.976476864724,19.34181551427814,188.91589955282933,0
18246,26440283.759690236,4.347453688906369,924300296,5015462.3746464215,3461.0871547193537,1449.1002827847328,1
6677,6267702.939450104,2.1218202590402213,955726817,2036590.4353653467,2169.585008782734,938.7004552119371,1
33,14681.218422148473,9.15181111572803,475589364,1524.941073456125,3.4277165543789905,444.8854067317719,0
67,29372.192072092264,3.9542958034960334,243463875,6997.111393145709,15.960894651311877,438.39092644913825,0
483,317338.6436946068,2.4825780647295557,673954533,100533.93521830362,153.0160025426046,657.0158254546724,0
357,176795.80444382524,5.080746075618412,593921702,31155.26958972464,62.911171894159494,495.22634297990265,0
13139,13988397.361334356,2.9276006684399096,644372371,3916154.239374594,3678.3592302981697,1064.647032600225,1
399,278418.7865659766,9.448473717800766,276095520,28630.449303988058,41.030095034855734,697.7914450275103,0
201,30646.039639336846,8.43299403784133,457634124,3447.0049901389384,22.608076318239707,152.46785890217336,0
18112,19068259.478798684,2.8695493417917017,269915631,6073729.009259385,5769.135874095863,1052.797011859468,1
4956,6184509.174387985,1.5922390379553186,549170971,2888054.6688978453,2314.362956778077,1247.8832071000777,1
4170,5725575.626424172,2.8574009995285667,292505168,1817697.2017285484,1323.8489587363817,1373.0397185669476,1
424,202664.6491844598,4.836864645916312,771620785,36135.36161960726,75.59973280178907,477.9826631708957,0
420,232356.22851889726,1.4686516559914278,247116335,135424.03736336992,244.78834096753957,553.229115521184,0
5203,6354332.03975924,1.5235245542143039,797787001,2737388.7083298503,2241.405290174269,1221.282344754803,1
234,152594.43259551554,7.388065452015753,782238497,18676.714299459818,28.640305361979724,652.1129598098954,0
345,80466.41036700454,9.691933994958584,257376605,8087.636782325351,34.67576939465898,233.23597207827405,0
11972,12857387.554945571,1.8541499115358056,442142001,5599195.59214364,5213.622856328952,1073.9548575798171,1
16855,24626758.64244477,3.046102563237972,486716740,6970851.472610939,4770.977101645621,1461.0951434259728,1
17738,23099629.76926869,2.466550800385826,166813994,8771906.504756084,6735.868892079191,1302.2679991695056,1
332,196612.98121396807,9.232743958548943,366826649,20481.434977868164,34.58488025901083,592.2077747408676,0
178,65513.050787862405,3.978927528430627,854060099,13555.393855351389,36.830220501646636,368.0508471228225,0
215,48977.29602842208,4.611273248833552,779495279,9085.401418284442,39.88299606816998,227.8013768763818,0
7298,6653154.174313041,3.75929477159055,330741566,1626673.6100032867,1784.336225310719,911.6407473709293,1
172,126092.19454644478,7.619305494999229,575050879,15387.687426743669,20.990056100776584,733.0941543397952,0
14818,20578336.38785873,1.9046063992084736,138986152,10069686.531050319,7250.956161118032,1388.7391272681016,1
15016,15132985.613290448,3.8605471072447024,335317135,3606643.289582364,3578.7621174241667,1007.7907307732052,1
10872,10325668.39735248,2.0559020788393196,515401812,4015732.420481033,4228.205012535949,949.7487488366887,1
6922,8035105.285587964,2.3144173579193708,828239809,2556787.0941087976,2202.594693707993,1160.806888989882,1
5227,4797728.97874711,2.942522936128502,42002112,1607535.1693749758,1751.3674422929305,917.8743024195733,1
12082,17067915.789027628,2.2867454748052376,20978606,7395995.011271926,5235.4612496760055,1412.673049911242,1
64,43716.339888837596,2.8618468788005904,42885569,15050.040123984154,22.033010320265337,683.0678107630874,0
304,227454.0097878797,5.596146860024642,573667566,36865.6160594499,49.27214645512028,748.2039795653938,0
50,32848.18888656727,5.350620128707037,15703721,6121.1715517990115,9.31736536972692,656.9637777313454,0
300,68997.01497767745,5.764515592127801,857153554,10419.882578703786,45.305797281555975,229.99004992559148,0
22,5593.667529065937,6.659858299719747,224829438,812.4794823183362,3.1954971435329824,254.2576149575426,0
7773,10966875.245363165,2.096332782563983,658573149,3980852.892184663,2821.51194744686,1410.893508987928,1
15450,22498328.564140055,4.9114147740071274,637609012,4054466.0523664868,2784.273521940919,1456.202496060845,1
8791,11458154.99199246,1.6910292731243493,134007467,6278314.699139567,4816.889329801122,1303.3960859961849,1
447,313283.151013337,4.707518937510373,739458906,57515.040452493886,82.06385501137366,700.8571611036623,0
5144,5809337.264492726,3.263554420407036,136544072,1708579.112477449,1512.8973503230495,1129.3423920086948,1
121,65826.10409165765,6.743259122646424,49781286,9690.227075327248,17.812348038734893,544.0173891872532,0
13340,14545342.431552367,1.515017749472222,70025460,9176622.028112147,8416.174347979997,1090.3555046141205,1
9737,12227623.535591932,4.028756478727878,161849485,2917865.2541969097,2323.530316207101,1255.7896205804593,1
371,101977.68905591207,1.4226798016690057,567945367,51228.97603273928,186.37361058187676,274.87247723965515,0
15050,22334500.092355154,1.9146830055384134,174236303,10691892.214822927,7204.682315149008,1484.0199396913724,1
283,36478.50071598705,5.263959632629806,936912508,5882.801626721177,45.63874138699084,128.89929581620865,0
483,176824.84032497412,4.238424105729099,183879856,39984.77758544587,109.21908674299934,366.09697789849713,0
326,96526.15764251606,9.60382052943465,940459805,9154.361851257769,30.917235663336438,296.09250810587747,0
274,101970.21745057321,6.77899211522969,821634838,13416.027135398823,36.04965770403595,372.15407828676354,0
337,123544.87075635939,4.259634425147365,482694414,26051.519189582777,71.06213243124449,366.6019903749537,0
19325,22185205.82220647,3.4067464344818603,200209653,6150672.557174025,5357.703152269715,1148.0054759227153,1
3725,5202912.273408773,1.66988196220017,91238325,2954319.651657847,2115.1309351628715,1396.7549727271876,1
10853,13261980.778823845,3.6891306100526084,793804615,2958325.3188023055,2420.9584692075573,1221.9645055582646,1
17160,18565831.562949613,2.302808846310809,770722870,6040553.10847235,5583.153708463214,1081.9249162558049,1
7295,10306167.475876166,4.219331269185888,224210236,2319358.886115552,1641.7085316939838,1412.7714154730866,1
14597,21269356.593074,1.9597956148945253,342468305,9238452.815630462,6340.280918214076,1457.104651166267,1
10201,11296302.805774173,2.8225024614208007,521869934,3377704.8337204778,3050.198600481055,1107.3721013404738,1
3648,4090216.9600598705,3.6454005595079817,816154706,916769.3139836448,817.6520928032588,1121.2217544023767,1
3506,4913774.855334364,2.50724251109685,434977654,1670090.808847616,1191.6171473471607,1401.5330448757454,1
11858,10782466.890944978,1.8329272344328578,716247080,4229787.986602976,4651.70229154697,909.2989450957142,1
4810,6827251.574971705,1.7660852882005926,655163404,2819723.391886127,1986.5782542264794,1419.3870218236393,1
9219,9559176.93532176,2.425618943398659,286875328,3524127.971851055,3398.716855260437,1036.8995482505434,1
2652,3347571.4590561804,4.435008102436735,327716558,702868.9873391113,556.8241267503412,1262.281847306252,1
5688,6089419.0730249835,4.9372879152561655,368414867,1147712.0605756124,1072.054020632733,1070.5729734572756,1
478,324431.8766905925,5.0879297778872274,64283025,62969.42480884824,92.77567101501234,678.7277755033316,0
82,45188.74805615973,2.3831572222652215,145907979,17867.767123422935,32.423047044804406,551.0822933678016,0
220,37719.463159554914,5.551955504822898,784467645,5952.800541833947,34.71990345312544,171.45210527070415,0
15663,14287861.41931233,3.7528756776309433,881272064,3083169.1641932535,3379.9095051051518,912.2046491293066,1
14676,15873672.05491116,2.7902798020318884,935223442,4260812.839269478,3939.333571514233,1081.6075262272527,1
16769,24024992.474376004,2.9617963869437998,881001857,6251952.60048822,4363.7471799170635,1432.7027535557281,1
17704,25953817.33237197,4.59844995748926,86889305,5539367.776450631,3778.595104465092,1465.9860671244899,1
3244,3174606.8537412663,2.7463268869672977,433607862,998324.5268703196,1020.1467187505995,978.6087711902794,1
19690,28642975.456692662,2.5523949413766287,93386454,10825904.024703188,7442.035851641898,1454.6965696644318,1
16915,25098087.63312827,2.729748666866012,951124340,6818514.9518367695,4595.377229382292,1483.776980971225,1
403,298889.15133704845,2.64362617227791,534366944,94049.65347662859,126.80958871049938,741.6604251539663,0
234,58682.53094588113,7.644659594304769,673548147,7054.708510643229,28.131059872194957,250.7800467772698,0
3403,3129972.957383723,2.936737993290387,387094252,941675.9711079438,1023.8182161033509,919.768720947318,1
34,2995.4753440513,6.567266341649038,390564795,430.5185459694774,4.886580219073086,88.10221600150882,0
15662,17447998.966629654,4.024016967096308,397211454,3946414.277845244,3542.4543833264283,1114.0339015853438,1
9598,10000922.877509488,4.353411616196064,600217328,2018908.357927596,1937.569428014088,1041.9798788820053,1
481,370215.0651958175,3.8938764915808424,487057225,84505.97273239659,109.79394602103288,769.6778902199948,0
5129,6659803.40539052,2.2509644647536007,120462857,2808352.313519687,2162.832465051999,1298.4604026887346,1
177,38393.634372181994,4.743222888677585,451390530,7391.047471239163,34.07375789766847,216.91318854340108,0
14388,20788504.853650313,1.7651094841495882,233536323,10401295.10655932,7198.874332075755,1444.8502122359127,1
18150,26217273.99041257,1.0431935695580479,526053692,16706910.779874424,11566.054913474587,1444.4779058078552,1
15746,18045140.72762129,4.137119259818276,996410589,3515152.5868258523,3067.285174863585,1146.0142720450458,1
76,22810.253949261598,1.6281953640527478,838044522,9249.00050407089,30.81614259415741,300.134920385021,0
91,50665.63988281859,9.204321050255139,696572262,5117.27965193864,9.191089847151662,556.765273437567,0
254,178174.10584056735,1.045709316781545,542279432,112201.11350113744,159.95075544136745,701.4728576400289,0
205,155774.29463227084,7.626285531644159,569401312,19006.86270767842,25.01315678733865,759.8746079622969,0
5873,8575495.51977447,3.286510773444662,944719010,2026714.680759579,1388.0125402262522,1460.155886220751,1
384,44961.3453402951,9.020807176616286,241359647,4854.300963966071,41.458981177157476,117.08683682368515,0
242,64756.9223378652,1.9356343832115062,302662113,28931.342405919597,108.11793719447094,267.5905881729967,0
6477,7623972.348646317,4.291040972129328,276742387,1669074.8551830475,1417.9744288999273,1177.0838889372112,1
13173,15103631.494244648,3.948254070576701,554992219,3353943.0275452174,2925.2230841760697,1146.5597429776549,1
4015,3738686.330398013,2.75403206679588,471363255,1159140.4951614847,1244.8086511654246,931.1796588787081,1
17545,18335554.970238607,4.0249343592648525,291416362,4247929.826440425,4064.7762735227084,1045.0587044878089,1
238,77047.49473669913,4.405128235143822,433566999,15923.196442094624,49.186813486531285,323.7289694819291,0
14779,16828315.41736634,4.966744561570943,320856988,3182599.0025159623,2795.029062127275,1138.6640109186237,1
7692,8375688.307930207,2.638243709050037,979683657,2315051.5365582295,2126.0791668125535,1088.883035352341,1
13009,14673561.060674908,2.885465937631374,8313264,5070725.870309199,4495.505390551619,1127.9545745772086,1
4586,5465792.095781349,4.658104615208224,21186229,1168081.2921784108,980.0630379016312,1191.843021321707,1
406,187126.47052307866,8.287933635075362,562983720,21142.042459110202,45.87095141806836,460.9026367563514,0
15425,20678538.94803866,2.862022666109919,583856046,6000947.994880861,4476.361848080032,1340.5859933898646,1
6893,8233113.6758848205,3.0735985065322606,810079966,2119926.6968453787,1774.8637145818054,1194.4166075561905,1
3785,5549309.193769809,2.532657874236503,655128033,1740803.603269742,1187.3444798810917,1466.1318873896457,1
18679,26385111.799059622,2.0688395819442964,135873192,11967596.011092128,8472.30542715218,1412.5548369323637,1
332,44773.92521362951,6.0917257589603135,48673094,7291.696563333798,54.06814898350477,134.86122052298046,0
129,49616.84173881429,9.514680562619482,175052155,5120.558346113377,13.313060716879297,384.6266801458472,0
15532,21987021.08401598,4.580340691065258,472522499,4351398.4560765475,3073.900759976722,1415.5949706422857,1
62,4147.156140176787,4.0885647148655515,826324828,843.7943729980249,12.61472907158191,66.88961516414172,0
206,63969.1759425041,3.562189853898445,959645755,14146.727452148023,45.55672028293466,310.529980303418,0
15528,18019146.497837514,3.78352629747394,298190359,4414600.035810339,3804.281704701699,1160.4293210869084,1
375,170111.40127089963,1.2020432358819222,148227738,125983.15787078116,277.72203302416005,453.6304033890657,0
186,129911.7698094878,1.5040207804510013,699661593,58952.13002318656,84.4041783157348,698.4503753198269,0
16080,22510807.06941687,2.2897992388425985,770549613,7355634.327721622,5254.302949913187,1399.925812774681,1
81,20086.61920687122,3.88596479262789,997013047,4113.600320660462,16.588238296443436,247.98295317124962,0
9432,9939209.810689475,3.8814928509288116,817819717,2115034.8411640367,2007.1020736884261,1053.7754252215304,1
233,152931.7553929216,4.679137155440554,340374485,30467.45706510585,46.41885838510577,656.3594652056721,0
8131,9683331.847578982,1.1942508931826468,450950574,5885803.070770031,4942.251853156969,1190.9152438296621,1
307,164174.07198487435,2.135377866590351,100643782,73422.3982528855,137.29741847246476,534.7689641201118,0
17184,18573733.86436855,1.2869269512596335,406116411,10970619.110179773,10149.769570618228,1080.8737118464007,1
308,148465.62678381676,9.933379467234943,230109593,14607.74207596626,30.304553699483215,482.03125579161286,0
3832,4607757.927357578,4.524016339258831,192765360,976885.9831019135,812.4183488504755,1202.4420478490547,1
75,51256.75792937442,9.548462849377291,955086916,4879.946215738548,7.14044315258271,683.4234390583256,0
468,198740.03569995146,5.926657654011027,690258591,30035.14452065129,70.72781076122267,424.65819594006723,0
166,69840.54890839457,9.062135856052354,490146204,7311.399356648792,17.378046309395746,420.7261982433408,0
164,62063.20170722456,8.214575373838302,106107299,7458.90741751529,19.70992122261253,378.43415675136924,0
4963,5231043.465816154,3.6798796963866267,918697514,1137535.2041498837,1079.2468567865437,1054.008354990158,1
9345,9259722.888799123,4.157162618708419,823985321,1858953.5988246833,1876.0735704121703,990.8745734402487,1
266,17022.649043435064,3.729529234589007,723723031,3822.52071704354,59.7316262668128,63.99492121592129,0
113,16807.865843486623,1.353627506356232,303796311,10140.958315837988,68.1780959201172,148.7421756060763,0
420,214071.88680705658,3.2139976627611566,655717851,55319.79961984083,108.53511027010418,509.69496858823,0
46,28045.9766508921,1.6120920875717846,694028348,12161.540316058261,19.94692006993757,609.6951445846108,0
321,156120.88720686,2.7022482669406607,230544543,53232.838909618986,109.45198682701857,486.357904071215,0
200,23944.851220709923,9.479669090406746,144241743,2488.0582992926315,20.78157242539647,119.72425610354962,0
9838,9696260.10587578,2.0740003047899815,39006163,4588845.445426968,4655.925171061915,985.5926108838972,1
18766,21672799.35215863,3.775453369313578,550550858,5009888.620847997,4337.952302846817,1154.8971199061402,1
14404,19070687.329962987,2.8198031073679988,818792562,5241221.906163442,3958.670132343087,1323.9855130493604,1
54,23071.95321500556,6.811833630351753,190959951,3294.6784660975213,7.7112083017555335,427.25839287047336,0
166,130948.69168095283,1.6839415568424863,840845996,51865.23180278143,65.7481061379251,788.8475402467038,0
82,47668.67385746103,7.353913626657941,875514304,5792.465072800015,9.964240611977036,581.3252909446467,0
341,141617.2506683471,4.510774349021923,529171621,28098.962074335705,67.65945548390803,415.29985533239613,0
14751,21249473.957501028,4.422574656579787,748127233,4109591.7752140863,2852.8041869377207,1440.5446381601944,1
145,73527.86356591909,3.682518146153286,519522104,17498.134046487743,34.507046902920685,507.0887142477179,0
14940,18724095.261680387,1.6544336833748488,383206280,9189108.772026896,7332.011674552932,1253.286162093734,1
361,285353.9169537685,5.516562183000746,262638166,49376.02085435708,62.4653893617685,790.4540635838463,0
50,6505.339846835733,6.570416464870903,970107983,862.71716136038,6.630838523985914,130.10679693671466,0
18158,16611272.118830644,2.3944098777713827,258811005,6260795.0309359785,6843.757381041464,914.8183786116667,1
456,48148.99855709082,6.039943043172022,697925394,7146.0283034703525,67.6771896412079,105.58990911642724,0
11834,12425002.184310572,1.0735239591009682,281753137,9167868.489813916,8731.79369299868,1049.941032982134,1
73,26232.144711233857,2.3549012925600223,487957444,9227.3824140048,25.678377564526137,359.34444809909394,0
278,216365.82667775502,5.618530146975079,754691254,33949.20920912176,43.62001294313533,778.2943405674641,0
8083,9441050.962717276,1.3580807871873692,17812427,6861761.41096339,5874.729169860748,1168.0132330467989,1
71,32810.54347449679,3.7435435233064025,235196339,8246.466119922987,17.844845970614074,462.12033062671543,0
2671,3548347.33524627,1.7719360317561144,842819815,1357047.2897683263,1021.5102887383014,1328.4714845549495,1
16260,16082601.933399554,1.7520628687851558,233219764,8100913.022564071,8190.269602665502,989.0899098031706,1
3986,3719200.2148820986,1.4024799088903603,592159721,1864597.5739921161,1998.3559637883557,933.0657839644,1
310,60673.186971074276,3.576018765159949,780224697,13927.868701119563,71.16223018588893,195.71995797120735,0
13906,16857877.450374156,1.0921883536264296,475929042,10750392.47532854,8867.958507943755,1212.2736552836298,1
11180,14350175.420380581,2.1184057305805273,322736515,5878467.527388176,4579.823244729145,1283.5577299088177,1
12415,16447003.361097157,4.014440525911949,246637396,3859822.247446105,2913.5820155171864,1324.7686960207134,1
248,36218.54580734946,2.5138998319018744,156381396,13563.569795158817,92.87411281202824,146.04252341673168,0
313,158679.637576423,5.127849082729683,521123816,28089.99802638568,55.408302643899404,506.9636983272301,0
13324,14553700.454617508,2.1628892304826604,985501616,4622583.778274132,4232.003156433196,1092.2921385933284,1
398,132350.38113395957,6.4986354948902925,530190479,18829.65684818438,56.62396557809728,332.53864606522507,0
415,224757.09333208358,8.816285360824926,490351461,24150.19492379969,44.59183354257325,541.5833574267074,0
344,30405.90454670728,3.6227362480844376,518819919,7341.661761915052,83.06056615481525,88.38925740321883,0
19248,23064885.49155241,3.3302756368592448,719044233,5695990.001489842,4753.390845527119,1198.3003684306113,1
3410,3263561.6032161526,3.176732595907207,232837683,957176.8100530688,1000.1260337982916,957.0561886264377,1
2598,3455006.907653842,2.7578614974337685,767339232,980087.9929492126,736.9793096625453,1329.871788935274,1
139,69981.68548333466,8.318349895274327,246865851,8170.452158636527,16.228429512760588,503.46536318945795,0
208,38686.2886951471,8.72868156861977,93233083,4385.248579574958,23.577648187948594,185.9917725728226,0
282,122015.40865633114,1.70504395985806,502854768,55263.136445891905,127.7232494597139,432.678754100465,0
6019,7245734.388118326,3.675013017799255,951405508,1566164.9173572252,1301.0063759763636,1203.8103319684874,1
11697,12108078.682569224,1.519131862890445,779365248,5267824.190511389,5088.977464700204,1035.1439414011477,1
3184,4643129.006481227,2.30776840101878,373352211,1731786.6960804616,1187.563135252827,1458.2691603270187,1
5319,5147275.4830363095,2.975396782832401,470160470,1493887.6661547332,1543.727069294102,967.7148868276573,1
6928,9506501.002867775,2.3508765782488683,242158210,3666167.938027441,2671.7728706904954,1372.1854796287205,1
2690,3969007.239282018,3.884637072855509,777776881,851277.316549705,576.9543473881265,1475.4673751977762,1
12720,13539485.412623031,3.450737378698429,412167624,3505000.874514138,3292.858610583086,1064.4249538225654,1
146,50264.728289292085,3.3350425396126866,369090136,13569.904938941741,39.41543480913536,344.27896088556224,0
18799,22472598.251735926,3.000791742091141,157323348,7115826.247829171,5952.601302904853,1195.4145567176938,1
317,213901.41401655896,4.158780615334822,182171416,49275.230979869935,73.02545564009009,674.7678675601229,0
5816,5816568.938394438,1.244866632574288,200509765,4024258.973756684,4023.8653472968963,1000.0978229701577,1
4397,5550098.1820875835,1.9537087158139346,452110422,2306947.3905385593,1827.6519339668096,1262.2465731379539,1
247,171204.53805913148,4.680345121810048,131834832,35577.33495057269,51.328088801923855,693.1357816159169,0
430,187412.95777227578,5.046390154069636,122768213,36255.990717212066,83.18568893909985,435.84408784250184,0
129,71105.54842145026,8.393820201007175,486993887,8006.647556947801,14.525695360992199,551.2058017166687,0
10572,15186252.177428588,2.1706857830376967,729590103,5236140.551503107,3645.1704649529984,1436.4597216636955,1
207,18194.486264944684,3.4731802969111047,503239698,4575.594702830538,52.056875346394996,87.89606891277626,0
52,31838.155507658073,6.600849735236967,35883199,4797.2633256665085,7.835180429175806,612.2722213011168,0
14123,18764277.32319161,1.895113545083905,715726671,7187064.611459386,5409.36971668975,1328.6325372223755,1
294,103432.85980005052,7.608448274776439,5516552,13584.625376295755,38.61325954200293,351.81244829949156,0
447,250139.46363961714,7.350934004865518,719184903,30995.759355642134,55.38951843253917,559.5961155248706,0
15824,18460457.490628056,4.298505411203571,833206056,3597329.586553652,3083.571650730977,1166.611317658497,1
293,233875.85780254574,7.524214719619955,588161856,28829.51199595573,36.11765273330013,798.2111187800195,0
406,93856.03291888346,2.884660425549402,133461316,31097.49736957295,134.5207499123522,231.1724948740972,0
19073,23805719.27678054,1.7041587286198827,661575200,10062720.489733294,8062.191512435538,1248.137119319485,1
250,49762.16392770706,8.565693803372127,535992143,5467.356731589045,27.46743861225495,199.04865571082823,0
353,102989.41528480357,8.25172202960308,768116542,11418.099610900183,39.13595539407331,291.75471752069,0
169,40814.62988009438,8.565432604958726,852155187,4333.873044957886,17.945147285412286,241.50668568103183,0
248,193118.27822922595,1.4553716830892356,807598424,85338.41327565126,109.59048872235971,778.7027347952659,0
8312,11119046.826179875,3.70555751221964,417847328,2696569.28122236,2015.8098275786203,1337.7101571438734,1
412,158999.69190161533,6.855458709268931,649302961,21186.507831622803,54.8984788727123,385.9215822854741,0
19424,23627194.473928604,3.307533099907783,585698861,6068786.733277372,4989.17100112137,1216.3918077599158,1
42,31177.276770110493,7.006160467453564,448943857,4182.004089177611,5.633723979185023,742.3161135740594,0
73,52672.403548287664,1.5069995001931582,963573580,21319.913169364554,29.547800299958176,721.5397746340776,0
17588,17567433.439939886,2.7531944321326636,812364543,4926978.788588473,4932.746905229805,998.8306481657885,1
68,20161.739929403117,2.0789922833546086,394311937,8151.7428238215025,27.493585075535325,296.4961754323988,0
142,16216.648079604553,1.1804743880560769,267650892,11198.373720108375,98.05781444164916,114.20174703946869,0
287,169353.17644743883,8.271442270128551,727504844,18819.22121550759,31.89261992099092,590.0807541722608,0
273,24129.80129826664,2.4078422693945716,521685719,8236.753973287743,93.18907383083524,88.38755054310124,0
49,15903.43328877161,3.6911141164841146,117796952,4175.322816108941,12.86456919549482,324.5598630361553,0
17247,19818495.82689659,3.9059869853496907,63904076,4992201.428358254,4344.451707482455,1149.0981519624625,1
129,100747.15177852617,6.052202417704041,75719543,16440.671474698618,21.05118192222851,780.9856727017533,0
372,287879.9950118987,9.408428123174891,315952204,29603.942392855075,38.25436557231742,773.870954333061,0
9399,12630122.5284321,4.718022821472595,77693286,2633625.978975711,1959.874143791509,1343.7730107917969,1
14773,19668690.27059569,1.6775859985263142,298591644,9952895.856797341,7475.542523148087,1331.39445411194,1
7266,10386617.061874093,4.524420593426264,353885994,2129143.971525978,1489.4512818706328,1429.4821169658812,1
134,91809.54872678377,7.103102513829818,633774799,11866.486311543149,17.319649075705524,685.1458860207745,0
10864,10429343.83719825,2.1090336653967445,144078413,4628861.536537276,4821.775225549604,959.991148490266,1
471,305623.507284258,4.197606788973869,387475794,66656.05291803308,102.72443112562456,648.8821810706115,0
230,16498.2734225811,7.85829448935146,395070472,1998.9753875950694,27.867421479243333,71.73162357643956,0
11531,12311437.276091447,2.4670083057037604,351608649,4367900.099212094,4091.0134953800134,1067.681664737789,1
19434,25597591.05616866,4.81652656628429,610490305,4716696.421492984,3580.9728366296736,1317.1550404532602,1
19713,22560136.12096537,4.942096533020872,761967872,3955098.420892184,3455.956770517542,1144.4293674714843,1
16887,15753413.326970981,3.9929552247236004,736819894,3330689.711781111,3570.360022646744,932.8722287541293,1
3211,3906097.623006289,4.7347156245317406,606132035,731362.8607315036,601.2154258452533,1216.4738782330392,1
405,50546.0965269756,4.466463649952864,574880581,10026.31326316352,80.33571631815568,124.80517660981629,0
422,233071.40130006248,5.647999077125394,338007821,38936.03954466745,70.49774702601087,552.301898815314,0
3079,4130700.6076957397,3.6967904914597187,220036727,1054603.7334064804,786.0954359918915,1341.5721363091068,1
469,87582.1499058251,4.396488624772987,58983612,19657.209214092014,105.26381381734022,186.74232389301727,0
17608,20556763.312216293,3.649487439651014,280695971,5230484.474721034,4480.198036631407,1167.4672485356823,1
3340,4348046.680816398,2.7014259850799345,907880792,1204676.3961511,925.3854566228326,1301.8103834779636,1
135,9551.960113072468,9.026381902659516,347676335,1018.9781064830861,14.40144669228195,70.7552600968331,0
18571,26371095.018675096,2.5661483984065168,998918854,7397082.060899101,5209.158393145059,1420.014809039637,1
74,50460.32215235629,3.5428677729619924,635791116,12075.721778977508,17.709031047131514,681.896245302112,0
48,33353.21440609152,5.534999171121462,208511772,5807.112537329796,8.357257516412625,694.8586334602401,0
5574,7523282.698850337,2.3368613490404586,560747620,2596376.1084511233,1923.6550064399569,1349.7098490940684,1
160,120024.7018063918,9.075686461747647,568963781,12444.69200909023,16.589507755381067,750.1543862899487,0
11019,11813353.631084565,4.5168173503415305,187399686,2511226.3188162358,2342.3664161059787,1072.0894483242187,1
7205,8647287.711005228,2.3677379742989064,768373268,2757328.1184587027,2297.431259076901,1200.1787246363951,1
463,354858.81186459516,5.940392720494039,444878057,55574.59099704193,72.51062893556862,766.4337189300112,0
246,41500.613598710275,7.544180771937348,454505925,5188.4284472100435,30.755048837478785,168.70168129557024,0
18864,17405663.433550555,1.9343217368894368,528504855,7067352.403482553,7659.491765324767,922.6920819312212,1
3198,3099439.732142568,3.6821620260243635,459523940,748352.182557613,772.1493194400215,969.1806542034296,1
37,9255.353960541905,3.228553784572467,89805666,2789.1354443067394,11.15008803329517,250.1447016362677,0
10050,9668471.46787915,2.6608550267373228,779571424,2810253.7886857274,2921.149498151943,962.0369619780249,1
5424,7007665.481909394,2.4500389252884944,302228714,2546142.454271267,1970.7385730125402,1291.9737245408176,1
420,193338.52200212842,4.1898159278864755,924565062,37802.917378359016,82.12137516358999,460.32981429078194,0
369,275971.9598108122,5.064750959669541,791218442,47126.605499702986,63.012624330789336,747.8914900022011,0
10216,11678206.619775258,3.2427779255027205,539122259,3087920.3707251777,2701.2875807411865,1143.1290739795672,1
19573,23819087.635826185,1.8248108636071154,695262382,9451744.181383064,7766.837743354809,1216.935964636294,1
12559,14189680.928637119,3.4227969618395027,511526605,3606638.0122456197,3192.1624611289462,1129.841621835904,1
13938,13645947.04756219,1.9462717008444002,774115255,5016178.679377077,5123.535815394206,979.0462797791785,1
326,228576.94667529594,6.530869163991839,143122065,34248.91325633707,48.84633329811028,701.1562781450796,0
2232,2343710.442369551,1.0545593833435243,371739707,1643211.0615769012,1564.889170238777,1050.0494813483651,1
2233,2559718.4264740427,2.9826156835329884,993635148,643751.7488018175,561.5842899777773,1146.3136706108567,1
397,108981.14603345728,8.937129562871135,62341865,12109.727433096285,44.113701919259505,274.5117028550561,0
2731,4052494.924144132,3.509033602543913,832008393,933530.4584254253,629.1116286834765,1483.886826856145,1
9624,8710402.318863073,4.937767814333473,383145223,1637012.719010385,1808.7121387766526,905.0708976374764,1
315,226842.53123992297,7.742420408588785,152565441,28732.481040702332,39.8987415558708,720.1350198092792,0
387,134063.38241791294,1.1390268495977014,632314883,75684.65189453129,218.47845216883036,346.41700883181636,0
5466,5227098.212708095,2.6639584319009666,54047447,1923137.1989606172,2011.033177827486,956.2931234372659,1
438,94360.5429631056,1.9419457051710665,618834538,36848.35636120693,171.04161950953497,215.4350295961315,0
337,57750.56730934138,5.336230982850473,15333352,10791.34318413365,62.97224118289817,171.3666685737133,0
12786,18018805.407244127,1.3008081150512099,885012860,8243495.516288554,5849.518394204469,1409.2605511687884,1
40,28593.831706611014,4.591984155172563,330800105,5808.467362250136,8.125483036828806,714.8457926652753,0
5030,6950855.662409591,4.12674839106559,189603755,1610354.1664795317,1165.3358738547106,1381.8798533617476,1
11624,16118446.88989908,2.2382372060522937,376134235,6165323.961545169,4446.192999767967,1386.652347720155,1
5109,6843326.048818479,4.5226023098583115,782599694,1289927.517150438,963.0170531271722,1339.4648754782695,1
15407,20974906.720732495,1.0093898954698126,845120025,11310215.431696808,8307.855261349514,1361.3881171371777,1
16067,15502188.654442716,1.4550478352181977,799913798,6874701.735975245,7125.17666079745,964.8464961998329,1
423,124295.79835163859,2.606056066885373,275349584,43137.20919976889,146.80334921604123,293.8434949211314,0
19140,26097649.44380106,4.413385990434895,725134816,5078825.293675829,3724.8073367789534,1363.5135550575267,1
3494,4395570.076458674,3.912733428753929,374529911,1025262.440891014,814.9720983084144,1258.0337940637303,1
12268,18388915.8144431,2.7804266548719765,596324046,5445742.799340959,3633.078390072457,1498.9334703654304,1
13957,20108624.85792998,2.4540578294770667,704032176,6367337.480266758,4419.443390085277,1440.755524677938,1
14459,19336343.218017362,4.617524538662094,781309238,3581577.803266307,2678.1709899095063,1337.3223056931574,1
166,17731.186606451694,4.111572269736981,442441166,3893.529708829732,36.451363691055086,106.81437714729935,0
377,170426.1307414037,8.062510736614225,727345601,19388.955199654763,42.89034831965487,452.05870223184,0
190,16825.97360850162,9.997671450322834,553540294,1594.6958525929474,18.007410390776307,88.55775583421905,0
442,179744.30142644426,3.3512061920822416,422221404,47634.225607790555,117.13488300634313,406.661315444444,0
6765,8540666.222528676,1.1046333692936794,798072018,4488696.084829258,3555.463733469649,1262.478377313921,1
134,33743.792496830174,9.843871703442122,81293570,3399.821722578487,13.501034623429277,251.81934699126998,0
400,128196.90842055598,5.646230408800545,690669384,20230.22496997705,63.122348952787064,320.49227105138993,0
482,315949.6638808936,7.585347454508364,496029892,39096.01672262003,59.64329833060607,655.497227968659,0
18391,19969638.070337225,3.75317199370902,999911743,4201406.744869168,3869.277508822875,1085.837533050798,1
182,51010.69601604447,8.055572662880568,686179591,5835.294176107566,20.819624568885263,280.2785495387059,0
489,359826.6336395882,6.892981761558342,466361098,48893.853772860166,66.4461500614671,735.8417865840249,0
5970,6123497.86148749,1.467216430935808,881880259,2606745.7707136027,2541.402414629062,1025.7115345875193,1
6760,9005406.699530635,3.821226570143709,804374377,1946861.9974862812,1461.4317311946838,1332.1607543684372,1
6087,7554474.176717137,4.964226034956348,488447415,1385462.42426779,1116.3331264682154,1241.0833212940918,1
18158,16774845.664258119,4.2843134479929645,384004600,3593338.2198477406,3889.6235889083464,923.8267245433483,1
247,55257.84870426564,8.587332522349328,760525813,5911.2843521928135,26.423164658578415,223.71598665694592,0
13141,16697429.705457624,2.2019550345305556,886163081,5406991.922194956,4255.342415146677,1270.6361544370766,1
298,203515.65651503517,2.8557737132968204,220555411,66155.35864081327,96.86869901090837,682.938444681326,0
390,140595.3034567499,5.08980087243587,327351140,25953.73050894505,71.99354921270394,360.50077809423055,0
9238,12782233.054596832,4.106229887140881,444432383,2808873.1476443135,2030.0341909824936,1383.6580487764486,1
268,37752.29960541347,4.4038610548577015,190628798,8216.86429058759,58.33074151492753,140.86678957243834,0
363,251479.49293695236,7.994838226157669,414332425,29905.38584234009,43.16715822029687,692.7809722781057,0
468,120989.35140347575,1.4748095334888174,176000113,73290.91616396449,283.49725299667995,258.52425513563196,0
52,6996.969435564496,1.9203785289740445,891303726,2488.53490581534,18.494266166814796,134.55710453008646,0
17226,20041157.211859856,2.886434282964369,484459090,5945354.834595563,5110.218002787619,1163.4248932926887,1
5083,6564647.924693099,4.841065433968266,102223451,1327991.9659672573,1028.2627858259655,1291.4908370436945,1
11411,14670714.151635803,2.345250910019822,334024789,5475626.922978808,4258.986861327696,1285.6641969709756,1
199,75771.8644226998,6.685973592874799,630190254,10356.77521834982,27.200046932383234,380.76313780251155,0
9272,8399579.85690682,4.862612699065649,358062128,1608906.9201093907,1776.0156123746654,905.9080950072066,1
362,138405.6236484445,2.8838963444231536,708011809,38532.617688606944,100.78208699601839,382.3359769294047,0
338,228697.8130628063,1.6225677145487545,236909241,122990.39919820613,181.77154548293504,676.6207487065275,0
290,217198.1780924495,6.266753068535685,865189560,30454.280047544933,40.66213304067789,748.95923480155,0
13528,18171903.06771124,1.5673775904679408,614028232,8330363.328338603,6201.505405672317,1343.2808299609137,1
116,42650.067077842315,6.946546537982364,431115589,5780.973205842267,15.723138035252735,367.67299205036477,0
5148,6002527.806802711,4.536980695715817,368779005,1223567.4335876787,1049.3787535595834,1165.9921924636192,1
363,264967.54953838524,2.2104109584595206,356648755,103218.30386302131,141.4069170641924,729.9381529983065,0
10000,10485387.048850708,3.992934865974037,246297561,2473416.4095680816,2358.917604132878,1048.5387048850707,1
91,69729.08738293416,4.499663468267048,689956507,13436.260788892549,17.535002646377265,766.253707504771,0
247,150499.46667865413,2.786885729813815,87667956,52355.76827852711,85.92638266558302,609.309581694956,0
457,356720.26639377774,2.12897606005468,701637072,126022.26081486534,161.4491202717885,780.5695107084852,0
2065,2764336.5959414137,2.3240650379795795,329884050,1041593.6795704965,778.0857625916481,1338.6617898021373,1
9441,14101118.977106333,3.119335555848281,769479252,3626071.097201108,2427.7319611482853,1493.6043827037743,1
9960,10984724.57117924,3.6197644182692863,463226269,2690362.3869213006,2439.388370650747,1102.883993090285,1
15665,21414417.53082307,4.734461511340376,466311425,4117545.1789463703,3012.052283717462,1367.0231427272947,1
199,112291.88979927864,5.277673664409301,272883844,20230.740719135374,35.8522544264261,564.2808532627067,0
14380,17592326.984755643,3.462904213780691,162691209,4852258.714311541,3966.245077883262,1223.3885246700725,1
80,42975.47777103982,4.739440570263229,532312709,8152.027512381232,15.175217003171412,537.1934721379978,0
473,134689.42254817166,7.378127546607146,734737847,16601.954551631723,58.3024587555365,284.75565020755107,0
206,93796.55928991934,4.293274918722179,316976124,20345.21730394448,44.68303311274017,455.323103349123,0
12057,17144544.44029233,4.582611678332707,542003781,3345527.9867037623,2352.7618990498813,1421.957737438196,1
6276,7456227.439619119,4.1331603697554655,732851294,1532307.7614377502,1289.762629783,1188.054085344028,1
241,79231.14832355158,9.439674894413399,224492214,8198.445601646808,24.937482692139195,328.7599515500065,0
368,75126.24833599414,1.9735244879568339,283611715,33283.87903112769,163.03845533021993,204.1474139565058,0
422,118520.17246322267,2.7900253264421564,593103739,35032.70793712173,124.73659497966771,280.85348924934283,0
70,11147.396456367129,9.8415149906581,242242007,1105.4804730970861,6.941857089203671,159.2485208052447,0
18618,17526873.5893028,1.027152696094359,388441481,12381284.038112083,13152.074444255772,941.3940052262757,1
10720,15669159.676146146,1.597072050676989,86587513,9306608.066256488,6367.082889719289,1461.6753429240807,1
7392,9736135.338075683,1.078902985852702,516474065,6102717.431513687,4633.387446590824,1317.1178758219266,1
16799,22756613.59961642,2.511187295637646,353909452,7942703.372366011,5863.327307830445,1354.6409667013763,1
19274,22057997.523022283,3.3087989856902458,802940945,5364638.302724405,4687.553280337075,1144.4431629668093,1
19753,20800942.742693927,2.6249963839076194,545605055,6560566.865149902,6230.048267058626,1053.0523334528389,1
378,66780.9424156311,5.208300536488901,747369171,11213.003019905223,63.4689327255149,176.6691598297119,0
432,204240.74099510367,9.33893002675878,556032400,20640.88090347659,43.65857912019451,472.77949304422145,0
4770,5189858.3415367305,1.4245016742596097,193741067,3207095.0848183893,2947.641832947214,1088.020616674367,1
457,82582.12083095842,9.358564323496019,634778146,8263.713675683044,45.730445183376894,180.70485958634228,0
8680,9684500.69666018,1.6730417773520165,540316922,4375477.277811055,3921.6418028135968,1115.7258867120022,1
199,41832.8315264957,4.810480741607157,867020948,7368.175971320625,35.050628054285866,210.21523380148594,0
275,36222.67605813345,3.9182578646677353,206250783,8782.300912041028,66.67460866047713,131.7188220295762,0
7565,9664064.689420937,4.636929505846005,655661841,1825960.8679555447,1429.3565295775543,1277.47054718056,1
9351,8552949.469426716,2.312278737942631,694700940,2844365.571262731,3109.7649473966294,914.6561297643799,1
13556,17632068.670883145,3.737314601821067,174358402,4507551.795270077,3465.524850047025,1300.68373199197,1
399,261035.56055332473,8.18022134987747,928351965,28658.226873682055,43.80488427845162,654.224462539661,0
13199,18688631.65075996,3.4909651055099102,7794087,5341502.69351726,3772.4802633619984,1415.912694201073,1
14807,20376244.98888138,1.5201050226005304,367647287,10793918.717648515,7843.719710841369,1376.1224413372986,1
6747,6161305.83851959,2.9040828275204795,287238763,1930643.986748678,2114.1711383902293,913.1919132235942,1
5428,6876716.436335888,3.3866315679883607,841948486,1626247.1913827972,1283.6460302744788,1266.8969116315195,1
16026,15093086.805920223,4.261951062320543,381977289,3250068.834853657,3450.957634917615,941.7875206489593,1
349,152584.2928136168,6.843059015868671,740649054,20120.01139915439,46.0197039211774,437.2042774029135,0
7036,7285481.396892418,3.4351918407215742,107974278,2056206.5544703067,1985.7945589462486,1035.4578449250168,1
133,86405.79755791236,3.964402603307959,547901052,19148.93237654133,29.474966704323652,649.6676508113711,0
9692,13942108.444845943,1.0718314550006038,846797908,7266702.320786672,5051.522814621361,1438.5171734261187,1
111,14323.485848859713,7.23888587996981,89653284,1954.4803580064104,15.146265513012857,129.0404130527902,0
374,287059.32932131406,8.572957839606204,851574325,30458.735171955203,39.68366741901053,767.5383136933531,0
10328,12478520.114489852,4.314121038326034,922793518,2382800.0209429,1972.1536200211801,1208.2223193735333,1
19045,19181692.17467138,3.344832664762036,376874770,5154003.239348621,5117.274888969806,1007.1773260525797,1
362,149432.82817117096,8.142691728300228,88796753,18153.803957892054,43.97746541495727,412.79786787616285,0
342,120675.10153776845,8.742279577597339,209045334,13481.255873241933,38.2066345906967,352.85117408704224,0
3515,3288401.951081445,1.3146482332570346,452676403,1860666.6164320868,1988.8819110473762,935.5339832379644,1
18455,22628114.506525815,3.7848857444850896,909167524,4820591.759886138,3931.5702111654937,1226.1237879450455,1
11551,15276837.94174647,4.30123360969193,251781012,3355323.716502693,2537.0004183530546,1322.5554447014517,1
81,15476.660168689023,5.181244879953215,767359556,2601.7295880607694,13.61663914151663,191.0698786257904,0
197,69898.82002232189,4.886245907073208,148587779,13883.044481820356,39.12740961929275,354.8163452909741,0
389,198347.17873059798,5.377348907426328,325495001,34780.39762538949,68.21158114203807,509.8899196159331,0
238,18978.31143067463,5.990402028890537,53367513,3140.1447886343576,39.37939697243184,79.74080433056567,0
66,39672.83900620935,7.7768757373526665,523921991,4779.400764182049,7.951043039461946,601.1036213062023,0
3421,5054123.10326352,3.5864845346302214,361372787,1280219.2915058234,866.5460074396351,1477.381789904566,1
287,194212.73987679678,5.935608430677205,421022610,30552.778450407954,45.149702438829046,676.6994420794313,0
19861,24164569.228585154,3.1234361371539032,269264575,7122517.215273003,5854.038326708449,1216.684418135298,1
99,39153.930566560564,4.25593005195682,73533652,9043.598293889534,22.86657349951244,395.4942481470764,0
444,286157.9198874366,6.857224211290417,508293517,38851.02588081825,60.28089489142472,644.4998195662987,0
4845,6127112.412515902,1.2514299498895238,163797457,4329418.991384895,3423.4780759713003,1264.6258849362027,1
61,16179.432824249763,4.493197729020244,994199,3600.076072268911,13.573074086951907,265.2366036762256,0
37,11090.552541562525,4.810949244098133,374232535,2138.8936808868298,7.135718973084001,299.7446632854737,0
241,114754.56035775426,8.672848667703704,733694997,12199.439501710845,25.620462583329882,476.16000148445755,0
300,122422.48795944036,3.9991756649565486,885819629,25060.922394519974,61.41254636849778,408.0749598648012,0
38,23264.672185513627,1.8066859597415612,754196850,9084.629760102707,14.838632933708856,612.2282154082534,0
377,122442.74877143401,7.336939246944731,109340892,16443.478688244235,50.629306575273105,324.78182697993105,0
456,134328.8072271435,9.611521007887568,429443446,13378.078156141197,45.4139641758666,294.58071760338487,0
250,169012.25968240376,5.845457682067899,432840325,26920.0760289071,39.81970905467666,676.0490387296151,0
16294,14680092.118160728,1.966024907424245,100040378,7105337.96861425,7886.488444944854,900.9507866798041,1
16882,19774051.429366402,4.922592878256198,573444923,3597873.9856641376,3071.667373929156,1171.3097636160646,1
27,13022.249837938134,8.989519581039886,45976783,1441.2323698966902,2.988214361687591,482.3055495532642,0
487,120627.67490314493,4.404465043145857,979518047,22404.91340396781,90.45347874352383,247.69543101261792,0
205,59215.97251450379,4.7717897830386935,501990450,11228.373177845562,38.87154772125976,288.8584025097746,0
227,35511.81656705709,1.0142147897012068,855052030,18997.724772503843,121.43798713352481,156.43972055972284,0
428,298830.1376983072,1.416323703351555,908384215,128545.24017374493,184.10915049641756,698.2012563044561,0
8783,11739567.028947284,1.7673444584040423,726953683,4706561.270313529,3521.231024554283,1336.6238220365803,1
5688,6972099.180719744,2.080233864406223,43219177,3283378.085018816,2678.655891647697,1225.7558334598707,1
7037,10491989.539354185,3.756436325947296,256530607,2614521.8026126157,1753.56540873157,1490.9747817754987,1
8278,11902801.387435468,4.142666407777824,585055408,2517661.116970177,1750.9490453464996,1437.8837143555772,1
476,349757.96406180545,4.9739255999184735,613464760,62597.73195207876,85.19182826648706,734.7856387853055,0
12895,14158515.764860868,4.3734932827000215,911331542,2679088.9451410603,2440.0051899037067,1097.984937174166,1
201,131578.80388516284,7.8299996512640195,873253108,15118.347992950816,23.094813578296826,654.6209148515564,0
6250,7917588.799118934,2.7471086772932787,919355506,2159461.6511451164,1704.6395894112204,1266.8142078590295,1
3041,2838620.7173689604,1.8805169767901067,225080723,1348130.6128193073,1444.2454987024053,933.4497590821968,1
5676,7414353.440718046,4.4930174267666905,96949525,1615339.1775215813,1236.6102108459174,1306.263819717767,1
322,112711.74670278886,6.882908287650584,474205179,15320.104442279626,43.76716513339225,350.0364804434437,0
32,2762.5852123891955,9.389205238584548,587274084,276.90983192189975,3.2075443616225474,86.33078788716236,0
3485,5090023.648410492,3.0555033391129345,371190947,1485403.4890239222,1017.0151490091648,1460.5519794578167,1
443,335103.0674256736,2.215343230124927,504559997,123204.04052753533,162.8734418129549,756.4403327893309,0
12307,14225998.747676523,4.9119736949529385,598274720,2581734.5564806126,2233.474622777984,1155.9274191660456,1
6075,7487299.170587114,2.2644195517635826,466961502,2741213.702229621,2224.149571378636,1232.477229726274,1
2784,3501463.5309697306,4.888918836865431,712719765,625078.4421907708,496.9974319787224,1257.7096016414262,1
70,37957.013374702525,9.30637070290546,913116087,3714.1799930888374,6.849659032696647,542.243048210036,0
255,62890.59328746574,1.4355629375118903,884414520,27108.277748057993,109.91486110105579,246.62977759790485,0
5598,7880395.957639309,2.0540286140834274,868972722,2695994.647815785,1915.1547865868727,1407.716319692624,1
19862,24280305.140681617,4.1753731714714455,96655343,5683554.091091006,4649.313536348765,1222.4501631598841,1
40,22529.36326867839,5.769057668985471,580494823,3548.1812768876853,6.299656558550982,563.2340817169597,0
438,206830.26363662694,1.854171187894702,160412072,102666.52550634096,217.41469251704856,472.2152137822533,0
111,17851.62141665506,2.3695714169372613,590828867,6030.137719387337,37.49492952094055,160.8254181680636,0
372,183593.37226340256,7.606977231078123,748149444,21973.738927385668,44.52356193588432,493.53057060054454,0
9971,12046763.082691548,4.437331278895007,227828787,2582282.9040230126,2137.33288014997,1208.1800303571906,1
240,31394.564611901,8.611377235450544,706884750,3369.1438018076988,25.75587597501916,130.81068588292084,0
68,24871.94617335678,4.217226809515674,668380173,5090.86102553215,13.918434340575171,365.7639143140703,0
253,126333.59668416758,6.0671164885449675,94625818,20502.901679282622,41.05981513236359,499.3422793840616,0
2051,2950263.8830262003,3.6566110602179283,670642356,681786.7130150114,473.9727034042297,1438.451430046904,1
62,28588.48987305963,8.128401319440652,726013865,3228.7270562257477,7.002156405422347,461.1046753719295,0
16590,17662503.335301574,2.258326186184909,614912335,6147245.766431409,5773.972427864557,1064.647578981409,1
19662,20864287.308236875,1.6988343681951426,477011650,9589045.885491353,9036.485043325614,1061.14776259978,1
264,49602.125252532525,3.412103504676376,405899716,12991.640495197196,69.14609148842761,187.8868380777747,0
17954,19526942.740745388,1.8632170042387735,454904419,8423606.522501843,7745.064525099591,1087.6095990166752,1
12302,12089630.148950472,2.8541913570356874,111569697,4076400.602974873,4148.007805032013,982.7369654487459,1
194,56097.94193540731,5.617694965312449,622910875,8989.182039511512,31.08672538599025,289.16464915158406,0
7790,10074589.455650918,2.6115601242001945,37233452,3803463.4129939787,2940.961526784991,1293.2720738961384,1
28,9280.217940100918,5.7668007433162005,655891520,1444.910881548185,4.359542517695357,331.4363550036042,0
434,267812.13667715597,4.7652673458591375,314686493,52719.403595466836,85.43384718973515,617.0786559381473,0
2319,2964567.1955029555,2.8061880912696977,341534586,941813.3360065857,736.7230972238879,1278.3817143177903,1
10851,12172498.48159319,3.561003659809105,340613718,3119859.6127917785,2781.1543135204142,1121.785870573513,1
333,242466.86336926345,9.938473650401306,620556749,22962.985633890326,31.536986579646648,728.1287188266169,0
46,20170.814832676566,9.62494917833248,618588845,1969.1257831749126,4.490635939967453,438.4959746234036,0
4611,6457553.106264615,4.984051133528993,213729375,1242367.4096411867,887.1094099556243,1400.466949959795,1
16610,19605527.23837847,4.449339665758926,951307541,3630218.0993866976,3075.557310837215,1180.3448066453022,1
256,70144.75070841436,5.882930760705814,253307498,11431.229973656287,41.71937092514277,274.0029324547436,0
494,251356.6090891559,9.523362503299232,447791214,25208.377707894557,49.542912887096065,508.819046739182,0
9391,10003931.861947604,2.5145695336163763,64574476,3878779.8683004114,3641.1305320623887,1065.2680078743056,1
139,53610.822503510535,5.467590295093758,391431878,9150.13135633898,23.724095231850505,385.68937052885275,0
168,34565.27530754824,4.669652945724354,699041650,6438.3016562492,31.29252316453161,205.74568635445382,0
245,82046.30342133967,5.495942460408243,854319356,12920.144994548538,38.581086431263685,334.8828711075089,0
12713,12629742.228893688,4.587976312742695,560157804,2453265.9683086737,2469.4383851918205,993.4509737193179,1
19332,23174926.728971694,4.8951220039157155,232657159,4519486.115270642,3770.0531527975545,1198.785781552436,1
48,9184.154778880738,1.1176888075715337,9548310,8147.491451192316,42.58199029447232,191.33655789334873,0
10217,10028594.92791115,1.254435984706003,197150006,6908715.702769752,7038.508269861983,981.5596484203924,1
14239,17084285.449567296,1.2402926734199298,403471890,10393389.558187477,8662.432757629893,1199.8234040007933,1
106,7084.910194528547,5.803528723043,249782604,1170.4189346543121,17.511076875634654,66.83877542008064,0
420,129915.33058425254,8.935070592581852,367159323,13966.041665626408,45.15046433075925,309.32221567679176,0
18484,23358625.47344003,3.5941081072968113,102041952,6319717.841186346,5000.879213090326,1263.7213521661993,1
17489,15866754.659083506,3.6331351337046294,81335369,4271606.046549675,4708.342679600141,907.2419611803708,1
5819,8426532.189594597,2.5048056531807927,711587147,2619870.368171743,1809.1695764500266,1448.1065800987449,1
285,149441.04792115247,9.351105668758244,147781733,15732.47914208257,30.003513879662002,524.354554109307,0
17524,25297369.487601772,2.0505344494642945,487678655,9966605.81536984,6904.0696264542175,1443.5841981055564,1
443,235631.74862856508,1.6101675624530132,26126699,144003.284848855,270.73370018826586,531.9001097710272,0
10308,13870783.915798556,3.6565029571334016,414727058,3407025.3619271503,2531.912950553897,1345.6328983118506,1
495,353270.99548439664,5.72888798478678,316364067,58437.76114843403,81.88244191632904,713.6787787563569,0
19182,25627195.76478662,4.014664551638325,827222301,5292811.778702029,3961.6786975407745,1336.0022815549275,1
140,77368.11909263975,7.519801062423836,918007447,9169.219591346558,16.591985921894274,552.6294220902839,0
14300,14182412.84979728,2.136416596909732,242248265,5962341.764451342,6011.775861740824,991.7771223634462,1
14103,15076214.361692537,2.8166698806710553,990720589,3959723.722005079,3704.1118089520373,1069.007612684715,1
10916,11707760.11817449,1.3199299311870192,688571170,5829103.161185838,5434.8986881553965,1072.532073852555,1
3665,4912727.694681927,2.7273747692481187,132178379,1718005.3805580316,1281.6687817973698,1340.444118603527,1
470,195395.6181599089,2.345943867012501,779815672,62511.40425908733,150.36345378905372,415.7353577870402,0
14260,14518962.918544086,3.4388327821470392,117233616,4082871.716374443,4010.0488583200986,1018.1600924645221,1
15769,16210813.331887156,4.831341217794012,580038245,2995689.6283738273,2914.0443963355187,1028.0178408197828,1
7423,9961600.12187616,1.8395713692199887,487755997,4280274.5614836505,3189.495430570358,1341.9911251348726,1
396,96706.15055988454,5.7084233483587745,388183274,15862.291361430987,64.95416623203216,244.20745090879933,0
96,24303.476382446635,8.127649130200442,163498888,2931.2558802588596,11.578613696108683,253.16121231715246,0
8630,10306531.76947081,2.0188820018301956,159137109,4732066.7289931495,3962.316013246781,1194.2678759525852,1
11476,11916485.421059335,4.790931216025221,98242791,2437320.7834158936,2347.226746994526,1038.3831841285582,1
241,167455.95729681442,4.1611944905499545,252805657,37937.46073836516,54.59900134660622,694.8379970822175,0
19198,22712266.5766116,2.743393438054433,502704745,6996789.77523729,5914.177242148462,1183.0537856345245,1
371,116022.56874618123,1.7899562271109652,921798159,42785.05802016008,136.81180047137892,312.72929581180927,0
14511,16162814.513908599,1.562613356934667,315627539,8605293.681386653,7725.846046376765,1113.831887113817,1
13886,16526636.800652184,1.5478665381769434,677877817,7425217.888214452,6238.811734016992,1190.1654040509998,1
9399,10370822.595329175,4.054461195846627,630968934,2213419.538425313,2006.0057965921833,1103.3963820969439,1
107,28748.708745596057,7.179853810186335,939714573,3540.6695761227516,13.178040377315025,268.679520986879,0
399,220764.26852582858,1.3645825564718965,452447430,121497.31714361176,219.5891113358746,553.2939060797709,0
17531,22663598.48611175,4.382979513303052,898998059,4290741.143043125,3319.022044305296,1292.7727161092778,1
14294,17813640.27987204,4.037714819825946,396277698,4017516.991347189,3223.7311954257802,1246.2320050281267,1
3903,5779611.48700286,3.5092683134318583,871653078,1319268.475875084,890.9084759277877,1480.812576736577,1
222,76636.97826362446,3.716511948036056,147090236,19835.628673231247,57.4593318425167,345.2116138001102,0
17231,16144309.867035354,2.048451888067186,667505335,5944243.057261135,6344.356182657649,936.9340065599996,1
402,222430.89882089628,5.603825748113126,252482495,37981.41928107516,68.64392776332122,553.3106935843191,0
433,276976.74282648694,6.258023099485463,439385256,41355.809310870405,64.65187383196584,639.6691520242192,0
497,32896.72242896855,8.682669356751614,355052225,3639.93536771386,54.9917360813051,66.19058838826669,0
2530,3054243.5162933622,3.929818516534919,811874424,644125.1161971715,533.5647060508701,1207.2108760052815,1
196,79971.76413918601,1.5516891500430123,124540086,47709.32424968987,116.92911433920999,408.01920479176533,0
8189,12256766.881471895,4.681089475209631,730454948,2264929.551146936,1513.2463784050465,1496.7354843658438,1
19146,26617942.46308084,3.297174158834294,476779239,7053066.017814556,5073.194600385646,1390.261279801569,1
478,274596.633831089,8.417619996628225,721551166,30046.1200413847,52.30233590050607,574.4699452533243,0
8998,11539354.617852205,2.8081751063192066,929235454,3087526.626153335,2407.5492522907343,1282.435498761081,1
15700,22766317.96546439,3.6860472291241497,258436345,5771685.326518192,3980.242205340174,1450.0839468448657,1
4654,4662089.169257965,1.3795369205902985,289534285,2793223.6525577884,2788.3771431752816,1001.7381111426655,1
308,226834.54074006598,4.986226882377672,199376718,43743.13160449546,59.395207141858684,736.4757816235908,0
249,26163.68692334758,7.207313813756818,768107736,3280.539688105308,31.220920229300276,105.07504788493004,0
13741,19224637.085906565,1.3986556883071035,989864542,8048764.604114223,5752.93431709107,1399.0711801110956,1
391,63980.56594291783,3.6837539008803897,309583720,16021.827357741011,97.9130835207964,163.6331609793295,0
10120,10068144.530811992,4.768934877964664,380219005,1955300.7658445006,1965.3714435454654,994.875941779841,1
390,176786.8386200801,7.79893545264023,523411533,21242.425835538514,46.861780778057486,453.2995862053336,0
60,10159.936805045474,6.658492483230239,765034033,1368.6132571672713,8.082412027332364,169.33228008409122,0
289,189500.4822620505,7.992517495532691,83848831,23463.581838716073,35.78341896783082,655.711011287372,0
3596,5025442.608419943,2.9315777463943946,832294128,1335178.9795524147,955.3991527882694,1397.5090679699506,1
108,9533.166477890694,1.994352651712584,494844196,3829.816226326607,43.38748865894043,88.27005998046938,0
446,222913.24546513366,5.520473781358486,402054230,37638.19183929916,75.3056801326463,499.8054831056809,0
145,113859.5734813768,8.62665521436313,617269131,12317.233377022414,15.685978658266913,785.2384378025987,0
8021,10431800.006790677,3.9084177962340276,470063999,2382515.3317174185,1831.9135205108878,1300.561028149941,1
17111,24573462.154945053,4.1877910223009,598144615,5134515.801554663,3575.2674705107415,1436.1207500990622,1
4477,6525480.831576577,4.02316497154121,229579815,1534416.279158807,1052.7318766384706,1457.5565851187353,1
16841,20986841.428312447,1.8604823881841637,105418191,10675433.768386116,8566.55732152483,1246.1754900725875,1
4913,6086673.928356519,1.680521309534436,383125796,2949474.215835083,2380.7365061710243,1238.8914977318377,1
105,72460.34171169733,1.239423072369075,468990641,42413.81413920052,61.46052281032964,690.0984924923555,0
9694,11746230.588055035,4.13982246114603,861297864,2348719.851628855,1938.3656800372903,1211.7011128589886,1
108,59349.0239857623,9.586845234120705,394769364,5945.834053434229,10.81989280775615,549.5279998681694,0
169,18487.78687163566,2.6810272644613358,500129712,5811.655007418451,53.125325549949025,109.39518858956012,0
329,39130.40311480409,6.469382006487345,771387923,5404.177110427063,45.43715698798533,118.93739548572671,0
11292,14524474.624007553,3.7753815450890653,355702171,3515899.3673839183,2733.423182885831,1286.2623648607469,1
18759,24057802.715621475,4.038885314723702,229470218,5636316.499687135,4394.901000205482,1282.4672272307412,1
498,168458.92085954634,4.36167697808567,827252395,32465.063358411033,95.97355527386128,338.27092542077577,0
438,108017.2239472616,5.613243641624228,874959538,16648.24928517691,67.50713377403315,246.61466654625937,0
431,120287.13377182178,6.0285649917208515,64121675,19742.872127143473,70.74054905107549,279.08847742882085,0
187,26154.599916055853,8.116957573588307,781444153,2939.246925423276,21.015009857472094,139.86417067409548,0
16396,21541408.876926217,1.1649112559962416,438721230,13432883.821596954,10224.287761178733,1313.820985418774,1
39,7003.717008948491,4.065183436790068,508326980,1531.365706140464,8.527366605928115,179.58248740893566,0
225,89804.15552831447,3.5799452315832068,684813906,21057.263172711206,52.75796187812498,399.1295801258421,0
19861,19111541.69291675,2.013828518692065,270275424,8367194.388882198,8695.31356641837,962.2648251808445,1
157,41085.759257373225,3.6328638563341284,522034738,9888.510712006366,37.78672245192571,261.69273412339635,0
2978,3605117.2502898816,3.1340857239239353,566755384,974134.5670233998,804.681939363393,1210.5833614136607,1
81,64619.61073858431,8.271691203346816,754006780,7159.513963109892,8.974375183997063,797.7729720812878,0
8553,9565158.974252747,2.126038483089502,357660424,3851174.933865709,3443.6541303723275,1118.3396438971995,1
12033,11605490.732067132,3.0822821771966935,412828752,3320492.8161563408,3442.809182244076,964.4719298651319,1
340,56953.96005203992,6.706827505718551,284723463,8146.112401506063,48.63012535004333,167.51164721188212,0
18555,24089567.49861103,2.6993229465732447,632337433,7230499.136798777,5569.295151979664,1298.279035225601,1
45,19907.310296504143,4.891203929320882,296813705,3837.1709002700863,8.673833277340151,442.38467325564767,0
5239,6524282.32291629,1.4463756990666687,861544528,2826909.8066741037,2270.009135739795,1245.329704698662,1
7526,7767327.9484345345,4.766532725940811,864031318,1379493.757253884,1336.6334067541445,1032.0658980114981,1
491,311006.14627478644,9.498066214278305,613042651,30758.856463585915,48.56045034646013,633.4137398671821,0
345,85392.53685990784,2.602182918630433,21595276,32545.63858891114,131.48977329945157,247.51459959393574,0
466,333691.5563428995,4.281759919124047,7214554,77802.17822090273,108.65068163032693,716.0763011650204,0
390,130181.6784880495,1.961967659401545,938223905,44887.26885698411,134.47387572154275,333.7991756103833,0
274,205704.49861396325,7.869566711828432,882570892,23503.34374587327,31.306637578475076,750.7463453064353,0
9394,12709744.944172405,2.8793817399346997,340820793,3946877.5066733165,2917.20781656515,1352.9641200949973,1
137,107563.72519547772,6.625241090292961,970153311,14161.703726295924,18.03724635769784,785.1366802589614,0
12363,11653546.037909174,2.515548361330421,435555721,3948876.6620208896,4189.279556089806,942.614740589596,1
492,193752.58778092402,5.618979782450369,690969656,30705.8859458162,77.9720986355206,393.80607272545535,0
15473,19276933.858585242,4.7462624466320245,180402075,3912775.8291525594,3140.664425609065,1245.84333087218,1
3999,4298030.21704489,1.4989444528867164,621527440,2026921.5694218623,1885.9009701637397,1074.7762483233032,1
140,82723.00833997979,4.895214051036858,830210294,14448.362838239067,24.452336030142536,590.8786309998557,0
450,180524.1781765714,8.224891043158342,325945664,21111.87294986529,52.626428899441144,401.16484039238094,0
319,251893.17052660586,6.06260907221785,806442631,36670.73439097931,46.44018036005792,789.6337634062879,0
272,110488.68361302241,3.255234189347735,676218224,28103.78252014461,69.18562693943048,406.2083956361118,0
185,142765.2832854947,9.648137387160634,712045705,13780.189212439946,17.856827273640192,771.704233975647,0
74,56494.41863603838,7.2033547191935945,150841411,7681.929831065194,10.062282632928909,763.4380896761944,0
327,80666.46263840288,5.68734027529674,372509083,13311.628370424714,53.96173744027045,246.68643008685896,0
261,168877.59053359367,6.948764385847082,471942170,22757.61603866791,35.17185298135085,647.0405767570638,0
269,134769.3990847778,4.6441973284285964,134696905,28200.958736868317,56.28917210980146,501.0014835865346,0
406,150505.85449826557,7.605283332589305,35063229,19698.825607585808,53.13895079591076,370.7040751188807,0
8931,10696170.059092946,2.636786575142599,726295724,3180466.3423847468,2655.5995975111623,1197.6452871003187,1
2260,2465553.7763108946,3.6244446019126686,651948836,576549.7988216784,528.4827116148412,1090.9529983676525,1
481,302638.3233582257,1.9740398208899375,509221927,121871.29432303371,193.6968587418191,629.1857034474547,0
10556,11309444.631755903,2.986199254407325,89804422,3676668.1127523803,3431.725417288537,1071.3759598101462,1
15331,15636451.544610374,1.1211729059185025,995829465,7386128.499150521,7241.8435664521,1019.9237847896662,1
416,26736.440372427267,9.411867574364985,770185408,2625.839839837211,40.856200681778,64.27028935679631,0
19049,24871994.95864149,1.6692055199726004,868000801,9802905.957252692,7507.864000866059,1305.6850731608743,1
14812,13331269.483512707,4.967115513338772,875833164,2281599.6202767543,2535.021410926763,900.031696159378,1
279,19969.71474917285,8.485823267220223,789667507,2152.9550549147816,30.079270929300787,71.57603852750125,0
153,19741.997698221276,5.328822214416952,162231613,3595.30216215493,27.863503948198,129.0326646942567,0
93,70658.23442268597,7.106926072763446,828658630,8903.973313784973,11.719363283667576,759.7659615342577,0
19101,27881877.404521845,4.500839217792102,326781428,5775490.547051272,3956.6074887530776,1459.7077328161795,1
15397,21173090.98325231,3.8032718505547174,356562379,5089888.157759293,3701.3494169088913,1375.1439230533422,1
16732,15096624.639131712,3.219467667996628,564261810,3989879.489779202,4422.092038371384,902.2606167303198,1
14823,17355565.909461886,2.3176666294977717,414697639,6351849.242635505,5424.972127947474,1170.8538021629822,1
374,131075.55067411787,6.710814400294969,177744588,19028.007293955277,54.29292260333407,350.46938682919216,0
4827,5852724.169392096,4.597812338215341,851979519,1073935.3580345064,885.7219002977542,1212.4972383244449,1
17618,17152002.030806128,3.9472673273188006,764221595,3640463.1982801356,3739.3699296504233,973.5498939043098,1
8615,9651421.446795348,1.2226912598159023,81092741,7402623.011753121,6607.689613163508,1120.3042886587752,1
174,99279.81062359041,4.047789443030769,363935471,22503.626712501322,39.44035573175052,570.5736242735081,0
8702,11507190.15934007,4.364179930050241,708180625,2268606.506665434,1715.5720508345858,1322.3615443966985,1
9956,12152605.606515769,1.7554775312621946,354803034,5758762.9846772775,4717.856082213884,1220.631338541158,1
4526,6454123.650073737,3.534141174464681,929005468,1446092.6711808825,1014.082745329786,1426.0105280763892,1
231,74874.8617112542,3.944990648453085,106766040,18479.604642755727,57.01230793505352,324.1336004816199,0
13278,15413027.921449378,2.0192130641267823,347011849,6513762.844750993,5611.4699521332295,1160.7943908306506,1
147,94356.08607148247,8.296486056506573,285890223,10994.167931880434,17.128123402257945,641.878136540697,0
7645,7887892.56161372,1.584067622368433,762213959,3361869.5318799834,3258.347191022644,1031.7714272876024,1
458,53444.920223376495,6.9733403103363045,259916343,7388.776976235909,63.31864358618461,116.6919655532238,0
5909,8485087.532221297,2.1611347092590414,57469411,3824516.259904263,2663.3863815731456,1435.9599817602466,1
140,105245.17325817456,7.493606018590812,390514920,13349.005434838728,17.75721111972481,751.7512375583897,0
63,25568.196782019735,6.498518731323879,543251710,3630.933015364361,8.946613713831287,405.84439336539265,0
11470,14027762.092172217,3.0480935564350373,279489812,4215600.494111579,3446.945945457812,1222.9958232059473,1
18709,25834324.269173704,3.673954483933616,830767407,5734943.220616772,4153.197567568929,1380.8500865451763,1
13226,15912193.020359796,1.1055344720221534,770947773,8479799.40261675,7048.294773417297,1203.0994269136395,1
13659,19510530.317983486,2.0096552519062407,632400134,7384603.071555693,5169.83863126506,1428.401077530089,1
4341,5763385.41339413,2.0594650312542857,236247552,2510499.5527028246,1890.9161502466561,1327.6630761101428,1
10884,13015206.108667608,3.221053290431761,153556798,3856802.9394815206,3225.2615012651677,1195.810925088902,1
10730,11265703.041045344,3.5941366361333698,499149914,2752239.0389889213,2621.365464787797,1049.9257260992865,1
101,40616.91974720159,6.546018264462576,319251573,5916.288901794094,14.711730549739018,402.14772026932263,0
282,54117.24004114779,7.795613837184626,664024485,6397.110370455234,33.33475844475299,191.90510652889287,0
131,95725.59030018772,7.26109896893805,129345370,12952.61636649343,17.725591857826466,730.7296969479978,0
408,242495.66097719854,4.478443505775223,748115387,46396.81020573692,78.06283414580605,594.3521102382317,0
129,40564.26232129462,3.7954087425579663,832711223,8764.73873261066,27.873089064243338,314.4516459015087,0
150,15470.989628721632,8.590850161381443,447559130,1711.6938534166586,16.59584061357259,103.13993085814421,0
200,70642.85763152092,8.775129846647019,672701490,7477.150587723306,21.16887917169136,353.2142881576046,0
10062,14019653.186823674,2.3909513422372624,195860313,5419665.2309183255,3889.7304253398047,1393.3266931846226,1
6971,7025131.511019077,4.1524757597808755,802161584,1417890.1549347728,1406.9647314853605,1007.7652432963818,1
14312,16480977.153751822,1.4538945505097565,833197719,7206083.188451579,6257.727416947551,1151.5495495913794,1
19473,26937945.25997409,1.2775812597621683,177608607,18511636.09317295,13381.75893385506,1383.3484958647402,1
58,11710.916829964357,4.988620676301935,215025518,2250.521344588718,11.14603065510311,201.9123591373165,0
12190,12775279.175147597,4.111937703953817,838888490,2580433.785122445,2462.2152995164734,1048.0130578463984,1
256,71809.29230082035,9.303608342161967,50987056,7676.365384539214,27.366229014062974,280.5050480500795,0
18038,20302905.849314764,4.945790904106946,149777369,3984424.2606792455,3539.9388317883536,1125.563025241976,1
15254,14373889.555342918,4.51644089557186,343762685,2957466.5581501555,3138.551656761092,942.3029733409544,1
110,58188.68750759756,3.1186652395737395,156191078,17768.317710716583,33.58925990423186,528.988068250887,0
12096,11822897.391213026,1.0370100897436094,113900182,10272649.120857647,10509.941823418403,977.422072686262,1
6866,8485935.621087497,3.74770966709721,218695760,2139452.4027005173,1731.0383737107886,1235.9358609215697,1
19533,21061608.269464675,1.050380152677707,233092963,16409855.424469566,15218.861822194125,1078.2577315038486,1
2309,3007668.3625216065,3.0336239065785082,16912240,985947.4590704384,756.9161252489279,1302.584825691471,1
15871,14958782.8566561,2.2213035961330654,421690370,5659786.987157647,6004.93236207447,942.5230203929242,1
153,67766.93548248945,2.2739689852939544,748846212,22418.484445610466,50.61506907103242,442.9211469443755,0
11759,13416923.463518009,3.464369284599974,855040413,3106193.7632294884,2722.36273547604,1140.991875458628,1
6820,9592505.624996342,4.994392671746173,783386425,1660240.9791676665,1180.3843459229458,1406.5257514657392,1
14731,14927248.032722164,2.0933155066635627,863894584,5047746.888139647,4981.384327920557,1013.3221120577126,1
387,108088.16225706073,9.995467153768494,968808228,9858.21301394808,35.29645020075904,279.2975768916298,0
457,269298.79911075684,2.4816452190887364,735232877,83714.33143151605,142.06320113766407,589.2752715771485,0
12518,18567949.077591576,3.8568617474292552,61319180,4738920.795516743,3194.849914246595,1483.2999742444142,1
17089,18693938.02939655,4.882293330509442,295052467,3610718.457011169,3300.7260222449604,1093.9164391946017,1
233,39217.64414126982,8.988062125714148,811447386,4002.000722014688,23.77670022376898,168.31606927583613,0
9433,10641527.64953991,1.2901880519466076,520858644,5875899.099320428,5208.5901601060095,1128.1169987851065,1
2497,3271618.659404627,4.960703174522873,84538772,648456.2473082964,494.9217552828969,1310.2197274347725,1
19241,26704762.617540188,2.7864076044266235,878912008,7285793.720962934,5249.473998056476,1387.9092883706767,1
344,151017.9839825303,7.494188734765242,473056790,18954.855039060705,43.17677909268851,439.00576739107646,0
13709,13725738.49271793,3.900372495946169,282590139,3281343.79639147,3277.342208479092,1001.2209856822474,1
227,80199.90976709643,8.336622087729001,334316608,9249.276529495022,26.17940317255526,353.3035672559314,0
9319,9282822.224796914,1.4238236453761908,33431880,6370071.729459082,6394.897694825551,996.1178479232657,1
362,43779.688685152796,9.093252762834082,11601645,4808.389758268235,39.75901028011218,120.93836653357127,0
4558,4911875.39158078,1.3989048154134718,903767278,2133119.7809842895,1979.4394577663202,1077.6383044275515,1
11981,14120368.35412495,1.7167186985012903,900978533,5394194.631908098,4576.923509648482,1178.563421594604,1
18039,21827163.949994188,4.8240788419462675,861289013,3839182.3549296926,3172.8817660067634,1209.9985559063246,1
184,140401.416182027,9.36118797145121,770711438,13857.363807921163,18.160464545113985,763.0511749023206,0
18997,23793884.743002314,3.435996444207714,264749867,6429482.796738191,5133.288910528011,1252.5074876560675,1
274,78225.59615530196,5.7907923704191955,311461584,12819.131543788293,44.90144167165835,285.4948764792042,0
29,15523.95019127525,2.7011555447184747,112038881,5518.264237037408,10.308565854844375,535.3086272853534,0
288,147367.1408591807,4.559401685652132,812215654,27434.407840511638,53.615137078742656,511.69146131659966,0
237,95014.93064929661,3.561492381041594,604835019,22805.44026577173,56.884631773689684,400.906880376779,0
332,253087.3686308071,2.551514215021441,336186326,87643.21820616645,114.97037012105297,762.3113512976117,0
176,120574.92191996032,2.4010769148781392,723200943,38592.89327161479,56.33301774238826,685.0847836361382,0
14877,20302440.33994128,3.416462499923798,145123302,5700393.439623124,4177.071907677799,1364.68645156559,1
11695,12562496.616659284,1.2769205029825268,156953819,8761225.739289284,8156.223889852542,1074.1767094193488,1
3214,3652365.509873856,2.3365456475046935,714648950,1197028.046936373,1053.3579217230035,1136.3925046278332,1
14071,13491320.515589412,2.8809963413150173,875924544,3591057.9241431556,3745.354355211595,958.803248922565,1
305,228774.98355760565,7.600253632588842,329542748,28850.045143355565,38.46252606770612,750.0819133036251,0
125,71980.93028912017,3.4761498163848286,372890964,18701.00484669936,32.47562370266767,575.8474423129613,0
178,43454.08505635062,8.548275162655454,692492125,4702.432569035692,19.26246971263809,244.12407335028436,0
8553,12270110.063599437,2.3610999289361234,320933562,4574927.980976382,3188.9982093455155,1434.5972247865589,1
8208,7640011.511894847,4.487191084098651,558990607,1514018.31713108,1626.5763903187878,930.8006227942066,1
19326,26006861.00377747,3.8520673429351158,218416137,6389133.166115201,4747.838947207338,1345.6929009509195,1
5535,6800119.39933827,4.811641254254038,620688168,1251787.0089911988,1018.899917469173,1228.5671904856856,1
5897,8152730.726601009,1.6136703176435496,775906903,3411787.9330994603,2467.800558632647,1382.5217443786687,1
427,275561.46732318745,5.095138946180031,43864137,53621.58046277512,83.09004549881902,645.3430148084014,0
17121,19485971.4451133,1.8986428004202858,55509228,9971573.941903353,8761.344947066591,1138.1327869349514,1
4423,4477890.538392548,4.6590073257016105,684878923,837946.4550691978,827.6748033464679,1012.4102505974562,1
4940,5121327.209458748,4.089991384385256,660130876,1078146.3989188746,1039.9732320993658,1036.7059128459005,1
9730,10180553.857542124,4.311314428264771,655301286,2049796.9730781142,1959.080500642352,1046.3056379796633,1
363,130361.58819059574,7.2974176943890345,856771958,15987.068457796058,44.5169925491796,359.12283248098,0
15136,20037358.638435755,4.930752958365303,173855805,3925346.5970280897,2965.1635809247264,1323.8212631101846,1
58,21638.401438425044,7.5008005149133705,123505245,2838.081540773741,7.60725000103603,373.0758868693973,0
14812,16770744.6275711,2.5586296891524616,269041055,5930939.683218952,5238.2336347436385,1132.2403880347758,1
17683,20004464.218077254,3.3814228900412475,679638802,4925919.804981399,4354.280072783587,1131.2822608198412,1
85,46916.40801469738,7.195364914473303,155395670,6382.524294669167,11.563429256496514,551.957741349381,0
3740,4719140.617924721,4.20323797870733,227874727,1065001.2607096198,844.0317925524288,1261.8023042579468,1
11232,14610076.612458736,2.934372192417316,401441729,4379763.666868812,3367.094287809604,1300.754684157651,1
8007,11208112.483266234,2.5055501509379012,385835782,3876380.6503955047,2769.2602045221224,1399.7892448190626,1
12315,12925543.341184074,3.1278227951327064,965881353,3157419.99750517,3008.2779688945857,1049.5772100027668,1
194,147296.6517331352,9.296103097976735,839969531,14531.925443395843,19.13956293539156,759.2610914079133,0
25,11864.46707998647,9.375962535704176,21490505,1262.5194325097086,2.6602952833831544,474.57868319945885,0
235,67216.75099678096,4.232456418523769,241699241,15023.33761090814,52.52387665587242,286.0287276458764,0
12043,13676265.25330904,1.8771811300193226,333872594,6185406.127738903,5446.7242786429715,1135.6194680153649,1
18890,18813456.719103463,3.7922973539145954,636297236,4248177.686426311,4265.461562686028,995.9479470144765,1
8763,8248178.755891848,1.563113360048928,31757382,5171691.058358389,5494.489157624265,941.2505712532064,1
18720,17686599.592655156,2.302829340347996,706265997,5877713.2692122925,6221.138881062667,944.7969867871344,1
493,198256.57033298354,5.985475604691738,698662111,29660.754874567403,73.75670893833158,402.1431446916502,0
12135,17963779.358771004,2.532405734362338,810268685,5374073.90163887,3630.326641957227,1480.327924084961,1
353,132696.20785661522,3.871674750886536,223416322,32403.725703487395,86.20076909575991,375.90993727086465,0
326,147896.8618996434,5.706833635952493,253551463,24813.30642975326,54.694452554297676,453.6713555203786,0
9543,13169651.529047962,1.7987417046727168,412777468,5955024.804569914,4315.133288429452,1380.0326447708228,1
351,138177.7148544143,9.692548975524971,439945225,13637.087978521145,34.64102648899759,393.66870328892963,0
7717,10925723.418805312,1.5636157747519341,33308389,6841729.661811612,4832.414822923774,1415.799328599885,1
15156,13798906.408577405,1.5872065270159856,93891107,8208271.863195182,9015.538237237137,910.4583273012275,1
16635,22657758.62094699,3.516454479648476,911943964,5116467.930622719,3756.4370531877275,1362.053418752449,1
475,77103.84797874972,8.011607629235227,928477561,8624.509312614393,53.13148475574001,162.32389048157836,0
3561,3602660.2153750537,3.218796706333263,539710523,958534.8638571447,947.450618747832,1011.6990214476422,1
19131,20817303.510910183,2.0731287821579514,380983012,8482622.33222874,7795.488390358427,1088.1450792384185,1
234,102362.02917470393,6.441514421546994,523825480,14695.912995138893,33.594914721681974,437.44456912266634,0
15861,14588728.382249769,3.551288717037641,437605547,3657336.4487938965,3976.2899064527146,919.7861662095561,1
210,119509.42535444738,8.486417065473852,182350005,13786.207932786774,24.224898222870465,569.0925016878447,0
380,285097.48986219097,6.781839157077195,408794276,39648.45274280446,52.846526462047855,750.2565522689235,0
141,88641.92979959572,4.073563996156393,951967939,17638.317882231746,28.056731470280095,628.666168791459,0
337,267523.4259151639,3.2275551571282364,847842575,65643.51346769264,82.69131558455605,793.8380590954418,0
78,13158.86995562542,9.453342060203715,948561547,1265.0444046138248,7.498627457572479,168.70346096955666,0
350,76570.13902447058,7.590737729975193,575762102,9376.126933189555,42.858018392360286,218.77182578420167,0
18738,22225191.735174328,4.02172440248811,311970416,5128462.585865241,4323.793156837263,1186.102664914843,1
4679,6439714.939766025,1.7025058622720093,922772894,2452964.2516555665,1782.286924320505,1376.3015472891698,1
143,50813.74607916682,3.3109256398412183,495642490,13348.965353021646,37.566646680763576,355.34088167249524,0
2825,3274148.1978425262,4.623956602596809,224393080,675311.8921259142,582.6724937230417,1158.9905125106288,1
439,236560.5642400444,7.9155993605390185,141958087,29358.8430216276,54.483012111081095,538.86233312083,0
156,97440.59275186661,1.1801055126589732,363253215,63135.414343798286,101.07825044448796,624.6191843068373,0
3565,4731530.794739471,2.058185144904167,510892347,1841723.6574800715,1387.65763634388,1327.2176142326707,1
82,13162.311756116962,6.80811060925547,149821261,1891.6988555729693,11.785111083157137,160.5159970258166,0
133,74493.38118979977,9.743357935380796,257196227,7448.925327560587,13.299263004875039,560.1006104496223,0
12886,16431285.495172765,2.2192525785805297,67585521,7185154.689431983,5634.854519156233,1275.126920314509,1
161,13479.94963799275,2.0179518085154786,357349087,5675.049280469109,67.78088633063913,83.72639526703571,0
234,146487.6874942227,9.613963864000462,95162008,15087.628837593846,24.10103680649747,626.0157585223192,0
3251,4191148.22256646,2.457639463981613,951566684,1229361.92199694,953.5944319250752,1289.1873954372377,1
291,231604.88206740617,7.106653625359729,987782812,28612.84832609691,35.95061895314844,795.8930655237325,0
191,67714.2298767892,5.281336703701506,491285440,11730.23769634256,33.08721673536169,354.5247637528231,0
122,72214.00745121058,4.684104287941533,445096452,14078.998095916546,23.785382203892972,591.9180938623817,0
257,44950.50439226474,2.0696732062861347,168550799,20083.11245259755,114.82318096536771,174.90468635122465,0
15343,22981824.059850402,3.9187985097868836,159988814,5634474.718949872,3761.6572726216677,1497.8703030600536,1
82,11922.463400480656,3.6463573903599915,673490752,2759.9265084275053,18.982148746368267,145.39589512781288,0
202,100476.93748246359,1.762558149612861,16206833,56486.90999913386,113.56193874655573,497.4105815963544,0
14020,18808407.50512603,4.615920036223363,380108845,3764671.492555598,2806.2287735548407,1341.5411915211148,1
417,174160.24683901094,5.332444405735847,369239678,30545.40452983112,73.13628638063265,417.6504720359975,0
3528,4279321.849099606,1.6197671413517436,787166184,1777914.5786991154,1465.7655710028553,1212.959707794673,1
122,7773.702443820362,9.804929288005427,763745933,735.5418045555975,11.543547081238986,63.71887249033083,0
6492,6522839.537111359,1.138015505993304,154876763,5045153.175979847,5021.300038443978,1004.7503908058162,1
14575,14620388.325967815,3.848752774696458,49928187,3750085.8545773267,3738.4438847896618,1003.1141218502789,1
10656,14847695.595273294,1.232671034883699,269163621,9886371.670213401,7095.321684216876,1393.364826883755,1
18167,24134481.556662183,4.744585341728452,515156108,4588530.02325964,3453.9720580634093,1328.4791961612916,1
82,38445.91093955048,8.234962378617281,925434159,4196.970161899856,8.951577550520438,468.85257243354243,0
293,191414.87492049785,1.7584350326268898,986153039,69742.6608019302,106.75554668075218,653.293088465863,0
240,135135.69903906668,9.720305863468683,347559451,13422.47783597791,23.838221162443674,563.0654126627778,0
28,9408.70710948378,7.684576565086811,639040818,1130.3627589372163,3.363922043905412,336.02525391013495,0
14319,16250458.955191664,4.7197686409160164,407808761,3169227.4307003873,2792.5468262359987,1134.8878382004095,1
337,27807.022318935873,6.67469028023356,335639607,3966.5782875032683,48.07191750187209,82.51341934402336,0
13218,15635890.43594542,1.510492744951013,643549881,7258858.412350196,6136.368816826098,1182.924075952899,1
292,96850.06305384208,2.1026722828338444,677238798,34839.266522435515,105.03933093874842,331.67829812959616,0
12196,11126243.105211219,2.111331598258617,93952864,5045264.36186645,5530.352300904098,912.2862500173187,1
246,120149.72355642318,5.787196271931722,632080737,18717.018036337733,38.32207266608341,488.41351039196417,0
434,126029.71125921141,8.517063617614134,291099808,14308.284845478353,49.272473616682475,290.39103976776823,0
7270,10698526.597365076,1.9097930162591985,584701398,4288855.704069503,2914.4182317838563,1471.59925685902,1
16892,16041336.613852426,2.891173381206332,317743343,4998988.129808811,5264.0817608558955,949.6410498373447,1
368,43794.40395919092,9.447270362006547,373757207,4459.248653104124,37.47062080971485,119.0065324978014,0
354,133203.87509941444,3.6041716920002163,578952259,31843.15756829639,84.62574959447613,376.2821330491933,0
6481,8046100.503373367,3.045745625206349,764959837,2111446.445591935,1700.7349595178591,1241.490588392743,1
359,233312.22541103387,4.484174580740335,828285303,43917.9270087525,67.57698088201646,649.8947783037155,0
3942,5125164.620585494,3.967225900984688,977854162,1036416.9144497353,797.1559509232168,1300.1432320105262,1
153,106264.48042801485,6.136206954191632,795415,17315.372234736817,24.930738297914854,694.539087764803,0
14145,13660914.485901993,3.261825464296433,230781869,3911380.0041782516,4049.982906795739,965.7769166420638,1
10250,15110499.378553214,1.2665119936414988,259572966,9901479.785308221,6716.533005087663,1474.1950613222648,1
373,156344.89850704206,8.586553511591289,344358644,17506.039224578057,41.76505081471208,419.15522387946936,0
6035,7529848.435883536,3.4641541133598284,709240230,1804250.4053958063,1446.0651219317724,1247.6965096741567,1
6242,7895680.347715984,4.639294563328241,944890530,1413936.0024347014,1117.7996244174801,1264.927963427745,1
7375,8069558.876268619,2.1735587023319134,342058086,3207785.4280895796,2931.6865884371473,1094.1774747482873,1
14329,17066457.88868083,2.3005317136010577,670483397,5744318.777708325,4822.930704348098,1191.0431913379043,1
11111,14720985.600909017,4.430623952967309,796568376,2816231.8649211274,2125.6153018182713,1324.9019531013425,1
2863,3148576.3989063045,1.8685616161506875,756575268,1199395.1317037572,1090.6097953540693,1099.7472577388419,1
102,71463.1109006158,7.760325195562968,137909576,9047.985146999381,12.914278057072162,700.6187343197627,0
87,54115.7453243432,4.316658920545428,584433226,11041.568635367752,17.751145540351168,622.0200611993472,0
321,98279.24872145455,6.381198930369992,13784330,15368.179199231938,50.19559659979908,306.1658838674597,0
75,17827.027435059354,4.751511537005143,432963604,3438.540440489628,14.4662666827754,237.69369913412473,0
494,40065.780280016246,6.4369801103576245,684206087,5626.278989149728,69.37046530019154,81.1048183805997,0
270,46599.14780651941,1.1085626604016068,696770920,25811.932106283184,149.55684807011508,172.58943632044225,0
4453,4729750.944389888,3.317518909391795,19933180,1417174.1848889943,1334.2513632342504,1062.1493250370286,1
128,96351.94845947355,8.90049343218233,899279641,9832.059144629224,13.061526939871671,752.7495973396371,0
16035,19845347.758495335,4.574594596361923,428341255,3966740.3996581207,3205.1180499615793,1237.6269260053218,1
340,76984.03632177046,9.939034605524943,249684313,7555.811180716693,33.37024043148528,226.42363624050137,0
321,74401.0896465491,5.223609198437345,4050338,14232.198774224977,61.40415185086093,231.77909547211556,0
9244,10872089.986943852,3.5709841843011176,660425348,2569377.8642672314,2184.6148262025927,1176.1239708939693,1
9331,11069158.715741472,3.048126474765959,848788076,2840493.0545797497,2394.458456412893,1186.27786043741,1
12072,16136140.498243356,4.284800813399818,521687222,3357158.1536041633,2511.6051285449244,1336.6584243077664,1
226,89280.94197948667,3.069652738609308,778287829,23202.266358016062,58.732715859073636,395.0484158384366,0
322,214328.98284578137,7.686178479583502,246406308,27018.80768816494,40.59206533840159,665.6179591483893,0
13937,16240681.130306164,1.3469910712158963,244128386,10207078.45451386,8759.241763271903,1165.2924682719497,1
5407,6673163.975776917,4.635296123875188,669139918,1258034.5814515403,1019.3355066052516,1234.1712549985052,1
201,103135.18110212062,7.902360337142435,928459725,11679.003804443857,22.76119302460746,513.1103537418936,0
465,106011.14710235053,1.5678521306489412,950375719,42097.51993535027,184.65366430794748,227.98096151043126,0
9450,13199261.392385194,2.3921206108330115,570475616,4455302.1680227695,3189.769808794351,1396.7472372894385,1
13760,14375403.131328957,2.0619968688731287,722160464,5163286.916869087,4942.24943308081,1044.7240647768137,1
347,272827.92905244825,6.461738270208357,376909112,39895.01341482325,50.74102824818345,786.2476341569113,0
2494,2635459.9362942833,2.9300223655284534,51119208,884043.8708769459,836.592271278188,1056.7201027643478,1
65,16544.56176568658,6.699809569929496,153538194,2414.0846686292252,9.48441582697841,254.53171947210123,0
10998,14312491.74199853,1.0969610360895587,483582405,9055424.463456769,6958.366163234622,1301.3722260409647,1
495,37213.14974705929,9.623105159316516,786057679,3575.0377167774045,47.55425654192732,75.17808029708947,0
402,280319.7153680667,7.4667818631002145,624881021,34643.02942215789,49.680764727595545,697.3127247961858,0
7349,9462414.819063801,4.387132108675317,793716543,1826421.7805328022,1418.493473578614,1287.5785574994968,1
444,171248.35597726103,3.0910199133161633,529594408,47298.149092833766,122.63112295225011,385.6944954442816,0
19309,26963676.836618688,1.0578825660114601,767293485,14773192.329406355,10579.253431086554,1396.430516164415,1
493,134640.35574593482,5.980866050473547,708808839,20126.591795633663,73.69565907840362,273.1041698700503,0
368,41456.99928194448,4.57832682379582,618936223,7976.698294596279,70.80649886037166,112.65488935311001,0
300,205608.12357728134,5.673520741557442,988933396,30860.718788026123,45.028452550066575,685.3604119242711,0
313,133338.73564246146,3.162044497559908,195772487,39709.94734245097,93.21532455141337,426.00235029540397,0
393,90989.2485364537,3.318913206920396,650257808,22923.992993604617,99.01311848813897,231.52480543626896,0
15777,18689360.715943165,2.821456538246002,608453167,5448936.65490903,4599.829545328638,1184.5953423301746,1
196,72451.5223804417,1.3028529892155096,406140288,42394.26997541391,114.68740258554203,369.65062439000866,0
17090,17713691.594971363,4.494690908719059,969033164,3242054.5692301085,3127.9031979913007,1036.4945345214373,1
3550,4819449.95015058,1.737325395952765,762107257,1928217.567477566,1420.3223262711726,1357.5915352536845,1
14914,17099690.574248347,2.7586229362366597,165714377,5847372.837890028,5099.958863327284,1146.5529418163032,1
17591,19347484.72591159,2.503839638562655,633610018,6166627.944273828,5606.7831919484715,1099.8513288563238,1
114,42512.13878790043,8.87231785894041,805783052,4392.611647585061,11.779170422900949,372.9134981394775,0
247,139106.4791223862,3.7110317325605147,368297971,34100.32756140586,60.54916320796866,563.1841260015635,0
18980,24679963.644789483,4.717122606743237,930090801,4370290.595171999,3360.9496630630906,1300.3142067855365,1
391,269720.4063507315,2.5488986738487593,761946223,81465.73299384989,118.09674333344678,689.8220111271905,0
4186,5386284.819173285,1.820731333580643,980767982,1922643.6320070687,1494.1999010027969,1286.7378927790933,1
3942,5561075.708053908,3.5174197705157537,777082158,1294929.1444318672,917.9178553454315,1410.7244312668463,1
18445,25277711.717361774,3.281549301470123,526201637,6638488.736744384,4844.066825287377,1370.4370678970872,1
48,6121.016763127151,2.496805301881741,768564758,1874.5246789421562,14.699712167305892,127.52118256514898,0
5925,7575599.931513057,1.9531511057922724,957696001,2602541.3405726077,2035.4899390539606,1278.582266922035,1
340,86257.02184971515,8.113667282946892,54077619,10560.689992797723,41.62715707721925,253.6971230873975,0
12414,14701355.129107485,3.356533612624153,212938629,4118635.5107830144,3477.825056387462,1184.2560922432322,1
272,83280.41872882358,1.7546114620403293,349681728,39576.43313345869,129.25955436598977,306.17801003243966,0
13164,15844476.876764735,2.4598287506729006,371130474,5596858.032667519,4650.0139900535005,1203.6217621364885,1
8408,8374741.847359459,2.066813722548857,160313252,3760334.2526332196,3775.2674616601894,996.0444632920384,1
14097,18599813.673450846,4.356196672317429,12506080,4257514.124435306,3226.816013637477,1319.416448425257,1
373,280518.8199633649,8.137073432102845,50530689,34261.40490114218,45.5566725604899,752.0611795264475,0
8858,9104574.216547998,4.57809294764389,90464848,1950189.8905574735,1897.3739616686698,1027.8363306105214,1
64,48468.96168012335,7.120987285899496,313908549,6519.117786776437,8.608056040218235,757.3275262519273,0
18488,17238203.34830583,4.8174774489129435,473825675,3257837.047815567,3494.035319285968,932.3995753086234,1
15138,22518639.672950175,2.53677673970391,380675716,7718596.965967344,5188.773503542005,1487.5571193651854,1
8618,10981446.403029028,1.1648721838067981,344383209,7276069.017455403,5710.10051782747,1274.2453472997247,1
259,94028.31193021832,8.203697762443104,535715662,10759.110178634217,29.635856255021384,363.0436754062483,0
3351,3876174.4465634245,3.9953098544159498,423730198,877153.046948345,758.3094880907364,1156.7217089117948,1
106,47334.95882555588,7.009995038011851,31009413,6722.756554819881,15.054670216089256,446.5562153354328,0
469,313044.897600548,6.193376757910226,139638006,49430.628108509736,74.05635664591802,667.4731292122558,0
425,104435.24969704055,4.2316370113883615,692496095,21208.860004525606,86.3096083752535,245.72999928715421,0
305,243529.44583685335,3.513387502368908,36868929,68594.88900156805,85.90928737009514,798.4571994650929,0
326,76417.15946114034,1.032197901400282,679715326,44638.453770923734,190.43021268961445,234.40846460472497,0
101,27081.37392323667,4.756484149304919,873750228,4809.990509879978,17.938862440100884,268.1324150815512,0
19959,24335343.672151655,2.5574720415256023,978724577,6881784.667928941,5644.199730138816,1219.2666803022023,1
52,10462.349230853897,1.7230317991253883,226953781,5365.346973581797,26.66686386299138,201.19902367026725,0
355,28821.414620626,3.284178783003929,857826425,6958.324090209271,85.70727997009878,81.1870834383831,0
212,49230.720344574,1.5366297194854197,217940723,28058.560176607505,120.82729474212131,232.22037898383962,0
397,127760.19558658714,7.4085707926825375,359123229,16447.634939012878,51.10911924334617,321.8140946765419,0
386,285114.2167239354,2.4977285587984586,717468805,88677.04979301777,120.05483842023827,738.6378671604543,0
305,46861.08433161621,3.581313622961381,281942621,12129.94463022336,78.94894377683143,153.64289944792202,0
183,133545.68006592864,5.0992405365643085,792883809,22665.11570932207,31.058407675623055,729.7578145679161,0
91,40543.560111647705,3.0443477209419423,134693743,12753.391414207781,28.624980527042883,445.53362760052426,0
398,249232.90893311403,7.2030676272665675,946384280,30582.781734178,48.83764019088425,626.2133390279247,0
19509,25198914.047602937,1.2893940395899421,83304231,18357212.642785106,14212.154570294351,1291.6558535856752,1
11117,15926793.458493173,3.535116158173002,891907814,3597629.820530544,2511.1677889883276,1432.6521056483919,1
97,33113.71092515315,4.447722531998665,294388152,6982.905531262474,20.4550265617603,341.37846314590877,0
13663,17267165.071186937,2.3531423688396362,494029915,6064671.663599087,4798.7963628159405,1263.7901684247192,1
402,162384.00558228776,5.994384799369089,393030442,25422.49085836513,62.93625587332798,403.9403123937506,0
3180,3325647.6521577234,1.7135930077143242,195257458,1742225.3402721148,1665.9241030752978,1045.8011484772715,1
29,7195.514611771128,8.09723588597624,481397480,838.77166732749,3.3804918292716697,248.12119350934927,0
4685,4617691.13150556,1.0769958553955759,255730900,3464844.62235843,3515.3492499739095,985.6331123811228,1
24,10269.214636239096,9.03912532488952,254875508,1104.9293862658694,2.582310937079867,427.883943176629,0
245,149859.70937445769,5.908265669202775,22900904,25266.481311034033,41.30721957918344,611.6722831610517,0
15861,16927306.941512257,2.6933069080901086,682267127,5014645.439723082,4698.756370063322,1067.2282290846892,1
19226,19069655.465049773,3.5800392619662693,82765846,5206298.152084313,5248.982523854515,991.8680674633191,1
59,10262.510504615577,1.3777345306546032,187764910,6555.4226581674,37.687653197326945,173.9408560104335,0
212,58005.969563726234,9.553091288625145,807401751,5598.7653620222845,20.46234664597298,273.6130639798407,0
15851,15047987.276498718,3.215361168914945,722688718,3821177.412327618,4025.088674642875,949.3399329063603,1
378,148057.93954731256,5.826685292174679,433902819,23649.206259558952,60.37771424785132,391.6876707600861,0
273,186167.6244826715,2.847445070955927,316150259,58846.85146670294,86.29422272026278,681.932690412716,0
279,189697.54970163363,8.622303395958163,656058083,20445.156198304765,30.06996446869712,679.9195329807657,0
481,196841.38596693944,9.994284389734108,678134945,18443.93288842258,45.06944347984464,409.2336506589178,0
462,198911.24971257852,7.601142448070425,884532138,23440.829328890286,54.44469915902639,430.5438305467068,0
11445,14581649.664077466,4.291000059060493,402212101,3106965.7980025173,2438.6283018265426,1274.0628802164672,1
302,75199.12085196994,3.39990572919254,487598552,19343.803996764134,77.68480190775706,249.00371143036404,0
44,2673.286074795227,5.283835213142983,430278155,467.83917338763126,7.700232243431926,60.756501699891515,0
364,109988.14293751087,8.514725945330671,170671689,12663.570232266857,41.90942261079923,302.1652278503046,0
13877,12657790.920206755,2.0071538133875375,103049864,5998374.022301621,6576.142458997098,912.1417395839703,1
9240,8409179.559328414,2.8438882090225954,86812839,2869340.6190311573,3152.829254363702,910.0843678926855,1
19127,21351847.871849082,2.4755300862235567,208288582,7955771.425489807,7126.785511429626,1116.3197507109887,1
7629,10770684.26491133,2.744166331651801,240209591,3609023.978232915,2556.313345813742,1411.8081353927553,1
329,125751.27994248958,2.875247101673716,191765584,41001.22589315812,107.27050511945637,382.2227353875063,0
4479,4986300.5357791055,2.994921460367726,6498450,1661313.8729955973,1492.293692238233,1113.2620084347188,1
190,22977.30813139907,3.2710060397190484,457525104,6162.563016298209,50.958404979415896,120.93320069157406,0
189,125263.49265261677,1.0896376708387299,144332812,101512.55187599792,153.16411747970537,662.7698023947977,0
14787,20376858.64017121,1.9859116383069448,430100111,8434089.215839494,6120.417255521124,1378.0252005255434,1
17182,20716159.440980483,3.4486648828925826,387047084,5400864.1993426895,4479.481292731064,1205.6896427063486,1
10637,9811061.716855923,3.4055368910749237,113160946,2788264.912514287,3022.993303921341,922.3523283685176,1
8472,9819384.29015797,3.1272940432432206,871870184,2455359.103101113,2118.442634160108,1159.0396943057094,1
82,21516.153898546625,6.756058882305645,522213686,2956.2171101206104,11.266409608934074,262.3921207139832,0
448,173574.72030722775,2.5041917558222897,631131302,55361.03205511079,142.88798689573272,387.44357211434766,0
12248,15022416.975532629,2.289189893611634,961669804,4621059.7727639275,3767.6187652756753,1226.5200012681767,1
153,121508.5590865047,5.807709026277573,384888003,19621.583402251486,24.706920097762108,794.1735888006843,0
8609,12214910.103152122,2.6510522909951746,839488701,3499431.7875551274,2466.379859094318,1418.8535373623095,1
15671,23065622.290471878,4.568448062764325,232505523,4804383.520570896,3264.1431998983035,1471.866651169158,1
9188,10091913.353549683,4.18282674037935,387915250,2207937.655372252,2010.1769076747732,1098.3797729157252,1
335,46019.05017563891,6.329109127159167,483138762,6755.339929551364,49.176131792430844,137.37029903175795,0
8856,12781190.973151233,1.6834407975458592,684921602,5396636.501070135,3739.2926022209126,1443.2239129574564,1
412,115117.39897377853,6.608196286774163,684115436,15786.132484471636,56.49785906892989,279.4111625577149,0
17958,22448069.97608502,3.174375873860678,313754979,6435558.4474920025,5148.316034437849,1250.0317393966488,1
309,23118.58140327609,1.94340376846689,300573918,10302.500574181717,137.70190401782293,74.81741554458281,0
246,49417.37066393932,2.0607409781179316,820107678,17153.754522645202,85.39150415888062,200.8836205851192,0
13656,16747197.387741543,1.1863197683461664,609211084,9327156.570915215,7605.550181527716,1226.361847374161,1
469,147327.55903431168,6.312691645800396,901303546,20422.464268033862,65.01251907307575,314.13125593669866,0
4861,5685211.400805485,2.417062885310503,656328411,1849816.978277507,1581.6404523027893,1169.5559351585034,1
103,20183.774100824357,2.146348324300248,553395627,7476.180876747022,38.151766188935525,195.95897185266367,0
420,235881.5658707473,5.25052867895921,975644964,37885.47820819148,67.45716134578927,561.6227758827316,0
12619,18003518.475963272,1.3000883555716727,995888605,7841332.376210168,5496.13529086024,1426.6993007340734,1
438,233592.70242611566,6.63261999445549,471281541,32882.31139751265,61.65625998811316,533.3166722057435,0
14019,18338053.50886728,2.3388907476586076,243544633,7101069.651621045,5428.596628204763,1308.0857057470062,1
10689,15705427.900424648,1.774801171142808,367395520,7331459.321807746,4989.737891107323,1469.3075030802365,1
117,43153.98293993256,4.633809494305119,914236766,7778.230554544669,21.08850476556147,368.8374610250646,0
451,249395.2385593187,7.734869210102417,604976046,29904.060675086464,54.077741990475786,552.982790597159,0
120,59957.98622512791,2.2605810342304284,219078747,24179.924471483842,48.39373566822742,499.64988520939926,0
55,40387.281408721115,9.361687242311413,786562577,3979.728734295339,5.419653731359552,734.314207431293,0
14454,13960681.687411215,2.4305621983556454,313652695,5087313.577815327,5267.080225749211,965.8697722022426,1
292,198629.4402387468,9.66062387505328,108242645,20332.905545490394,29.890878271352136,680.2378090368042,0
15055,17209289.251329027,2.95492507590915,233507855,5397412.96876581,4721.755271705595,1143.0946032101645,1
19077,25812256.568488043,2.456109876858265,3484840,10494516.18657688,7756.155869601063,1353.0563803788878,1
325,234579.84584313488,2.5111287694187996,967216839,67440.0626767422,93.43522369179979,721.7841410557996,0
7969,10459322.506535035,3.1141594414251514,946131787,2576003.029859474,1962.6670974266306,1312.5012556826496,1
344,120540.76064499673,9.933308883404603,482305190,11573.08246978807,33.02733737786763,350.4091879215021,0
282,120576.32803016783,8.599836998080782,429558894,13353.753614449348,31.23132525923774,427.57563131265186,0
253,66599.6346688384,4.88905458054305,990578044,11327.17618968827,43.029899341655295,263.2396627226814,0
29,17411.039808159723,5.234545710930945,53578445,3292.4793924575706,5.483986219853552,600.3806830399905,0
3711,3916676.7052543378,3.355774594029395,299604085,1071483.1619837333,1015.2162951788553,1055.4235260723087,1
259,64682.99593844432,1.8927507710159075,978004951,22531.696250707988,90.22014587090139,249.7412970596306,0
4822,5604487.948784604,1.726031846485982,881686462,2149192.2384970025,1849.1261054955014,1162.2745642440075,1
154,77364.81309709404,2.6937998351187606,63861736,28054.498748991802,55.84441601277544,502.3689162148964,0
361,268666.6406334504,3.2261623463596854,446730095,73148.51848315804,98.28765904899728,744.2289214223003,0
8768,12345635.047079133,2.823663748088455,251541207,4014573.086145416,2851.192075992151,1408.0331942380399,1
18129,26705089.034836635,3.9016484927718817,828993037,5645130.552964218,3832.249788090413,1473.0591336994116,1
331,256927.60980450205,8.906654881576141,978782939,25990.51397295905,33.48359536600764,776.2163438202479,0
23,4517.947411095189,2.2001680607825214,829254833,1491.3558025746956,7.59220511840865,196.43249613457343,0
15117,14478274.923944525,2.0547018343819565,383161412,5938920.054450058,6200.922066664406,957.7478946844299,1
246,135304.3186349822,3.9368823158943336,498992615,30502.28438422248,55.456928753039264,550.0175554267569,0
249,40045.796110028925,3.850724649316915,635154264,8927.079148558329,55.50751699088692,160.8264904017226,0
225,171705.08835120394,1.338004627661706,337079171,102505.37226160642,134.32163822476335,763.1337260053508,0
19229,21102797.789627057,1.9693029209852857,407466601,8878773.30739253,8090.393208988248,1097.4464501340192,1
142,97970.17474135476,8.990363034684988,710992316,10098.606967781809,14.637130057293875,689.9308080377095,0
7758,11548123.847528895,2.822943256033939,226904646,3786458.9377809525,2543.733408746778,1488.5439349740777,1
7930,10936457.674912171,4.409461397048174,457706936,2246985.706381552,1629.2841047134398,1379.1245491692523,1
16322,19508820.09638089,4.1046074564224915,618235916,4130736.2023259765,3455.968939242621,1195.2469119213877,1
10031,12197549.127252754,4.1086447848223795,865635036,2452123.6373140295,2016.5733254510822,1215.9853581151185,1
463,325087.61078980257,1.166115029859498,863615144,160162.9689387008,228.10913783658899,702.1330686604807,0
61,31023.576279325698,3.3534361335485743,248097737,8613.989870543764,16.937227912480708,508.5832176938639,0
420,226143.1087010517,3.5638408615192887,784482740,52006.96393020017,96.58894748616537,538.4359730977421,0
3620,4799892.881304516,2.9945340257611157,205581159,1499912.5356991868,1131.209281852843,1325.937260028872,1
211,48083.56241999949,9.791508386621704,194506386,4815.090255206557,21.129550156333742,227.88418208530567,0
2548,2833705.4883075906,3.5831614311802915,998371481,618505.9766293521,556.1457374290563,1112.1293125226023,1
12613,17189727.870700743,4.998542501701776,9380638,3432506.328706235,2518.608941899837,1362.8579933957617,1
6238,8632226.544954248,1.855735131204189,705009171,3370983.4041313548,2436.010496881931,1383.8131684761538,1
114,33170.3980960153,2.82220787886175,995383708,8688.82837288601,29.861759019045216,290.9684043510114,0
428,237670.5709187315,7.36088753675468,569483769,29969.664944473116,53.96973023059103,555.3050722400269,0
11236,15928975.259498246,1.0352593331778905,39012508,14827695.047868745,10459.177620889917,1417.6731274028343,1
344,200682.12137572875,4.0504259794332365,737300096,41915.95722350703,71.85039297990159,583.378259813165,0
10509,11049779.651291003,2.363506158335746,79707451,4522641.658948186,4301.302170159881,1051.458716461224,1
493,179451.43509940724,1.8725625336404323,110320799,90500.24887770248,248.62784001694897,363.99885415701266,0
19062,24680150.14523098,4.76937403068543,274497054,4893096.935043929,3779.2401272660272,1294.7303612019189,1
7541,9227375.662350137,2.4896026641414246,114207027,3543798.033221529,2896.140998958443,1223.627590816886,1
310,77361.01305885799,7.817588405366553,19796900,9870.768125421368,39.55400786378734,249.55165502857415,0
242,139930.86185351218,6.196075526767332,866294727,19813.583375760827,34.26611623355603,578.2267018740173,0
23,2319.804007291904,6.998231764483346,878911427,294.4981385891325,2.9198402823078387,100.86104379530018,0
9704,8882841.211727062,4.2664820163685455,750534714,1770542.4735696537,1934.2171895223382,915.3793499306536,1
12002,12450459.551007373,1.4257903553324316,522366356,6390892.210356089,6160.695353810266,1037.3654016836672,1
8641,10403891.200737255,4.846667088729985,929470861,1801184.6827902717,1495.9822766012603,1204.014720603779,1
7765,10020944.503892826,3.2677834299186186,967426483,2366103.383288285,1833.43922961516,1290.5273024974663,1
6959,9889970.06314896,2.6067622742464573,178570866,3550731.479924106,2498.44440488876,1421.1769023062166,1
99,48974.03489945077,1.8744821376936895,597397297,19812.46909217461,40.05049704710533,494.68722120657344,0
306,131799.48871292215,9.81193054827046,536718632,12735.912331842868,29.56907656927672,430.7172833755626,0
280,74938.29274988925,1.9402568723434261,243947210,34309.199106288725,128.19314928648464,267.636759821033,0
19443,26995441.71144629,4.054008338881465,455737279,5986023.1593568,4311.329650813809,1388.44014357076,1
6112,7086670.957144239,2.841348926410941,286764542,2265477.5885557043,1953.8933167615726,1159.4684157631282,1
448,240962.2131538536,1.3481646243147238,412331575,136871.75993202857,254.4737104086818,537.862082932709,0
7630,9546138.667951794,1.2633686580346186,132642635,6838152.897173638,5465.571831739322,1251.1321976345732,1
406,159475.50235829237,7.65627840710424,187958315,20330.276610458102,51.75774449232701,392.79680383815855,0
8642,10037719.48067886,4.847975639467291,239833058,1972896.4034507887,1698.5701534536831,1161.5042213236356,1
17831,22392046.64608856,3.400810188370323,25417266,6535481.6468843585,5204.266277551327,1255.7930932695058,1
8209,10991561.76919273,2.1381624410882245,29625849,5070403.701066858,3786.808904510648,1338.9647666211144,1
177,121008.27349600244,1.8270648286939561,994454359,42887.63089890705,62.7321624364579,683.6625621243076,0
260,110764.50610717021,2.3759840408319834,566862673,37638.557790507504,88.34982766106934,426.01733118142386,0
9895,12871256.062101312,2.249623590718527,164043561,5332655.769432416,4099.571058484504,1300.783836493311,1
279,101756.51739471302,6.906159039235227,961249899,12933.93011518459,35.46275555145907,364.71870033947323,0
464,106812.95538701858,9.364831705238627,24571210,11375.904980461048,49.41741282046236,230.2003348858159,0
3304,4738164.246220566,4.227597391678756,468350417,1008989.9716227229,703.5853324208064,1434.0690817858856,1
29,12366.382369613459,5.820533036868987,469107761,1966.1508132234437,4.610756151579527,426.42697826253305,0
21,10504.994965079264,5.186112392330016,321367121,1907.4051822895615,3.81299648036324,500.23785547996494,0
19043,19592432.434984233,2.9240751192018473,362811938,5960786.633071422,5793.627730005258,1028.8521994950497,1
246,173671.5868836547,8.245101691735513,488007100,19886.57086786861,28.168663172134018,705.9820605026614,0
10284,10440575.917056479,2.186869806316164,663251796,3663203.671229992,3608.267096969709,1015.2251961354025,1
55,4125.394932333992,8.724784964563433,525340457,445.9825942161904,5.945865325435126,75.00718058789077,0
17729,25654997.108230982,2.2950759026718646,855430785,8143133.6770750685,5627.348791029303,1447.0639691032197,1
438,319892.66592982056,1.5232041192414574,995077354,127028.16159706889,173.92813498175775,730.3485523511885,0
431,200293.48241996166,2.543704244084683,803812563,59833.450872019705,128.75215416031125,464.71805665884375,0
10027,14593740.792894065,4.499733297402596,698592964,2807392.2372383815,1928.8900880366339,1455.4443794648514,1
247,135637.6346184755,6.013593394155254,621857612,20441.358770135404,37.224297153407505,549.1402211274312,0
146,108822.14603001479,5.368351340840954,553404893,18376.667618996344,24.654848027289002,745.3571645891424,0
15989,20697705.145937543,1.5980345580827846,835883337,8503863.333990384,6569.243782751418,1294.4965379909652,1
16250,17029519.871234074,2.5575474186707687,723103703,5190896.331140901,4953.285002680872,1047.9704536144045,1
269,202763.9229243626,1.0240135120835765,287606691,154590.42369709705,205.08985708484033,753.7692302020914,0
9493,12865522.455885982,3.277340807104376,262507284,3634484.340787671,2681.753497800053,1355.264137352363,1
497,283547.27794264007,4.211997960523611,670433463,58075.01495597173,101.79354442244662,570.5176618564186,0
13332,18409136.901203774,1.1720558575202213,301666930,12491587.330464058,9046.477473849245,1380.8233499252756,1
268,188699.8755196821,8.642972302246944,470062815,20706.589307722155,29.40842392813724,704.1040131331422,0
184,46057.238841086015,7.776485989152736,275242629,5720.167808096428,22.852235678332406,250.31108065807618,0
356,177117.03109094177,9.257661716946135,278252158,18573.68191592882,37.33255193666594,497.5197502554544,0
15930,22649498.94363874,3.17914661612082,755449917,5756498.47525122,4048.699750000729,1421.8141207557273,1
167,39762.33842588055,4.212853229261016,546142037,8355.196044798862,35.09144066268558,238.09783488551227,0
285,198611.4830500484,3.2830251320952684,93730045,58817.25876878547,84.40055172882298,696.8823966668365,0
285,23650.903339617766,9.38139964661204,624472214,2363.7024008591575,28.483275017932026,82.98562575304479,0
391,44199.71171526133,1.3780519067693071,885678018,19525.17004419847,172.72378463603434,113.04274095974765,0
6288,7417113.338068647,3.265866423918537,401381472,2022528.4869134487,1714.6372916317514,1179.566370557991,1
82,16506.776756561874,1.139342132237638,67312338,13679.787514739854,67.95648797774805,201.30215556782773,0
2332,3421309.513768907,3.9132620419749387,466023765,781248.282155905,532.5069207142856,1467.1138566762038,1
255,161602.08275722695,5.769195477048543,319667898,26540.599255265537,41.879737529496964,633.7336578714783,0
208,122131.68886255211,3.3330293843064243,508414625,31793.171673639226,54.14630526856347,587.171581069962,0
8820,9982911.153207436,2.244667859085743,671402318,3423412.519922322,3024.6185669010597,1131.8493370983488,1
18044,17683638.62033486,4.069983334037229,664094240,3735392.659663206,3811.5133767468137,980.0287419826457,1
349,136987.33673912045,2.189290403528745,739988960,46764.85911336882,119.14193106511306,392.513858851348,0
299,41869.43627779628,2.5033760320433736,6867526,16679.431819927344,119.11194793905081,140.03155945751266,0
12005,11154208.727185441,4.44499754073226,649366030,2189519.5685026743,2356.525959193448,929.1302563253179,1
18532,20023523.86634116,1.1965075755674093,964103617,9267527.60294073,8577.202628474219,1080.4836966512605,1
471,364947.458978998,3.409000837924984,917188545,84357.71684416023,108.87179416115893,774.8353693821614,0
6385,7310397.802335517,2.2009084461655455,102402824,3173864.4693950107,2772.096017895615,1144.9330935529392,1
466,371470.72529410635,2.9524890286660233,341630860,112767.82201285819,141.46418944961653,797.147479171902,0
14268,18991633.776916023,3.025485683025048,610012195,5223943.023515959,3924.634390861195,1331.0648848413248,1
10722,12547249.439534634,4.0777466464043854,629954663,2665260.3075028355,2277.5446646500473,1170.2340458435585,1
223,19982.96680090622,7.674947285286863,353518381,2489.014418386156,27.77616661380539,89.60971659599201,0
9789,13663109.224802885,3.146515617207216,993619645,3300160.105763965,2364.4155033672077,1395.7614899175487,1
7007,9984930.834981672,4.97145373441421,71393797,1980018.3869888906,1389.4927332920902,1424.9936970146528,1
14770,14215321.125778506,4.877268813077347,168936002,2817032.135379273,2926.9521434939243,962.4455738509482,1
389,212112.05409159407,1.2170065539375803,608253263,116209.23888385136,213.12034395884743,545.2752033202933,0
8283,10285060.088267904,4.442906648826522,543765516,2062509.7757204787,1661.0275803619331,1241.7071216066527,1
419,258864.30817727506,4.629343791002384,813051364,47564.408831898145,76.988162025478,617.8145779887233,0
8450,10881500.264521956,4.826215869331405,149250482,2187031.22403996,1698.33326231597,1287.7515105943144,1
12117,15584069.685666557,3.889845241355816,653591627,3430017.877921156,2666.9238180445795,1286.1326801738514,1
9457,10146317.830673177,4.4051288488661235,317724930,2148344.6885601305,2002.3910209370201,1072.889693420025,1
210,37810.47534839562,9.461097039794794,257396993,3890.5693845986016,21.608286149207963,180.04988261140772,0
10031,14962085.028422069,3.6425915565542706,73068281,4026763.934954402,2699.65509184033,1491.5845906113118,1
14317,19512509.371652357,1.4656114046629836,86833572,12568889.50331428,9222.227013014479,1362.8909248901555,1
124,39258.7041993855,2.3261748941506477,482773013,13976.301981053435,44.144642086219264,316.6024532208508,0
291,148710.8330682605,8.31066449881133,506085547,16866.85369275158,33.005358946094724,511.03379061257897,0
6063,6583835.120863388,1.9583795318615653,829138314,2361898.8235852737,2175.0533396589067,1085.903862916607,1
215,119831.91616188997,1.4285370481349653,9428143,83334.36504628346,149.5168320662224,557.3577495901859,0
470,293155.86767333245,9.119748611101407,339714215,30990.752124362727,49.6856966024681,623.7358886666648,0
6944,7119318.844425648,3.321328761031636,540878286,1843329.152924963,1797.9357179561173,1025.2475294391775,1
18727,19219959.96169937,4.3733294195677495,381140811,4042502.9560873373,3938.819488152256,1026.3234881027058,1
263,88239.9078890275,9.46361235035967,129077514,9198.661599273717,27.41671040331874,335.51295775295625,0
258,77606.31540796478,6.779162321778343,856589726,10163.545767642454,33.788420365884754,300.7996721238945,0
265,90925.66832186742,8.16022224814894,325687447,10714.89935532145,31.228237103617783,343.1157295164808,0
177,130977.88407399826,1.815958796584045,797588534,50114.984542762744,67.72404613787732,739.9880456158094,0
127,40666.65479429103,6.468612182955449,270049411,6034.826682908199,18.846472438075608,320.2098802700081,0
217,104397.02931630409,2.1540695257339673,331105482,42007.918553589276,87.31779424977599,481.092300996793,0
293,66830.46544162669,3.716552082227639,599689164,15483.487050228248,67.88313796317101,228.09032573934024,0
357,259618.7917017624,7.8524979859445265,710701086,30317.967563354607,41.690026939772245,727.2235061674018,0
6507,7354630.178894426,2.0241779455045115,607947700,2794178.990450409,2472.1464232201474,1130.2643582133742,1
16772,23496182.453885753,1.1537335712054544,188506476,17505201.474806864,12495.529421074365,1400.9171508398374,1
15460,17878773.91477889,2.728908301964169,780935549,5093894.393583211,4404.754358446195,1156.4536814216617,1
2305,2215474.4528441476,1.2625119813429615,709426949,1123500.5398766736,1168.900296318564,961.1602832295652,1
461,267354.21105125063,3.4403532505949763,827949458,62637.12517692009,108.00546059483915,579.9440586795025,0
10095,13906709.93619629,3.545882834200388,471130288,3461952.8274228415,2513.061245483383,1377.5839461313808,1
320,63421.52019264701,8.512016696107347,43877102,7412.611901129081,37.401118755212615,198.19225060202191,0
3617,4711415.007044718,2.8510397635758924,82971909,1605792.8641123532,1232.7830982432608,1302.5753406261315,1
2511,2901513.5738265445,4.4970075067373445,803902426,547361.4173120327,473.692258850235,1155.5211365298862,1
10820,12017624.839094823,2.2694893322698064,477169341,4375361.582437994,3939.331852661236,1110.6862143340873,1
14270,21260134.778249588,3.382722543292461,342128336,5707647.223259571,3831.025848398688,1489.8482675718,1
177,85309.76860030176,3.9565814890407682,498200792,19150.154422444833,39.73258148962728,481.9760937870156,0
8724,8029802.563254666,4.583195430035366,305252871,1642607.6474111357,1784.6153754254228,920.4267037201588,1
7046,7402072.610273541,3.449253539387689,402856995,1921562.8794125803,1829.1271595403466,1050.5354258123107,1
97,51510.145609735744,7.067794374485746,564979119,6748.548958474597,12.708355630202503,531.0324289663479,0
8265,11222517.534060925,1.5995771813126325,705894854,4867774.30485688,3584.9491442125554,1357.8363622578252,1
19148,20469055.097662866,1.555103536450523,447705294,10220174.180607364,9560.572985736608,1068.9918058106782,1
16577,17530022.883501023,4.062193416397263,834197805,3580192.4500833806,3385.554636148843,1057.490672829886,1
379,85083.74895703688,1.0741261743276411,229410361,65271.47237622401,290.74750858804214,224.4953798338704,0
226,116031.63596673944,4.080765563447677,968858482,22978.272228274887,44.75580715830575,513.4143184369002,0
251,56654.32460294287,3.8614539673614052,443005777,13161.773594736664,58.31161514027296,225.71444064917478,0
17496,17130368.07905417,1.0447972210228165,705853352,9785144.073311828,9993.998956507909,979.1019706821085,1
6127,5657288.784981783,2.3906626830354663,964394855,1686197.247244342,1826.198189014555,923.3374873480957,1
2987,3958034.7252718364,1.092427411149921,291740820,2859504.095093725,2157.974683119623,1325.0869518821012,1
376,151905.68760614458,7.630172882824288,865780841,17879.76871627394,44.25636158370587,404.0044883142143,0
15246,16979578.760622665,4.353176468003054,846484560,3265516.4767815117,2932.114212424973,1113.7071205970526,1
50,11580.341505449851,8.745415748742616,200565604,1294.4741385918055,5.589101746190344,231.606830108997,0
7362,8580804.2338288,3.827491382173754,492374786,1986358.8129297022,1704.2194626858832,1165.5534139946753,1
185,125273.33533136631,1.6151285637072204,602519549,56489.2755588881,83.42171101895829,677.1531639533314,0
372,67650.42986301096,9.313204069196832,282686129,7049.9378865051185,38.76659614862024,181.8559942554058,0
14305,20248860.817545544,1.6304453962514724,659375258,8842989.855974011,6247.214153405483,1415.509319646665,1
351,120557.47870652017,8.657223414845616,522340363,13133.24702830424,38.237111097492416,343.46860030347625,0
302,229601.11279509045,5.441398423645139,622335005,37864.644858966334,49.80430019785317,760.2685854142068,0
184,64518.32672078976,6.369772648543615,18786096,10099.042569796204,28.80148831020017,350.6430800042922,0
110,71660.2496291414,4.6367247654397845,572899771,13755.357824330547,21.114765417465787,651.4568148103764,0
19006,20755183.246910654,4.128137079539676,159690041,4840489.75470316,4432.548110197096,1092.033213033287,1
254,85124.09023996175,4.859689251759746,803538530,15031.020033156952,44.85074762807335,335.1342135431565,0
451,111790.19358543442,4.777050629415415,597254384,20800.86509909322,83.91782730496455,247.87182613178365,0
313,33866.453224450255,9.396662937103715,791212836,3324.1918117865816,30.722793148531416,108.19953106853117,0
14333,20493112.703445747,4.670098908921393,893401867,3683492.37806151,2576.255594684672,1429.7852998985381,1
5841,6355288.478466172,1.7974005157787452,560867721,2694896.356297076,2476.8174836542175,1088.048018912202,1
72,22955.87650336977,7.19766360910489,271973692,3073.2250547123886,9.639022230617536,318.83161810235794,0
6766,10071231.737641739,4.270129663832483,456353345,2130808.831602992,1431.5083725798286,1488.5060209343392,1
2094,3129183.533136669,1.6791705582037895,837995517,1243137.4965528767,831.8878998996798,1494.356988126394,1
418,251819.0501416267,3.2849560986496136,82506582,74780.05668441397,124.12906679024103,602.437918999107,0
17480,25911154.776114944,3.181952592227848,749781447,6590261.324289276,4445.875490457358,1482.3315089310609,1
162,80479.57342733216,4.790722418428517,824104196,14333.403140271936,28.852182110789634,496.78749029217386,0
3320,3782093.539711197,4.559854820548991,513808829,745436.3948716614,654.3594982483953,1139.1848011178304,1
97,12909.642509402363,1.8954184029613534,712606096,4949.969800722207,37.19290215204278,133.08909803507592,0
18746,23558661.717639007,3.7323206938965416,175509259,6028579.032763945,4797.035752823683,1256.730060687027,1
29,7251.217302629951,7.336771017781019,842939962,886.4882048465819,3.545357540343848,250.04197595275693,0
138,68995.28083230244,8.481916641567247,383868604,7782.1962658974835,15.565457111539875,499.9658031326263,0
248,97276.76813619587,1.0698368350368204,343465595,68829.40697530785,175.47553498053415,392.2450328072414,0
485,374704.17393818585,9.81477885824067,579116864,36050.4072728381,46.66200363759719,772.585925645744,0
451,324077.2090355175,5.462560279936216,153761828,57702.746175753695,80.30166207217863,718.5747428725443,0
3602,4609987.879640469,1.4684289260211112,232760151,2709862.144020374,2117.3425392004797,1279.8411659190642,1
108,67065.23423355028,9.064255287924938,615171150,6928.637214575249,11.157685911723597,620.9743910513914,0
51,13534.610921907433,2.568508106512246,96135560,5079.332404554825,19.139519719255347,265.3845278805379,0
5651,6321064.232796237,4.943841208461399,990207515,1065219.4694331877,952.3009101117907,1118.5744528041473,1
6830,6731375.020594072,4.620352493553057,243604646,1383929.7566698152,1404.2064524909858,985.5600322978142,1
19032,20318389.579399418,3.50855357624447,779151454,4738756.382745138,4438.738174793442,1067.5908774379686,1
7942,10221503.315406954,1.5335969407099577,423365253,5223148.0752468165,4058.330828018585,1287.0188007311701,1
470,81905.51764144935,1.5273179893912188,312593576,44516.007824557506,255.447059978703,174.26705881159435,0
2371,2713099.3336692397,3.811862654178574,971118150,567240.272279367,495.71597651586103,1144.2848307335469,1
484,245160.039905633,6.1757772524660375,597528795,36195.03359033213,71.4569807724943,506.52900806948963,0
3374,4836667.53075787,1.284004318021561,754195681,2373009.289117709,1655.3822007750418,1433.5114199045256,1
11388,16694131.21125317,2.6036108903165043,957412857,4688014.56992064,3197.9567697580515,1465.9405700081813,1
197,128279.75130440714,3.6430877202259255,586793642,30327.032916332533,46.573410251944054,651.1662502761784,0
400,168952.79668260738,5.92325331782003,479479185,26387.608198248723,62.47332679037011,422.3819917065184,0
12107,14630729.87649802,4.9973404913244615,556974382,2634119.636746663,2179.7467871592803,1208.4521249275642,1
193,147107.02166771478,8.564822919542744,384713704,16437.389761692637,21.56536233309468,762.2125475011129,0
202,101544.58034266149,6.590801301437639,450198693,14421.897517807312,28.689106683649932,502.6959422904034,0
4882,5494150.276006098,2.5877274495373945,605847203,1720376.3411764381,1528.6944979103898,1125.3892412958005,1
247,144360.11645516625,9.422171568059076,31085071,15270.94016031443,26.12856176774494,584.4539127739524,0
3401,3747916.626178085,1.2779199395341276,10490282,2908946.672058678,2639.687223181436,1102.0043005522155,1
324,67408.00101118762,5.999580805559349,409106185,10518.223328817041,50.55637769129388,208.04938583699882,0
19441,21580732.50005772,4.604896091911157,963648178,3875471.120282937,3491.2176428311254,1110.062882570738,1
261,121266.46528933472,9.156288130640814,893986007,12065.985825716056,25.96944087549703,464.62247237292996,0
8470,11739772.224420935,2.8081142938587416,993323502,3088245.252154371,2228.1043265332805,1386.0415849375365,1
14495,13419489.832871443,2.206386429783694,522982595,4916700.420872899,5310.75126462562,925.8012992667432,1
139,81581.92933547962,9.578597844368254,395017224,8179.775214527799,13.936772077844115,586.9203549315081,0
74,33166.30631006619,7.112159482013757,956698660,4110.408898797275,9.171062211973862,448.193328514408,0
91,26799.073083280717,8.394819374480502,367338644,3058.5014589736998,10.385569377779934,294.4953086074804,0
12041,11448408.98006563,2.014787319983243,199698949,5169780.973770517,5437.37848757513,950.7855643273508,1
278,138851.3078856905,3.3706325076026005,808084918,33228.21185155088,66.52759009181159,499.46513627946223,0
19374,22593714.45437748,4.017503822099639,373806327,5145096.494496051,4411.8951616233035,1166.1873879620873,1
6857,8833843.866388528,1.1471111709323596,719088561,4733600.436884379,3674.311962792915,1288.2957366761743,1
438,61599.88448998518,3.7500675491928694,3143197,16412.58342672871,116.70008150869025,140.63900568489768,0
9662,10111650.834327962,2.4218394075365546,365544077,3627649.6902646963,3466.333231003719,1046.5380702057505,1
11879,14456876.91827168,4.137766168282916,908245812,2865010.4230353264,2354.1363053470154,1217.0112735307416,1
388,256339.20817760588,4.025436984865889,38277823,63080.01921823487,95.47914121556259,660.6680623134172,0
260,150415.56045844968,5.634818295835103,32883013,26539.07682537437,45.873977090976666,578.5213863786526,0
379,112014.68102979944,4.465371140563705,235309434,23829.46027771651,80.62662288751177,295.5532480997347,0
174,92315.20413914046,4.3979088069600145,806393074,17738.249288896262,33.43387912153609,530.5471502249452,0
16178,23330869.449128777,1.1335728194634296,348062121,15746705.75859347,10919.018955465375,1442.135582218369,1
13106,13505434.840529239,4.879283140964161,767957414,2391510.4570244304,2320.779480250629,1030.4772501548327,1
9025,11910611.765430594,1.1499518274786373,186212950,8914029.142353306,6754.406456537724,1319.73537567098,1
439,283363.6013279693,3.46648786686593,437448121,72584.07981296557,112.45061429400575,645.4751738678116,0
6383,7521996.379144549,1.2854680555575202,859115931,3507438.471187522,2976.3348229816697,1178.4421712587418,1
4025,3809893.3304724,4.715786942290493,623154423,713604.639908815,753.8947751266413,946.5573491856894,1
400,277507.1412150473,3.876832248288623,834930168,58896.67531955804,84.89392389930251,693.7678530376181,0
356,53686.839348966925,5.335298542111069,311175047,9508.029835205323,63.04820068343674,150.80572850833406,0
254,181882.81753530214,4.914821780992407,103843913,36241.26981660184,50.61106188125873,716.0740847846541,0
16755,21899053.982587513,2.4097241022109626,155418737,8537167.462114373,6531.800001107866,1307.0160538697412,1
257,110688.52039699492,4.232740621502634,863916495,21717.866803044868,50.42520894094508,430.6946318949219,0
12832,19238376.26478563,4.55877490131024,523385204,3785472.292516692,2524.91061558492,1499.2500206347902,1
178,142217.09716937348,4.426259821096096,556804858,28540.086538706335,35.72098928330354,798.9724560077161,0
399,128857.60224890344,2.9419749679842044,318988850,39515.18920211693,122.3564633865351,322.95138408246476,0
150,11349.183352006246,9.560009808786399,372398000,1142.6417008337637,15.10207825612105,75.66122234670831,0
204,148932.69152209052,7.73330742192827,158455473,18871.916643340082,25.849737595525443,730.062213343581,0
12426,15782640.886952654,1.6892473491897984,146465633,8597553.669923794,6769.032043983904,1270.130443179837,1
7537,7854148.072050569,1.3212657917809802,10864648,5895930.186342632,5657.854347385967,1042.0788207576713,1
300,44284.09879693919,3.5400573650630003,26077355,12417.954528693987,84.12469621862746,147.613662656464,0
255,153806.6209581454,3.9596075938809063,743967268,32699.9411032314,54.214083433983745,603.1632194437074,0
301,215211.47753896908,7.949372543267182,192996310,26431.064646821294,36.96712902894612,714.988297471658,0
16618,15852358.355227442,2.8570656811437587,566634283,4630183.287451708,4853.813176983817,953.9269680603828,1
13593,15052188.486857306,4.9378694923704645,637310350,2699857.0292680264,2438.1276271476304,1107.3485240092184,1
15955,23901232.383028112,2.5284594580380744,537906582,7794644.237167241,5203.227465890501,1498.0402621766289,1
7858,7626010.1808203915,1.7872469978412284,814172941,2931479.8687278866,3020.6580193662435,970.4772436778304,1
224,80200.43984357598,4.45545300733533,326246966,16772.36972014256,46.8452644977965,358.03767787310704,0
14057,19004441.600424856,3.0744601265413363,46362075,6089562.420774498,4504.2617272645075,1351.9557231574913,1
7054,7167072.768062827,3.288587511145601,309835546,1991726.0017080947,1960.3031350058898,1016.029595699295,1
281,43886.05259051589,2.143506388219069,896948179,14434.043206459082,92.4203910262717,156.17812309792131,0
7905,9245773.295248238,3.7955443404682714,895840515,1970798.2994555174,1685.0035210362123,1169.6107900377278,1
10728,14251424.915563049,4.515732873809223,183020285,3033022.683654806,2283.1588801142157,1328.4325983932745,1
9077,13533468.621989116,4.074300689637594,275100928,3111570.2369513325,2086.953746278835,1490.962721382518,1
12254,11343159.701461213,1.6490902902362987,587640294,5071312.468924004,5478.531963734006,925.6699609483608,1
6908,7996645.713621992,3.1333524595702884,19204852,2536558.394758845,2191.2369283967514,1157.592025712506,1
11873,13055415.22459339,2.5971970241031435,363471022,4409618.039339816,4010.2435717598746,1099.5885812004876,1
384,44180.82894153289,5.583207254525877,285940074,7527.640127007949,65.42688034659496,115.05424203524191,0
378,147857.207881783,3.238226285240216,696527778,37577.24256850366,96.0669952745972,391.15663460789153,0
14174,20885630.074578922,1.2087402311870443,61507946,16442164.964038761,11158.449391667873,1473.5170082248428,1
10685,10586121.0408602,1.441420226231502,78460370,6965100.460594187,7030.15751796104,990.7460028881796,1
24,2194.4228953807847,3.754054946880489,687607668,494.0543858574521,5.403382039778311,91.4342873075327,0
337,96344.15002506848,7.1025433910890765,967630576,11938.299027749455,41.75870326641253,285.88768553432783,0
460,59830.90155738493,7.552940431309681,996854891,6997.933786936777,53.80245756289444,130.0671772986629,0
339,77645.52921402694,6.210429034663029,743184712,11166.212568434401,48.751629347069034,229.04285903842757,0
33,19874.214950697613,1.0508689435706624,375270202,13935.677323228545,23.139397093539014,602.2489378999277,0
18238,17157498.601447605,4.488118939371467,743719681,3279439.571136734,3485.9637927259078,940.755488619783,1
18336,19699063.528970532,2.5803053015527704,119483815,7296519.34967547,6791.641572143363,1074.338106946473,1
6355,7923222.361852826,4.97268315839333,117691932,1556510.5166426161,1248.4345234191678,1246.7698445087058,1
438,60420.821802677834,1.4657093170219104,925503866,25267.85241553438,183.17061946207355,137.9470817412736,0
6787,7087806.97931024,4.025781905470128,66773825,1731877.9379202335,1658.3769280083452,1044.3210519095683,1
5742,7774516.82952748,2.3714749581096597,255778915,2959179.8908742066,2185.5520164115987,1353.9736728539672,1
8618,10012484.755505117,2.720743467114052,171420758,3461935.0687495195,2979.7754654337273,1161.810716582167,1
8958,9888097.730210187,4.2238118735099315,798671302,1968766.7204990191,1783.5798920502102,1103.8287263016507,1
18925,26130238.417266406,4.50991678363533,93063785,5676808.326178395,4111.466411341118,1380.7259401461774,1
369,49463.65921795759,8.551823487868948,380916230,5537.344731875604,41.308715092398444,134.04785695923465,0
416,78110.85435388202,8.592870308756478,52787975,9034.691378057034,48.116636853619774,187.7664768122164,0
354,196926.96225990998,4.912213533972274,996604591,33327.63982489883,59.910457982096226,556.2908538415536,0
10669,15521532.141680513,3.5042381257713164,795729287,3609685.993335687,2481.18159414698,1454.8253952273421,1
17647,25984825.651294217,4.557218895312873,654321331,4986016.5177460965,3386.139074759694,1472.478361834545,1
187,89313.26170394916,2.0800247465519925,184307658,39443.52937068891,82.5850478596135,477.6110251548084,0
208,139915.65128119782,7.823162858471604,891011521,16056.099544071987,23.86915741438403,672.6714003903741,0
51,40372.61499832227,9.446158478122019,438034266,4084.563711318889,5.1597536916030835,791.6199019278877,0
16877,22443396.325895827,1.0833809592308032,877933199,11443039.979959568,8604.944765821627,1329.8214330684261,1
7912,8265185.336153606,2.327625139589987,663847354,2762915.3715649834,2644.851328886871,1044.639198199394,1
356,57831.32762360196,4.840065825542243,514395059,10800.588307695894,66.48661885414721,162.44754950449988,0
4568,4415695.230005091,1.8667465748215708,896594259,1597955.3357876565,1653.0715082593233,966.6583253075943,1
3825,4818820.9932921585,3.2415194405470733,429663831,1312607.0361672407,1041.8984063381033,1259.8224819064467,1
9820,9232929.441689083,1.4957567770577578,625859075,4351838.450270841,4628.547618776306,940.2168474225136,1
478,51688.056170781376,8.36088974099281,965820169,5541.9388690755595,51.250655870390254,108.13400872548405,0
253,146558.08545029804,1.8636017945193093,27194802,77511.29112464603,133.8060373420057,579.2809701592807,0
450,170150.95845557438,7.574483314908264,47365277,22324.106337695444,59.04079496905023,378.1132410123875,0
8218,8397911.433496295,4.426287609437343,728441135,1629166.5090153948,1594.2642973926313,1021.8923623139808,1
206,145601.18248490593,2.172955281307231,288106302,59161.941932896996,83.70371607002718,706.8018567228444,0
6965,7233599.761183447,4.368998340796937,422786072,1509583.7245651954,1453.5294996576379,1038.5642155324404,1
14684,20888505.030737557,1.4096013991840048,17726000,14634697.717341796,10287.758791987571,1422.5350742806836,1
4358,4546391.155553404,4.426612063225249,815362082,867305.1468013383,831.3661760368594,1043.228810361038,1
427,77007.28906984029,8.340248262117594,592917117,8620.380996175732,47.799406131914516,180.34493927363064,0
6185,7110536.644138223,4.086659753090808,401286814,1584363.0350410875,1378.1358373010357,1149.642141331968,1
351,54550.175709743315,9.243015712630328,48478844,5870.979676871983,37.77648448919658,155.41360601066472,0
122,22973.584274355253,9.321512790996747,422562490,2357.6977406115875,12.520428720201789,188.30806782258404,0
8613,12885251.894654151,3.1966227631609567,565091932,3425366.605082955,2289.647327874095,1496.023672896105,1
18289,25731680.220539298,1.470213046501752,340348149,14211991.44467934,10101.287957257728,1406.9484510109519,1
371,121130.55356143949,9.586142237072684,195269067,12383.750135423135,37.929086965755836,326.49744895266707,0
106,52570.286009841824,8.62441711302797,636160186,5676.782808708894,11.446370628656835,495.94609443247003,0
370,137786.08415714404,5.077132753421696,509712599,24662.59140275267,66.22699871934316,372.39482204633526,0
4928,6443451.035985621,4.007195778074834,529328734,1420349.6572839261,1086.2941414475285,1307.5184732113678,1
6971,7952527.715607659,3.49037518625076,121652168,2201679.814591893,1929.9410874605599,1140.8015658596555,1
476,262291.2893453075,5.210829222705384,650090358,44752.58288968704,81.21592413023889,551.0321204733351,0
9943,11344065.669214498,3.1286299399393425,769219132,2910339.897683712,2550.894048612545,1140.909752510761,1
472,172149.22155048524,3.4811730721243026,82030779,48313.04318897353,132.46505665149334,364.72292701373993,0
144,97909.44221421293,1.903963760757694,892076001,35017.185217946775,51.50141352406101,679.9266820431453,0
10709,15251770.580022065,4.910529346201889,246209766,2957638.5867443415,2076.699977832956,1424.2011933907988,1
175,95232.66863866027,1.6360386822559503,343737254,48102.750869252086,88.3938413409302,544.1866779352015,0
365,164698.0490786492,7.479903079294519,764371320,19977.264353639515,44.27315034919676,451.2275317223266,0
7363,8610095.331691358,4.617507334643971,984613874,1536934.8521781603,1314.323579546802,1169.3732624869426,1
11369,16013996.22807463,4.71057082203438,904865416,2851781.3308267836,2024.5978260772827,1408.5668245293896,1
13370,19332659.517572872,1.821359517356226,711212161,7633608.036760799,5279.2187933957475,1445.9730379635657,1
13089,17086997.786906395,2.6008763821552447,242934644,6008485.66580303,4602.626503525437,1305.44715309851,1
278,154033.88520142477,4.955432613128773,112772161,30392.198434386126,54.85176949027052,554.0787237461323,0
214,52840.95894634597,5.0310221036001685,892082336,8921.159416515866,36.12970228403499,246.92036890815874,0
9694,9985385.361895692,4.028047470989441,209689061,2356301.597921183,2287.541928768533,1030.05832080624,1
86,53045.4092903541,3.1443617200593703,896962774,13125.748592653055,21.280152120033296,616.8070847715593,0
2938,3443276.779286126,3.4940312398248885,972558210,770896.1877884521,657.7725651761399,1171.9798431879258,1
356,280385.1240242887,7.576048110158883,251085048,35822.19931087024,45.48280868697258,787.598662989575,0
9975,10951447.616005322,1.432744779520155,645815142,5268766.852771788,4798.995639589155,1097.8894853138167,1
321,140375.48333502293,7.539472190631475,261222218,17995.25477881781,41.15018268691736,437.30680166673807,0
19061,23729922.43308939,1.9052171446049382,912314325,8422238.64722856,6765.1418291603495,1244.9463529242637,1
92,18427.66097122924,6.208305829230182,136533360,2904.354298294685,14.499973483356692,200.30066273075263,0
2209,2732344.7032139264,2.3255765557705494,588228486,937723.9259472348,758.1152370639455,1236.914759263887,1
5966,6865378.144622616,2.8551223894436912,892577202,1831891.264789964,1591.9098781612252,1150.7506108988628,1
4163,4219673.985500765,4.681889202455553,205603569,863361.6831404738,851.7659656323563,1013.613736608399,1
18565,23179299.912565295,3.6844499934977435,539403142,5487714.456206778,4395.275925665507,1248.548338947767,1
43,4945.208358290921,4.119763887668736,167135740,1153.5628980845024,10.030559083414763,115.00484554164932,0
4164,5276995.114318894,1.278691457694351,211532589,3541074.9987724633,2794.210715654924,1267.289892968034,1
326,52624.27805636486,6.7077106922907195,425506166,7377.355701053905,45.70168080914296,161.42416581707013,0
216,41285.14727062693,8.76072912423759,528433865,4444.442122337592,23.252902360552532,191.13494106771725,0
371,133960.47208383936,1.4481122786893823,51434683,89333.96252753574,247.40805688541636,361.07943957908185,0
10129,10950133.050688406,1.4514776705872885,419037627,5854072.973801709,5415.085358064186,1081.067533881766,1
7106,8214050.749344655,4.398701229604499,798663936,1580425.9442273169,1367.231236132224,1155.9317125449838,1
119,30697.094158581494,7.959486004001335,300902662,3716.18036387642,14.406101796370457,257.9587744418613,0
349,143106.05140411644,3.1282634562967586,223607002,42694.386070288434,104.1209689760335,410.0459925619382,0
17221,18595884.873827428,4.349309735298071,315468820,3986445.3699966013,3691.707933368256,1079.837690832555,1
363,160915.7451702275,9.765465252159315,972568563,14985.587486515109,33.80507141703524,443.29406382982785,0
7783,9169205.91097836,4.956297861894818,487008161,1684492.0848492112,1429.8295865167806,1178.1068882151305,1
85,12242.580807755763,3.8598445614245884,489842298,2814.5890045462515,19.54163661593894,144.03036244418544,0
175,89232.26620396205,3.067846073699737,440597312,25433.577343065845,49.87967048671568,509.8986640226403,0
381,293763.62131870084,1.9079382524811372,730941009,111321.35736813462,144.37947410528898,771.033126820737,0
150,80983.23332773965,2.8817635794285703,121395961,26966.01104188518,49.94739639393051,539.888222184931,0
348,85688.62531290963,8.008643412326478,771157616,9759.745697704357,39.636433545275054,246.23168193364836,0
14398,18775495.17366584,4.693129662812579,412909850,3677115.1352339736,2819.7979987955664,1304.0349474694985,1
17302,23696698.20077018,2.296111822535392,380254549,8854056.17586494,6464.735241040298,1369.5930066333476,1
6896,10122648.418797923,2.5072784245918833,992892843,2892043.744408628,1970.1893058348674,1467.9014528419261,1
291,202836.52173887624,6.508446593033379,13801604,31099.17249563359,44.61651737392641,697.032720752152,0
2037,1925158.7985562072,2.106879990169197,419009854,762170.5289327139,806.448469913382,945.0951392028509,1
2473,2498071.1428528437,4.951930577681043,750090155,438102.78144644195,433.7058940922538,1010.1379469683961,1
9296,8956392.431092348,3.4221170995650887,119924099,2528596.3457230986,2624.4754024221656,963.4673441364401,1
456,166863.28912668378,5.6669658046208,312167472,27907.604899717036,76.26523425778453,365.9282656286925,0
362,186210.0014358103,9.314444857281874,44077747,19897.37155206659,38.681319189673324,514.392269159697,0
4581,5741260.642904778,4.62444700578663,262819531,1174738.5987013609,937.3337765637805,1253.2767175081376,1
184,33045.6428290373,9.218661436819755,183977599,3514.507225380929,19.568974125141267,179.5958849404201,0
187,120886.38273598965,9.725255383844695,560293468,11753.031799981087,18.180847973558738,646.4512445774848,0
100,6931.853337394614,9.778944608682135,636615148,665.5286416985377,9.601020236655517,69.31853337394614,0
326,75671.13022115927,9.045570344972923,502020638,7925.677833927994,34.14473877037518,232.12003135324932,0
4802,6805233.316663152,3.485360085713797,828372540,1577574.2047844431,1113.18906771729,1417.1664549485947,1
8105,7788457.00861666,1.0198899412893967,336519608,5741965.627340886,5975.333927902595,960.9447265412289,1
12181,12394210.683308195,1.6758886001515614,369833143,6058600.454729558,5954.377735280074,1017.5035451365402,1
411,166578.03531219688,5.369463020492853,30088999,30850.34364162724,76.11742576351782,405.2993559907467,0
415,95406.26256089177,3.441417278348591,755097714,22734.64118079974,98.8915804558449,229.8946085804621,0
16684,15345017.46804872,1.8485015948877597,451582275,6671503.447740596,7253.648537961423,919.744513788583,1
36,22467.27760097314,9.084062738465471,168150307,2428.313906150745,3.8909609866413177,624.091044471476,0
19933,26000880.2083485,1.2118916241844033,572933992,14567742.62570992,11168.037829159315,1304.4137966361561,1
8661,8222546.615254014,1.453709706983366,501326246,4205828.850720871,4430.097557430286,949.3761246107856,1
17554,23998631.88597149,4.880306475640004,112267878,4806865.19339957,3516.021746817184,1367.1318153111251,1
19184,24123583.020821508,1.031226777955561,277223389,18436761.009363543,14661.620659681988,1257.4845194339819,1
458,306564.70898010896,9.610548651230166,995260811,28905.357018892286,43.18387970583933,669.3552597818973,0
246,32920.85725510183,3.1787979965695445,115239859,9994.073747343065,74.68038036784074,133.82462298821883,0
9177,10259406.10839906,1.2740302693662096,475206977,5865074.12285641,5246.286642400227,1117.9477071373062,1
45,5286.491361985524,6.1284292959892035,773122964,765.9858482320316,6.5202722959704715,117.47758582190055,0
409,142804.50023763414,1.3679838774160258,281544774,86572.91288335288,247.94961860704692,349.155257304729,0
234,125975.91888509526,7.044786293094507,927649665,15801.433783508846,29.35112947033674,538.3586277140823,0
393,310254.27423855674,2.9253058344974594,918675179,80711.70829126204,102.2377578401272,789.4510794874218,0
204,63412.88716649026,7.876113630991487,556969581,7519.537703164107,24.19044077614705,310.8474861102464,0
9796,14042986.077127669,2.709802132969942,901198313,3888946.0932635297,2712.82159794049,1433.5428825160952,1
10464,12532450.444497647,4.56491776412587,777047922,2346037.2418802455,1958.8295048725336,1197.6730164848668,1
11367,12356042.148340825,2.5316656293190962,248218013,4444805.516403879,4089.020067946862,1087.0099541075767,1
15182,22674431.471683346,3.5026687225263724,596084634,5532031.205434513,3704.0530813658183,1493.5075399607,1
343,190507.6030476771,9.628215885205798,73665913,19636.149667676673,35.353966079388044,555.4157523255892,0
425,295089.50514506595,7.117076180265713,537104509,38552.72263939391,55.52521128695375,694.3282474001552,0
86,30577.519949491572,2.9398895659409083,903776329,7955.301211205211,22.374473315486267,355.5525575522276,0
7656,11328263.473594222,4.880229440152277,580271508,2074583.1895565328,1402.0691641104165,1479.6582384527458,1
4271,4018765.8867198527,3.349467117829944,97041727,1166039.6266640495,1239.2250222734413,940.9426098618245,1
101,54987.197617043705,2.013464341353806,210704092,24722.58700935205,45.41022994724501,544.4276991786505,0
357,45569.85005501699,9.870702580789336,765511008,4284.405317231314,33.56457606081558,127.64663880957141,0
2062,2361584.5447988235,1.4223025688778534,827990241,1049456.5571344518,916.325195969464,1145.2883340440462,1
140,44659.74336804926,2.351382797654877,411745238,16162.748447327976,50.66721418387665,318.9981669146376,0
19978,18784126.525483135,3.6476709206317053,645564320,4375284.714824815,4653.367188204773,940.2405909241734,1
16504,15366380.375301832,4.159793079068153,713605361,3153113.902808024,3386.5484636567485,931.0700663658405,1
201,93429.88508914768,8.69433090859964,880589665,9757.771291258157,20.992341237190555,464.82529895098344,0
486,202955.56032620877,2.904155258403721,172725385,65961.4667736004,157.95217830171495,417.60403359302217,0
9389,10882024.39027363,2.8553189272665285,8614291,3799678.121286733,3278.358566504194,1159.0184673845597,1
219,93745.58826296733,1.4519180931181546,636131553,44896.24489400796,104.88256369149934,428.0620468628645,0
338,230603.15085507664,4.199045172224306,215366932,52238.70028681835,76.56738700869272,682.2578427664989,0
471,127524.32244093846,9.563173117712378,694729551,12431.812482477564,45.91581878005109,270.75227694466764,0
391,230247.6666195096,8.816539515370938,117248864,25772.679723551075,43.76642734261093,588.868712581866,0
181,87763.25822770753,1.1325150267519835,3243899,77272.78759407473,159.36480523818932,484.87987971109135,0
18183,18608076.452162083,3.2059611814053475,24523904,5760149.315107338,5628.566459615298,1023.3776853193688,1
451,114102.20449131717,8.909208622773338,784878809,11770.288363331221,46.52320325911261,252.99823612265448,0
93,65541.0015022291,2.0796058697337276,332778182,27168.560269301324,38.55107561881075,704.741951636872,0
17952,16196826.859249594,3.341938036683915,45517581,4781413.747443798,5299.5528284660495,902.2296601631904,1
14864,16087487.775615156,3.9749472598097824,174071793,3877419.5950535466,3582.533560537366,1082.3121485209335,1
262,127504.22122837501,1.6453946879643941,796598674,52213.172735984735,107.2893989315521,486.65733293272905,0
31,14828.043742102733,9.81314351487986,86310603,1497.8647878493746,3.1314858002129102,478.3239916807333,0
5153,5189749.730337105,4.888168376706494,5646319,1060471.2382939723,1052.9618141285362,1007.1317155709498,1
10849,12150883.327657137,3.2925116930902587,978805816,2844762.371750054,2539.965707749671,1120.0003067247799,1
43,17407.06192728287,9.421195397928631,768958778,1708.22360748988,4.219759510761416,404.81539365774114,0
234,60333.41035742704,4.980919630295891,626706698,10759.17096204979,41.728886038508655,257.83508699755146,0
40,28641.307852872964,2.6988263014069354,267501321,9655.476905694204,13.484687159250207,716.0326963218241,0
12158,14468172.969954057,2.2731895433333427,350856935,5513687.767887208,4633.30207768352,1190.0125818353395,1
248,167724.45611286155,3.7351078927522146,491387257,39684.05266540875,58.67745997875791,676.3082907776675,0
434,64944.86437731319,2.383068755922586,26145753,26956.86255283133,180.14170111987542,149.64254464818708,0
248,142420.0261335966,8.436423152571637,250802865,16394.189105420286,28.547662913152116,574.2742989257928,0
18277,22673010.941437297,4.164288573912449,176970929,5222680.4055888625,4210.0685268269235,1240.521471873792,1
18992,22432360.586815584,1.5986938583344044,751052017,9546717.72053781,8082.5761625380665,1181.1478826250834,1
110,68645.58627687258,9.730580833181476,616207262,6634.482667026012,10.63131852977904,624.0507843352053,0
217,108529.16457111228,3.663432709043871,423912448,26552.483433917983,53.09069620069545,500.13439894521787,0
3235,3792583.5304512135,3.205322198769205,911225693,921301.9331159152,785.852633092935,1172.359669382137,1
293,164532.03038771436,3.630999801550442,197766389,42972.59801180506,76.52595781981582,561.5427658283767,0
6789,7218407.607478133,1.8504927584772521,379300238,3237254.587704852,3044.677246150486,1063.2504945467865,1
421,93721.00851398963,4.491878320857901,278194467,19647.71035623483,88.2586112882061,222.6152221234908,0
14342,17268772.35519213,1.1013506117918674,386583577,11605871.069616027,9638.86716767025,1204.0700289493884,1
16135,16526288.189737923,4.171609113318543,368997153,3639665.5469396594,3553.490228757937,1024.2508949326261,1
3299,4933004.691579182,3.484296353881735,668270931,1187940.9418695723,794.4482951572343,1495.3030286690457,1
130,88615.42276195905,8.391965053152191,243588074,10261.696206040528,15.054044377452756,681.6570981689158,0
13521,15217285.284994429,2.224233811700579,998505398,4721848.184050936,4195.49926947276,1125.4556086823777,1
11893,12141181.803728055,2.8728703843518764,489441714,3610962.173820618,3537.149334182767,1020.8678889874762,1
13172,13101045.113128498,2.496322989152813,70178996,5104630.81225649,5132.27734722197,994.6132032438884,1
12934,16328441.129488975,4.955350531120374,234246069,3146379.649067566,2492.2939096460777,1262.4432603594382,1
10954,12513981.724055557,2.858075459246875,69447646,4274597.082300488,3741.729648646534,1142.4120617176882,1
138,8402.913052388909,8.456497409298423,498639534,938.3344001988968,15.410149601706793,60.89067429267325,0
8473,10499123.850298608,2.3234675881829125,660047517,3519044.978877333,2839.9386969018005,1239.1270919743429,1
4919,6555460.3583122175,3.3207054791861355,22467918,1960849.6417893798,1471.356527346203,1332.6815121594261,1
19540,24816637.256660163,4.556906374653686,540737403,4868256.461043385,3833.143478101908,1270.0428483449418,1
19676,24857520.425482184,2.0269664053661973,772548120,8879225.380061436,7028.3614611452085,1263.342164336358,1
3979,3902102.7391272895,1.0785290855506133,169243762,3127254.0885844277,3188.8817005521514,980.6742244602386,1
4073,4963365.448465851,4.966856915149748,785826186,862791.3898948925,708.0174465348107,1218.6018778457774,1
46,22707.997489361216,8.065829835324912,122841889,2773.0990145698265,5.617516680190561,493.6521193339395,0
14674,20111765.648711782,2.6446438633853964,716686733,5983275.096576026,4365.533106377478,1370.5714630442812,1
472,342887.41218856885,7.523103710758918,562054565,42409.48667840192,58.37857267620348,726.4563817554425,0
11106,13352073.521635951,4.869276688922365,694811292,2399687.7057689093,1996.0144480244087,1202.2396471849406,1
3178,3950597.0964725544,1.1396234362924371,411319961,2547221.9704273655,2049.075424382347,1243.1079598717918,1
6862,9290848.545122977,4.207681569023931,311051443,2056073.7977660745,1518.5672580656683,1353.956360408478,1
216,46291.042041422166,1.6470050914001204,64696951,27043.866803192937,126.19018652167311,214.31037982139893,0
432,307707.2953966964,7.002863753225913,595708073,40495.411826557625,56.852788902907214,712.2854060108714,0
19401,23225501.971812405,1.3588318057585242,108121606,15832474.15060756,13225.368879808437,1197.1291156029279,1
394,257371.3373243191,4.9458600281006255,642209824,46057.28706622555,70.50735055716787,653.2267444779673,0
17845,20182859.581104595,2.9035700433179628,543555331,5854982.743439645,5176.777187435707,1131.0092228133703,1
164,82514.49601799488,5.060476033188364,798009107,14084.613008908622,27.993584702465768,503.1371708414322,0
62,11711.479641236338,9.013799834012486,431621725,1239.910740676435,6.564026773462726,188.89483292316675,0
19820,24045902.482864436,2.1148293824828346,328199616,9842659.459956218,8112.87954924341,1213.2140505986092,1
8123,10443988.112264369,1.6227045021679016,279699720,5489889.0522661,4269.86016186579,1285.7304089947518,1
55,13081.141246314608,2.815341016477976,467127368,3985.153766650811,16.755683089007686,237.8389317511747,0
11445,12270666.670379406,3.3971663288805654,309375977,3310542.726279299,3087.78345301552,1072.1421293472613,1
5819,5812680.825340785,1.2567819439912573,747100105,2900710.0633826503,2903.8635297567794,998.9140445679301,1
250,147217.97077423002,8.29599196135161,291365192,17143.571432425102,29.112565779615444,588.8718830969201,0
10799,16146189.330665573,3.71340251782008,409725552,3916004.8044227115,2619.1279574954447,1495.1559709848666,1
10657,11155972.538255947,3.7362835456615704,452295999,2663426.209124871,2544.2992991699443,1046.821107089795,1
332,31634.794879281842,4.551444564951165,262520756,6571.462977018558,68.9660140581158,95.28552674482482,0
10172,12238474.697779357,2.1626013174614735,187977011,5206580.248610485,4327.4456659599555,1203.1532341505463,1
14454,18809569.2759669,3.8754562915352433,665826015,4141907.066402485,3182.801469796233,1301.3400633711708,1
473,320970.1440411953,9.38604693948628,36275120,34064.86660239409,50.19993978276186,678.583814040582,0
7150,6743054.369961062,2.935445401162481,404912255,2018662.3900949927,2140.489353530534,943.0845272672815,1
407,125895.6362016691,4.420066278166766,13742603,28394.466152212543,91.79466479233925,309.32588747338843,0
347,212241.02607080765,2.3559376438690167,956854125,64067.11948069905,104.74549087595246,611.6456082732209,0
90,64521.43483470383,7.729989744448907,10512005,8335.562334741091,11.627153240603253,716.9048314967092,0
51,26376.348658100476,9.292578292001767,6942362,2836.312713252614,5.4841536351719045,517.183307021578,0
134,30609.86497811816,4.844827245536511,64198373,6235.425796625531,27.296659339893274,228.43182819491165,0
247,127243.10508858338,7.260753322388233,647650237,16089.606977318503,31.232599366629575,515.1542716136979,0
10411,10225466.342387142,2.5606828610868924,466901519,3377433.9733162676,3438.7150589346093,982.1790742855769,1
16409,16757046.415573882,4.0180932297022585,180238242,3991358.597700138,3908.4574694972325,1021.2107023934354,1
251,24343.789498504473,2.6287575758020205,471990043,7850.941931194562,80.9482198673668,96.98720915738834,0
19549,25105732.52359315,1.632957050696854,801503438,10312647.356635487,8030.115950028999,1284.2463820959206,1
100,63608.48935955005,2.0987687948610945,242142492,27172.53307144418,42.71840652880487,636.0848935955005,0
365,248051.99093169678,7.406938767063603,485391292,31429.50042324095,46.24743228786176,679.5944957032789,0
14648,19319830.100869637,4.614983082435767,756725634,3596589.3016047077,2726.879057157669,1318.939793887878,1
164,78979.74474516709,2.087564062005632,240772417,33921.1043838892,70.43655480158084,481.5838094217506,0
7023,9206886.469739228,2.5653462507486346,918157416,2642996.0610124962,2016.0736637188593,1310.9620489447855,1
13201,17695808.937168203,2.8722434511818578,862739540,4737855.2938386295,3534.4203792003927,1340.4900338738128,1
363,29784.81253304066,7.732804291328138,272083437,3720.8282669145406,45.34729434310435,82.05182515989162,0
18016,22108217.383135665,1.7462554385386388,70292829,12170454.139978096,9917.710595387078,1227.143504836571,1
11157,10171402.815821366,4.000060716914781,475477326,2272665.9271556637,2492.8846304105564,911.6610931093812,1
6787,9373985.804487532,1.5482717701617923,974178628,3716222.055870244,2690.637645420481,1381.1677920270417,1
327,181706.2713267655,8.533070162228055,718813468,19639.92183527783,35.34415401979495,555.6766707240536,0
15084,20184159.236868538,2.301561694244958,208933028,8039913.033085077,6008.377498802884,1338.117159696933,1
10315,10995515.272932917,3.4531333873675947,965035858,2488703.9545761184,2334.677425681502,1065.9733662562207,1
164,29450.25921335916,9.417252829548996,313449386,3026.5296954930614,16.853871012303635,179.5747513009705,0
304,202833.49519832502,6.50174965349848,399086901,29392.595172552377,44.05263008320782,667.2154447313324,0
11885,16132595.089639742,2.6775593518735574,993665748,4394335.583017062,3237.3389472656795,1357.3912570163855,1
7012,8594052.687458158,1.4827492206478912,210497934,5075486.271373821,4141.155637410852,1225.620748353987,1
334,132474.71596841328,7.2553543884766345,469144187,17149.943737317477,43.23905257234004,396.6308861329739,0
25,16144.117315205516,9.792382751175838,882247108,1512.3819306322969,2.342001580364885,645.7646926082207,0
14684,17453852.853517354,1.7778653786307776,747436742,6911589.987956639,5814.74979965256,1188.630676485791,1
15408,14403826.776468664,1.9768178927517952,842945196,5108169.134466082,5464.288848046646,934.8278022111023,1
457,306400.55260497134,7.885617169393334,627914780,35989.828243588745,53.67924883779468,670.4607278008125,0
11332,12152575.016916186,2.925241514233173,397226097,3657695.55610675,3410.71797410058,1072.4121970451981,1
11508,17233314.71073052,2.5864245014038896,767115126,5138843.319430677,3431.5980362840705,1497.5073610297636,1
68,14160.12685923469,9.652881811450033,704843145,1367.1078271311692,6.565148262375375,208.2371596946278,0
8800,9458798.359835235,3.204125410720628,449023787,2589217.6442552703,2408.8805366861925,1074.8634499812767,1
205,34881.57715920594,2.7612868537273565,185417267,11837.48884519694,69.5692514759162,170.15403492295582,0
9595,9634552.046361051,1.4429940313220362,529590901,4884226.7263086615,4864.175855132994,1004.1221517833301,1
455,248384.6103876026,4.815435303042233,725214018,44829.51293168646,82.12033890540675,545.9002426101156,0
79,35312.14090663856,9.637477202200058,307690254,3550.6833909190855,7.943556541197251,446.98912540048815,0
198,77774.04521560053,9.740569646259624,122372208,7885.481468392855,20.075146231799735,392.79820815959863,0
178,21731.642809610243,2.3846504983054913,71526191,8847.752242024202,72.47035637746863,122.08788095286653,0
3542,5051277.365883995,4.209673148714813,118173954,1167157.0750998529,818.4207796477237,1426.1087989508737,1
19765,27279552.507701557,2.3563073935475454,534800810,9435673.308327954,6836.478820041146,1380.1949156438936,1
5729,6305038.486527723,3.6147306626285416,901270647,1396155.15015126,1268.600163552927,1100.5478244942788,1
494,220251.04180085327,8.030051615881126,124504691,27009.56784307161,60.57962952357615,445.85231133775966,0
13796,17258267.213163305,3.9196452551694545,709546230,3728138.546105434,2980.218045461774,1250.9616710034288,1
19504,19558110.58694298,1.247175242960083,925641179,9001271.524494343,8976.368092066228,1002.7743328006039,1
468,342284.2616620277,4.915107346937276,535089552,62802.182748437786,85.86845735633047,731.3766274829651,0
23,9916.868621407884,2.8473177676264307,500828525,2961.8982429912476,6.869472833565408,431.1682009307776,0
405,45844.271018805426,5.397050445263574,78709886,8372.22015672598,73.96233134742461,113.19573091063069,0
13581,18608328.27907453,2.243384622069573,686869610,6350414.266250162,4634.751432611376,1370.173645466058,1
431,337928.9710264555,4.703362409072426,537045723,64485.23903286415,82.24550247569215,784.0579374163701,0
2514,3600989.7470809235,2.7020017949878836,47098249,1309879.4839991624,914.4810882739488,1432.3746010663976,1
8861,8182100.470274518,1.7864031872595612,420006007,3708333.2010952355,4016.0274998190544,923.3834183810538,1
44,21343.56313756943,3.551209497199056,271099512,5583.944962639704,11.51136653109581,485.0809803993052,0
199,93337.58913309054,7.025230035267392,934787147,11725.802469499638,24.99994603570885,469.03311122156055,0
15117,15817817.140271423,2.6090912555618466,381590746,5289033.448561487,5054.6998952430695,1046.3595382861297,1
18933,27740182.746616725,3.45228923953086,778487004,6556759.599147632,4475.0653095752405,1465.1762925377238,1
353,261009.04391103383,2.921153645250719,766925846,70770.99192960162,95.71377212379144,739.4023906828154,0
235,104432.83609740305,4.60354468945287,566898522,20198.04334492592,45.45064908158349,444.3950472229917,0
12417,11725649.387494216,3.2599998847276628,154216347,3434360.506674997,3636.85225458516,944.3222507444806,1
457,49375.87081932266,6.022440780665388,129680327,8025.828808506642,74.28332310145674,108.04348100508241,0
16795,15300399.463685196,2.1305024238059724,24403045,7100264.807515249,7793.845364969103,911.0091970041796,1
2050,2494329.0883710273,1.4419352802640746,927393403,1052757.7309091398,865.2239828438849,1216.7458967663547,1
224,87100.82037502452,2.7035457847142137,427015397,27822.749762497973,71.55266643833596,388.842948102788,0
9607,12830496.238336192,2.247560599217698,299442582,5037487.323514866,3771.883785165507,1335.5361963501814,1
13887,20635052.470684174,4.99279151715143,213890575,3963186.55632721,2667.149588589884,1485.9258638067383,1
321,51652.29741582386,2.7951641814974684,383888214,16247.702456549521,100.97348519786472,160.91058384991857,0
9654,10064997.14059698,3.9222650817336193,14046464,2556961.516805231,2452.5497760621897,1042.5727305362523,1
7615,8330154.126896464,4.472593749016755,997568684,1522834.8753626398,1392.0976009848364,1093.913870899076,1
296,25461.602638743414,2.4476814833435725,723306626,8029.54844381748,93.34629768172644,86.01892783359261,0
6818,8228590.075479495,4.684633975736467,400549173,1618150.1894428488,1340.758002333523,1206.8920615253,1
11409,10310053.042321071,4.402472834109086,919703630,1937187.3728442672,2143.6718750192413,903.6771883882085,1
4045,3911342.018929434,4.113682446142816,732524576,807093.4652725548,834.6733809591668,966.957235829279,1
6073,8627129.62461996,4.760936771491558,500177484,1639791.3456479209,1154.3182118998832,1420.5713197134794,1
15890,23335910.860475104,3.2883016161417253,509715657,6144235.052720443,4183.76190976503,1468.5909918486534,1
10469,15581265.86574255,1.9465469625341063,926105418,5423999.775025183,3644.3671607956685,1488.3241824188126,1
476,227765.4272856291,9.952292432123647,589719732,21605.498432334916,45.15267034313555,478.4987968185485,0
255,196264.63727244877,4.73259372733126,595880568,36833.17707742596,47.856100239317605,769.6652442056815,0
105,38489.311057733874,9.64185586467826,975743167,3625.0484636779606,9.889241408224784,366.5648672165131,0
165,126297.001596324,8.305155096962022,753142381,13942.686459965862,18.21534349047703,765.4363733110546,0
63,15685.145508376383,3.178890615937096,577320825,4175.788758170458,16.772218761008517,248.97056362502195,0
14873,15708415.194861237,2.0190351807993814,968847615,5257373.286845608,4977.772227514989,1056.1699182990142,1
17198,18165143.428849414,1.3954653538240587,11995490,12906322.409293376,12219.167641831644,1056.2358081666132,1
466,313376.9667800689,4.9972978199810765,763185238,54401.16108767806,80.89599349734443,672.48276133062,0
49,33384.78421994019,9.7826687140923,755917700,3167.8616949326088,4.649579941241145,681.3221269375549,0
108,51276.93301681558,2.573553603840159,993547433,14374.959522379595,30.27668655432017,474.7864168223665,0
80,28914.227293793032,2.3548673193808245,340478530,10727.464640738113,29.680792176773018,361.4278411724129,0
383,100799.39340951128,1.3804209481234109,139506214,66318.56836395351,251.98575928133997,263.1837948029015,0
8959,8954374.841157233,3.309637793175269,661373388,2254935.690840104,2256.1004215929897,999.4837416181754,1
5476,6904281.680317648,4.89574229641771,472366926,1286166.3938365378,1020.0984691465903,1260.8257268658963,1
13164,13970270.872676706,2.5263036762087268,127038327,5265160.260449744,4961.29032144389,1061.248167173861,1
463,62232.82370729421,2.62956609204368,93827580,22851.20375586158,170.0084731608255,134.4121462360566,0
381,218161.9105813818,8.352716054273886,14833479,26072.37754779371,45.53304387203669,572.6034398461464,0
166,115147.91579375732,3.4562955477946313,569722109,28600.94654563286,41.231811221653494,693.6621433358874,0
270,87776.68167738942,3.044721278639945,425285169,25295.826679829075,77.8096536920371,325.0988210273682,0
452,118895.43975899258,7.25470714545262,12883789,16359.67693164441,62.193924242111144,263.04300831635527,0
19580,19125952.041122288,1.6793577332049918,22279169,11239737.464754531,11506.567573039885,976.8106251849994,1
18919,17618385.208234772,1.218090235513119,438681452,10634166.03568394,11419.195621575464,931.2535127773547,1
19333,26287731.444283333,2.205699647194234,536837168,9585188.172732538,7049.312845279266,1359.7336908024276,1
466,34235.94735736902,6.7145636418488355,224103218,4934.081437960098,67.15987514785401,73.46769819177901,0
340,31868.17634887074,2.562753813628708,405934585,10734.766357961731,114.52869225246148,93.72993043785512,0
19839,26529234.76889767,2.7457935952924513,287330019,8746506.28938717,6540.781887858508,1337.2264110538672,1
10086,10324134.92380969,3.1697832243088273,664995646,2692237.355260658,2630.1386184460075,1023.6104425748256,1
9496,11404111.919959646,3.7693446596388935,480175997,2683623.128680021,2234.6049748375017,1200.9384919923805,1
12006,17467883.168323148,1.6860519905920888,419868692,8294653.883555894,5701.0694178768035,1454.9294659606153,1
497,39814.06706817844,2.642286979893064,56785476,14751.01825490077,184.13733166550122,80.10878685750188,0
473,152066.3782288037,9.955474772313226,251719570,14897.960509914357,46.3398642307819,321.49340006089574,0
122,49980.06575586813,1.5984171565728986,390055045,25134.907954123504,61.353636175299286,409.6726701300666,0
13133,15842456.832883872,1.3665528207029114,684171513,7725298.116630712,6404.078687790408,1206.309056033189,1
260,193487.31026772756,7.4426501397413,285460962,25036.81788737884,33.64340866442988,744.1819625681829,0
11950,11349518.623510737,1.0074909756766743,438826805,7847181.840079952,8262.361259507625,949.7505124276768,1
12487,13216443.806380419,1.718113169974667,613246990,5668984.1549510015,5356.100792309879,1058.4162574181485,1
10039,12308754.399562184,3.1505938559507167,425444153,3442008.828976017,2807.2967834437673,1226.0936746251803,1
386,136179.1542624717,8.23852984205956,810026270,15049.821493727324,42.6587397171085,352.79573643127384,0
15457,18846286.007510487,3.3532553819658872,791290570,4547249.861850634,3729.479701550483,1219.2719161228238,1
76,16897.259979270788,7.532677759045555,590546741,2080.1173203050125,9.355890631801914,222.33236814829985,0
96,74036.81927790692,4.77280006543661,802448077,13279.55588458343,17.21896452810513,771.2168674781971,0
3776,5364858.717167346,1.18372012891636,770296044,2745554.919926952,1932.4302696862217,1420.7782619616912,1
105,39059.85052855378,8.642229725450099,619953371,4217.132194625281,11.336420248509574,371.99857646241696,0
254,72703.69494903501,9.630141443606847,495542053,7180.127146320372,25.084726387617817,286.2350194843898,0
18197,17261836.80291031,3.2752749270659796,285645583,4847577.123419267,5110.19550943664,948.6089356987585,1
150,91428.74669011749,5.573415759041328,456956624,15161.376592137874,24.874085789765065,609.5249779341166,0
13008,15616350.696674902,3.0364547699555167,995146734,3873485.6809020597,3226.5093629014395,1200.518964996533,1
177,95770.17038616954,6.65275128914292,662946829,13091.050073356591,24.194546732462932,541.0744089614099,0
108,73966.28833864557,7.0762946899946355,565017903,9679.788313653862,14.133697409396875,684.8730401726441,0
181,38955.05550061821,1.289938244053356,855112488,18160.43551721892,84.38028867817836,215.2213011083879,0
420,241588.46846730387,8.556664488120928,996079303,25289.955823148444,43.96642568707653,575.2106392078664,0
16491,18681958.873952106,4.4833304851414,118594784,4059596.317051379,3583.5001734125926,1132.8578542206117,1
10587,11505138.683525277,3.864367671326054,429667923,2679330.0686020516,2465.5128648652067,1086.7232155969848,1
4589,4198008.999359743,2.7293909533525262,753008809,1205493.1328515222,1317.7694443959854,914.7982129788065,1
13408,17647353.566685785,3.5864289473571733,966805297,3875784.2490875935,2944.720012289406,1316.180904436589,1
208,27922.955710401617,9.44119858081909,636868653,2770.6657499465987,20.638877988629794,134.24497937693084,0
7380,9627519.494889665,2.594537339382138,369703861,3247886.6745555406,2489.6759410295626,1304.5419369769195,1
265,110749.73541311761,2.0901522429797783,982835187,36039.761937407726,86.23530230377278,417.9235298608212,0
12321,12652215.487999756,4.964341352541437,67630155,2514365.4865767476,2448.5432760369304,1026.8821920298478,1
453,39438.932500310846,1.4220841685065104,800641395,17743.500658755675,203.8038377015648,87.06166114858907,0
4354,5664302.383151613,2.65747843162623,931510456,1578244.614431783,1213.155051834042,1300.9422101864063,1
18482,16871550.96895703,1.9936224209874194,185191689,7743455.897233219,8482.596066952548,912.863919973868,1
485,146395.80791374663,8.760445564176454,740675016,15408.267548902928,51.04661033477723,301.8470266262817,0
15698,17114654.418876775,2.6744280371721976,169679433,6017583.582325236,5519.4820043314185,1090.244261617835,1
401,277480.568507353,2.2907854228620104,92556282,116425.00441346428,168.25115726459245,691.9714925370399,0
15011,15629383.107274082,2.502031911049047,247039053,5685332.722096741,5460.39014500034,1041.1953305758498,1
416,149486.32953496213,7.476895659503027,178300658,19527.432522295076,54.34217265582693,359.34213830519747,0
70,10118.069878767317,5.001627160553885,211634559,1940.832903289028,13.427294420582076,144.54385541096167,0
400,293827.56197065685,1.5618266531426204,555963702,138742.51587611434,188.87610807589235,734.5689049266421,0
40,19275.057429800163,4.146880424160139,637478040,4028.765313926737,8.360577556979047,481.8764357450041,0
15423,19579121.1186358,3.145718183593431,574616877,5262730.587366164,4145.594348036995,1269.4755312608313,1
240,179905.91675309915,2.594744312356343,54645731,67904.65496170879,90.58688832994909,749.6079864712465,0
11428,11564390.292342898,3.7153855401154456,585594371,2688780.355020005,2657.0689089864136,1011.9347473173694,1
11458,11670988.965641132,1.3956177861482044,986261750,4899907.316267796,4810.4867715220435,1018.5886686717693,1
5759,7538076.03972035,3.9283930232045265,382374696,1748662.078482708,1335.9569281229374,1308.9210001250824,1
461,252515.578392265,9.349409178096192,217220386,26395.45899633895,48.18834019978624,547.7561353411388,0
118,35562.47955078704,3.2095162992472464,905883477,8641.31833705249,28.672791567190572,301.37694534565287,0
17436,24651443.26588398,3.7180292997135296,257768284,6200376.84183577,4385.53513675467,1413.8244589288815,1
117,79128.65591013961,3.7553378582671733,190468325,20053.862819136284,29.651735175477537,676.3132983772616,0
7479,8688904.870894523,4.239486476165311,171576338,1969798.4900581588,1695.5097478962614,1161.7736155762166,1
16691,20046254.705332465,1.7907915541743225,649352349,8215193.652823012,6840.170359742757,1201.0217905058093,1
14084,18119697.533539876,4.736239280337944,87363230,3756465.7317234874,2919.8094100447065,1286.5448404955891,1
10964,16428772.004631987,3.7049567412004434,526720567,3882331.002128908,2590.934799955844,1498.4286760882878,1
493,168737.33557376824,3.06847474960015,455983643,47876.10372363715,139.87964818511927,342.2664007581506,0
147,76386.8919969615,1.2894622747934523,705507068,38289.75732028086,73.68534285051393,519.6387210677652,0
195,80456.52689351552,1.0234671705337037,441221852,54930.791216238635,133.13406258939372,412.5975738129001,0
380,196921.26851838626,8.072801710352966,892964103,21963.686384168755,42.383440289512734,518.2138645220691,0
4753,6596549.319137136,4.223930355886799,818034586,1308329.0731229442,942.6880303180642,1387.870675181388,1
37,20245.048647635784,1.7542759013844784,341328201,9660.721996392353,17.6560066655241,547.1634769631293,0
18524,23422001.788525034,2.783861081617623,795277807,6544032.661881796,5175.546570408325,1264.4138300866462,1
469,50291.4636063532,6.901520271332484,345133654,6939.956581967695,64.71952501560668,107.23126568518806,0
9307,8683171.077093184,3.2148188915548213,758550034,2185342.2724598143,2342.344789617143,932.9720723211759,1
251,23576.553892917065,7.933717134070431,31148937,2960.0690937604822,31.513398688732387,93.93049359727914,0
18771,24629927.203316167,2.1186456280599444,898908992,8162214.211329467,6220.599910674396,1312.1265357901107,1
11552,16515745.140309522,2.379495134772839,790832427,5209475.935374311,3643.7875187698746,1429.6870793204225,1
19689,20259889.134139102,4.805909011410375,159666628,4080068.5772143053,3965.0992009333127,1028.9953341530347,1
312,124795.21781925125,2.8501455281356596,333572340,39197.95125952212,97.99863333452434,399.9846724976002,0
188,116271.4323031758,7.3199203156749215,788009646,14340.458397245042,23.187176121235673,618.4650654424245,0
5898,7749940.845658619,3.922128523479977,514362074,1746862.9033183919,1329.4291671327317,1313.9947178125838,1
14523,19818653.971860964,4.08359361727521,53499406,4790478.207853093,3510.4359312913357,1364.6391222103534,1
251,188741.13065221225,6.042080081784364,176108108,30353.07470466851,40.36545571463385,751.9566958255468,0
11325,16715211.579364892,2.6842855927745353,365283418,5481171.772243164,3713.639520859262,1475.9568723501009,1
12961,17479820.15106467,2.1809882180516764,699632922,6068073.273513189,4499.376825293828,1348.6474925595767,1
6743,9662615.48458347,1.0322331555821407,590908756,5953031.842523822,4154.288637293168,1432.9846484626232,1
429,85547.80285896026,5.100497092924419,148219935,16298.802622398134,81.73425957574361,199.41212787636425,0
12730,12770509.929280981,2.0147771803540477,733074638,4647452.182094181,4632.709782591268,1003.1822411061257,1
13914,13459301.890306292,3.820319712735167,180584288,3364065.193224617,3477.7140359886916,967.3208200593857,1
15181,16951964.843576618,4.9021727748958135,12324173,3449379.463107563,3089.0241994147304,1116.6566658044014,1
17249,21008238.530076344,2.3878683024979352,401323663,7532016.006766995,6184.228340454385,1217.9395054830045,1
8143,8088208.809018019,2.2014528942844547,412065996,3094758.1205880246,3115.722648981396,993.2713752938744,1
221,90328.34219661179,4.49888186905219,114978812,19577.60505590568,47.899148950809014,408.7255303014108,0
11297,13074944.323299408,4.505217691836632,493020226,2615910.754596209,2260.1965303983848,1157.3819884305044,1
486,250954.4226370924,1.3089895402856793,402545229,146625.37223350123,283.95566874918666,516.3671247676798,0
497,225184.2925461431,2.001660964813598,785031981,80806.99844754467,178.3476004224415,453.0871077387185,0
15640,22109598.597706225,2.990080041813783,719076068,5960816.407594187,4216.59254476221,1413.6571993418302,1
26,15263.66867907883,7.197248853809408,540667480,1972.5812506381112,3.3600776847893488,587.0641799645704,0
10167,11412279.76586308,4.138940456344397,897451135,2265963.5492753107,2018.707206459706,1122.4825185269085,1
380,68977.80865352969,3.2063855149426916,240433475,20012.01944598679,110.24657839845487,181.520549088236,0
85,39805.13053689778,5.988656903578811,199053594,6432.933562821519,13.736906410417818,468.295653375268,0
229,158566.65160748924,3.884049373372851,834650202,33603.88790908775,48.53031992016687,692.4307930458045,0
241,105206.67685559457,7.574883683469212,533381018,12975.239552370707,29.722759292297276,436.542227616575,0
12777,18964659.76763813,4.711369066424778,168039747,3886671.622074466,2618.554929205047,1484.2811119697994,1
14901,21836781.695014264,1.9734788536255041,734177004,8064829.078450232,5503.284310683237,1465.4574656072923,1
397,280670.9953030825,8.752264470609102,256150079,31156.536342486765,44.069907952584934,706.9798370354723,0
160,59603.62088579465,1.748959324660634,563311704,25777.09107064305,69.19604060977179,372.5226305362165,0
5878,5949862.142299898,2.211021482471813,493078608,2200311.3580243858,2173.7361056684863,1012.2256111432287,1
19621,20751534.141269464,4.199788194339527,192029177,4725044.870192345,4467.626574830795,1057.618579138141,1
11586,16608380.117809903,4.4952791051202095,941389597,3054881.771871241,2131.084425924584,1433.4869771974713,1
67,31434.80229522312,7.455616133235136,469698578,3966.3790575609964,8.453922959679952,469.17615366004657,0
248,113660.14400919138,4.132684701109321,263233617,25855.836206273383,56.41597091973822,458.30703229512653,0
302,107431.20806774475,9.071461403566364,811378847,10870.479067147535,30.558016961034358,355.73247704551244,0
175,77162.37494276986,6.572183957830743,274344403,11270.292165036348,25.560399486721163,440.9278568158278,0
136,64127.46809527313,7.641201998365605,664239946,7721.138564911296,16.37480592977501,471.5255007005377,0
282,112053.57855234179,9.585055575079664,872972947,10714.598675626772,26.96492932722677,397.35311543383614,0
291,23872.994741687115,4.563200356864153,788230938,4461.048535669023,54.377975529514316,82.0377826174815,0
12939,17706126.087868016,3.6142488878320997,277837050,4549263.90904163,3324.4384134043685,1368.4307974239134,1
14645,19086670.512075063,4.980687289496151,660329879,3383551.2181508592,2596.1629902119653,1303.2892121594443,1
487,305527.5532277382,4.809596395778527,194892753,61050.69751271414,97.31262982533686,627.366639071331,0
12262,17722678.186475888,2.6210782809309467,307483458,6051666.23290839,4187.038243720334,1445.3334029094672,1
19238,19116923.68981423,4.681559326000148,452314003,3723684.3343654065,3747.2681476827,993.7063982645924,1
2131,2377345.98593655,3.220036345899405,246631945,685772.559254512,614.7112504516911,1115.6011196323557,1
411,168354.08441763962,2.6802908638945544,854482514,47627.97113684208,116.27336636919203,409.6206433519212,0
18670,23294278.84575092,1.5918189550958828,981049793,9053815.459102003,7256.4914218096865,1247.684994416225,1
7303,10466334.592940342,4.542990134875329,326720314,2149272.4675976504,1499.6784873906918,1433.1554967739753,1
272,166620.12398696804,9.9983504742641,471844051,15913.756290288715,25.97850492115275,612.573985246206,0
71,6023.199403746575,4.3720560085778395,605159344,1210.154469331328,14.265004620149115,84.83379441896584,0
16982,19440335.082746435,4.380429196021648,469492311,4008381.3840287914,3501.499967662095,1144.7612226325778,1
14935,15067806.125858799,4.571173425682639,517040898,2961315.1426674463,2935.2144092056765,1008.8922749152192,1
14247,17466349.255345948,4.744294007451148,332050940,3440733.330014515,2806.5468654082447,1225.9668179508633,1
237,53139.56191145901,5.047207060324058,747422858,9170.484165592443,40.89993724198799,224.2175608078439,0
323,137159.5965442625,5.28085886006473,564088019,23466.354679036856,55.26140898849099,424.6427137593266,0
21,6505.639720329392,6.515692965670275,84793313,985.6303680764578,3.181583767223683,309.79236763473295,0
67,16002.05938372156,9.714116111735535,6091209,1646.2672920139603,6.89285709545237,238.8367072197248,0
15155,18703831.970586795,3.3654910800056226,959317947,4324776.389846006,3504.200972890796,1234.1690511769577,1
4330,6112664.22113587,1.807198325368761,945300998,2220768.655323276,1573.1157363920981,1411.7007439112863,1
9354,11440927.198904412,3.4356194441201517,18985881,3311789.9505659146,2707.6899152509313,1223.1053238084683,1
13316,13295013.56116171,4.584062091846489,111501702,2831398.7723017954,2835.868190620804,998.4239682458478,1
191,98455.17329708241,9.334558580658783,552100697,9958.38640050688,19.318962516652025,515.4721115030493,0
17880,25589488.86571735,4.5548643784509855,995665025,4610278.949212907,3221.3143468591106,1431.1794667627155,1
166,75587.07627183986,8.645658995734102,220174604,8525.65925375667,18.723563682153763,455.34383296289076,0
395,23886.91440953435,2.6141802333809667,930551407,6738.708831274778,111.43297718231436,60.47320103679583,0
6864,6341535.725781845,4.177409316990701,55917885,1498002.7347755611,1621.4196712156427,923.8834099332524,1
206,87960.45861855496,6.140919921422467,254181757,13754.348725265756,32.2121539826425,426.99251756580077,0
7454,10089168.01230088,1.9058587667095797,313462762,4546059.6320927,3358.684130971376,1353.5240156024793,1
62,30389.721716199147,7.674947998462798,32109863,3943.102836707026,8.044574351778957,490.1568018741798,0
14872,17795308.98169913,3.239364382335967,802889885,4402323.012062045,3679.135209325003,1196.5646168436747,1
12909,12563455.247551624,1.6053650347661321,813182272,5194628.69814623,5337.501550573668,973.2322602487895,1
4938,7128108.9881751845,2.2680556046036076,640052058,2451115.919757056,1698.0114125413927,1443.521463785983,1
12015,17027792.368627895,2.8581538540976767,639682860,4868092.412661547,3434.9802412373224,1417.2111834063999,1
18863,28186593.06232651,4.788908109386844,247646095,5596404.191932643,3745.219297663928,1494.2794392369458,1
140,43647.3350217198,6.681603810994578,292627004,6258.372597574223,20.073898285528543,311.76667872657003,0
100,59576.65061995499,3.251840383571876,798705964,14708.299944689825,24.68802759409125,595.7665061995499,0
3217,4163069.8780454113,1.542164052363347,151363350,2458224.1020935206,1899.585442497488,1294.0845129143336,1
17840,26100406.001747787,3.62728922605684,594301190,6182600.259483905,4225.895513725223,1463.0272422504365,1
15527,15192116.635402888,4.971257849022154,325288042,2868306.429885579,2931.5331764270845,978.4321913700578,1
13493,14042522.130836088,2.1076067589637506,827873521,4783722.182255469,4596.522106483584,1040.7264604488319,1
10576,10126342.46568126,4.8193568387062395,921816230,1763810.6959146606,1842.132239079718,957.4832134721313,1
328,33233.05297113787,7.9705369571979405,978065040,3713.7703723491195,36.6537700640509,101.32028344859106,0
7828,9338903.980536742,2.1285685148868403,115311005,4161945.37084937,3488.6008498329575,1193.0127721687202,1
32,14497.555356625571,2.7164552770427077,617562289,4348.37401706715,9.59802981421667,453.0486048945491,0
302,76938.26083416636,8.226928160804377,378420940,8940.748356969578,35.09445072620829,254.7624530932661,0
12674,12983742.809859885,3.275076410091509,756540194,3220480.53792696,3143.6520990457575,1024.439230697482,1
201,56238.788833320825,1.1230988599417973,79620525,46759.692690945005,167.12127742892156,279.7949693200041,0
11174,15318573.22911815,1.890119129995543,770905498,5756644.665350991,4199.134379457805,1370.9122274134731,1
285,193682.6206231314,7.240832578146461,807765656,24064.143219551708,35.40989271782476,679.5881425373032,0
131,67310.71072851427,7.859539949353101,856668428,7722.476082995491,15.029470880982021,513.8222193016356,0
161,126139.33188666606,6.232464058028601,407401249,18997.272693640607,24.24747981402185,783.4741110973047,0
329,28658.339037788304,1.1046394115682996,415427851,18853.33612761799,216.4377906831063,87.10741348871825,0
353,100063.71533625537,2.1448370740400278,781903215,34189.47547582922,120.6120000882566,283.46661568344297,0
4503,6507271.432885311,1.493022479803527,921414721,2695150.4187889765,1865.030905960775,1445.0969204719765,1
18783,20420634.190891486,1.69764217286566,289761465,10275031.101795655,9451.024262072751,1087.187040988739,1
10428,15334426.136903312,2.953352575981275,397058975,4576878.363618384,3112.4534527544315,1470.504999703041,1
6124,8976449.664045105,1.9886989783780704,909927060,3096794.669335092,2112.725104555637,1465.7821136585735,1
399,66043.15439421256,3.173885314443801,804529378,16600.369619499008,100.29120412153623,165.52169021105902,0
4301,5978785.760292659,2.8749341072858408,72803030,2028262.8612528478,1459.085325348986,1390.092015878321,1
68,25790.31201293908,9.93613141809338,496549270,2472.0695269024263,6.51797960974758,379.2692943079277,0
486,108653.07892464635,8.483814752021878,120695810,12627.45604662436,56.4820040020731,223.56600601779084,0
3567,3264926.1321211336,3.048415421855197,976094278,811260.594610719,886.3191459392784,915.3143067342679,1
11684,11465219.07395971,3.7959404326979422,310199730,2792213.2756487494,2845.494682851503,981.2751689455417,1
16038,16365928.496868549,1.559086644373978,693728376,7264657.039685276,7119.09315898365,1020.4469695017177,1
4963,4681911.598093645,2.142925714263125,540675042,1744637.9038188744,1849.3809067601042,943.3632073531421,1
294,85014.10358030273,5.597243984597928,202366654,14658.588115297189,50.693058262110384,289.16361762007733,0
142,84576.40278676647,8.496115505421368,728954764,9168.103907795103,15.392836677970017,595.6084703293413,0
334,172795.46143412674,1.1284402110728013,902227642,85092.922100802,164.4779078442553,517.3516809404993,0
18588,23902442.478226576,3.2766991647856267,567847973,6217232.256903435,4834.899751211341,1285.9071701219375,1
71,31373.310205837795,3.0610128313273095,412198713,9032.939631068215,20.442175517918606,441.8776085329267,0
17090,20161314.620014846,2.123908935518054,663936667,7231861.980378191,6130.18166593009,1179.7141380933203,1
381,281957.0310315824,8.074004428696302,729897963,32026.369499225675,43.27626353051723,740.044700870295,0
12905,13573173.108585423,1.1543448032327137,787528637,6989731.064532618,6645.6442179123005,1051.7762966745775,1
7839,10331201.637899216,4.7241143851102505,415490262,2010116.0200537893,1525.2145910498173,1317.9234134327357,1
7009,6824840.9636868695,2.0920934070084884,20967851,3229835.8307506545,3316.9885508221473,973.7253479364916,1
7721,8695358.862159472,3.0839381700336026,738070785,2275075.481104681,2020.1417869080105,1126.1959412199808,1
277,63933.029607791475,7.224133399912506,424069309,8359.22268813428,36.217659304088514,230.8051610389584,0
275,197229.96151883458,2.782978432044168,960095458,52691.97651786331,73.46902788412628,717.1998600684893,0
420,254102.40006917497,7.825676770821546,753035476,29620.109960363938,48.95839700831696,605.0057144504166,0
169,16119.251626632122,2.9171177562931843,615028593,4563.585432935908,47.84626209891289,95.38018713983504,0
456,40497.79018772541,4.742158954326123,154575140,8270.367434215073,93.12329222213027,88.81094339413467,0
7846,11271067.934003986,3.9785257754161933,301492134,2633416.068004583,1833.1698992984395,1436.5368256441482,1
373,73019.80338048155,3.7880160998301653,769095914,16023.262794260307,81.8500837521658,195.76354793694787,0
101,64431.6396220456,3.5733480368858945,123856474,17427.12350164449,27.317937025831224,637.9370259608476,0
305,72181.09284834543,4.2144183061860545,719979085,14628.147497256125,61.81099247190725,236.65932081424734,0
18240,25726146.072676685,4.835869384628985,871445790,4507574.101924214,3195.898499014596,1410.424675037099,1
456,268694.34483336733,9.737118915121265,321191623,26713.665661346266,45.335645411995166,589.2419842837003,0
488,150432.945418799,1.7178708290596396,485068376,68287.37945799388,221.5222276126265,308.2642324155717,0
6711,8393534.33406343,2.0935356724551144,841973919,2859310.8189787264,2286.144804137192,1250.712909262916,1
326,184948.56214434642,9.675580828494583,795387588,17662.98538853415,31.133701013409855,567.3268777433939,0
398,123459.1450611611,2.838407979101679,625644483,35640.0910239844,114.89433383423096,310.19885693759073,0
253,127453.27174977728,6.854994809310156,352932320,17682.37517711633,35.1002438650089,503.767872528764,0
11310,10947315.330448387,4.0475831687516255,398225623,2462390.049423426,2543.9690571001634,967.9323899600696,1
9710,14331590.4673003,4.348297783276378,554423256,2923191.0917402687,1980.5328351770058,1475.9619430793305,1
411,60943.774444235234,8.57445608492654,441559420,6759.501956372443,45.58554716054125,148.2816896453412,0
441,88251.73612936806,1.2780741031418383,477784163,50261.30971452743,251.15922424024174,200.11731548609538,0
17939,26001052.277145796,2.418879223595206,908389720,7814532.794890618,5391.508863307099,1449.4148100309826,1
8773,10542427.330416413,4.001555708362806,81664194,2581890.6604358745,2148.549480502726,1201.6901094741152,1
397,45675.964563802234,5.382466419153234,89792126,8346.821369443029,72.54774180061759,115.05280746549681,0
12104,16703143.432158597,3.385640106338585,991784081,3815747.0506219966,2765.096431597841,1379.9688889754293,1
148,84885.46388661185,9.205639374496181,373017896,8861.937690167999,15.45101738381057,573.5504316662963,0
10774,15852242.707841536,1.8349701337135595,827085337,5954888.199077373,4047.2484959571666,1471.3423712494464,1
12372,13738133.516983775,4.277752327173072,930967282,2637526.023245628,2375.247839836047,1110.4213964584364,1
381,208205.39355512537,5.4451539451842,67204720,37770.654306320976,69.11741835783985,546.4708492260509,0
4793,5518642.040215162,3.422613087286387,278297464,1491157.909314224,1295.0866911209234,1151.3962111861385,1
19464,24225319.3875529,1.7630966080668786,78877029,13151827.420358092,10566.92647946584,1244.6218345434083,1
321,143724.83210596448,8.770105940707547,579283044,15372.644387889939,34.333794489142335,447.7409099874283,0
3461,3267775.6819008435,2.7284115896465124,814739709,922279.4643709224,976.8140585252754,944.170956920209,1
9717,9862945.09072656,4.735981466706695,692648470,1816838.7246359186,1789.954392414316,1015.0195626969806,1
440,133960.36187868137,7.118897385007793,209065568,18280.709487443135,60.04397167693106,304.455367906094,0
152,72350.00824312458,3.0114887891917985,924614420,18381.125798268953,38.616873573091645,475.986896336346,0
69,47077.625117757816,4.654112825693973,628016505,8912.622575178919,13.062913775898533,682.2844219964901,0
135,63025.545411332205,5.62893831018873,629562028,10070.39098915706,21.570662731492366,466.8558919357941,0
380,148145.35577443035,9.677312162790022,904715957,13999.712918677254,35.909940485731795,389.85619940639566,0
466,147756.50622598687,3.477320779998848,778928276,34715.19271592806,109.48607420968698,317.0740476952508,0
11864,11537063.88992365,4.2218949387192986,326327506,2536609.418327533,2608.4915907696345,972.4430116253919,1
84,54806.7664826206,4.978546393548007,954154926,9238.07950722794,14.158811555745011,652.4615057454834,0
191,75760.52304785082,7.566456583754775,322231884,9603.690570051534,24.211882720520354,396.651953130109,0
13140,19367838.876277454,1.0795196347891216,606779479,11485411.287892949,7792.211887293448,1473.9603406603846,1
443,254286.26724347408,3.850737837851907,941336242,53063.92660176332,92.44431380194573,574.009632603779,0
27,15383.55235882261,7.317536508824547,622910939,1937.3659305606584,3.400312158403267,569.7611984749115,0
10009,13710236.014563886,2.47972001836049,200601989,5115145.1120103905,3734.252814592452,1369.7907897456175,1
5730,5536903.645520799,2.1575228944227787,341220731,2215875.0458378755,2293.1524233625623,966.300810736614,1
8423,10320038.431270821,2.6880942638787486,139581456,3649654.1518959417,2978.7715545972083,1225.221231303671,1
19225,18032887.513825722,3.998971025691272,753385765,3794514.660420242,4045.3612484772125,937.9915481833925,1
7614,7461953.720301109,3.6499874927371136,985247139,1609833.0102233996,1642.635293555044,980.0306961257039,1
228,50168.99975859393,7.214973763596803,128795523,6831.505430073619,31.046726973861418,220.03947262541195,0
225,85684.92661683286,5.689918128650457,932755783,12938.116500964647,33.97419275078381,380.82189607481274,0
489,143427.40647178545,2.0641435815363693,260069967,61710.0810560657,210.39374815964683,293.30757969690274,0
3506,3890450.6670626528,1.6107329299398088,881279953,1561167.95932175,1406.8948134264854,1109.6550676162728,1
444,194640.7920652997,3.019827002459798,585610749,53985.342552784896,123.1473209654583,438.3801623092336,0
162,26592.31440333145,1.540766415004583,672738664,12013.667669237993,73.1870920634398,164.1500889094534,0
198,71879.39470319025,1.0882730324257872,728083528,39573.39449163021,109.00943367286057,363.02724597570835,0
92,65470.0527276754,3.881125446352401,458837490,15085.394434889085,21.198337716064238,711.6310079095152,0
132,18394.793116847057,6.992036231895794,397611191,2489.2653281201688,17.862827878772183,139.3544933094474,0
17440,19176049.01899699,3.7313105782741838,837041984,4197585.1814403115,3817.5687542202627,1099.5440951259743,1
2687,2631269.043267075,4.481620679768399,543828023,523588.8771121218,534.6786245215867,979.2590410372442,1
74,47030.04200179829,1.2738008295395582,973307080,20929.14265583042,32.93121780482848,635.5411081324094,0
96,42750.79667609415,8.886669764423363,339463988,4633.663224843786,10.405225262942276,445.32079870931403,0
9466,14079397.91646535,2.0314800141920344,494271864,5574339.284088176,3747.79489693021,1487.3650873088263,1
5078,6985399.732770226,3.2475924120057056,943054758,1666902.3779352712,1211.7460129656026,1375.6202703367912,1
115,42647.333181210946,8.806808096512558,262620848,4702.31736111838,12.679960414661009,370.84637548879084,0
8781,8423189.890796343,2.843822056452731,298894690,2680225.604265426,2794.0793614032673,959.251781209013,1
116,69107.7637749843,6.547329380211242,279249196,10123.33821452022,16.99240676789809,595.7565842671061,0
18661,25885892.610925794,1.5876921084024254,271709529,13921625.156299343,10036.02429116354,1387.1653507810831,1
15818,22442683.61423989,2.026292903960187,755946108,8066411.087532058,5685.349077488369,1418.8066515513901,1
357,274700.80417727097,1.3492407162785063,116653925,187394.64381811625,243.5372842952997,769.4700397122436,0
130,19257.42554202001,9.04940288885799,345500909,2049.773574734277,13.8372891087655,148.13404263092315,0
350,147526.25366808398,6.657689439125647,865426896,19609.726487849144,46.5232736553388,421.5035819088114,0
12294,14886939.408699716,4.353164775416456,93697722,3347739.9891156405,2764.6458614680764,1210.910965405866,1
53,3524.145893528417,6.388616015461578,7408040,550.9900936847075,8.28639785285723,66.4933187458192,0
424,246608.45415365678,3.8891209953577026,880107674,51708.24702495736,88.9032649502005,581.623712626549,0
8792,13060832.536068443,2.3994094708146547,812098047,4066885.2442718213,2737.6551202915202,1485.536002737539,1
9660,11395754.093563491,4.350547954731489,897250563,2171530.4150986406,1840.771890795802,1179.6846887746885,1
271,65268.315411392294,8.661599553677634,410571975,7194.34318509913,29.871569242639875,240.8424922929605,0
8674,8719392.352918677,1.1609790824770028,56747913,7160383.555021012,7123.107258209595,1005.2331511319665,1
146,55170.37900848217,1.8752879426997917,145068508,27307.250158442475,72.26447587970425,377.87930827727513,0
443,121317.00730920721,8.354145539531304,213009221,14160.71154312655,51.70911608144298,273.8532896370366,0
428,162381.2666621704,2.3650026432185824,336394582,60110.103448052294,158.4365290689038,379.3954828555384,0
68,40797.84006756944,5.867310542341918,899488086,6029.119870169126,10.049065109635482,599.9682362877859,0
17948,25826594.51459762,4.339817048930561,233832863,5646823.6554852715,3924.218150843132,1438.9678245262771,1
7899,8806501.258624185,2.5435229367718657,828647072,2611523.510296412,2342.4085913381314,1114.8881198410159,1
386,162842.92452220118,5.556153399374421,205863671,28261.4443055823,66.99042978970512,421.87286145647977,0
19907,25519314.68045811,1.926068272984224,813209600,9316073.747807432,7267.243749285251,1281.9266931460345,1
17969,23604137.577667974,3.281329704804992,299392509,6592004.676225763,5018.261380545785,1313.6032933200497,1
14424,15103918.15052024,4.91190447741187,77448802,3027229.643738646,2890.9558398118197,1047.1379749390073,1
13606,12777154.361613726,1.9436804418935347,129823629,6162107.198616528,6561.8390583321925,939.0823432025376,1
15892,20936870.092130855,1.9003666583787209,103169073,10449960.918702096,7931.977329430514,1317.4471490140231,1
393,59121.57273829652,2.398610158651139,778249745,18610.06608139962,123.70706040525373,150.4365718531718,0
4988,7161263.498280623,2.903187259978404,236633386,2280787.441618052,1588.6257727455902,1435.6983757579437,1
9838,10191502.057080993,1.817785468262652,623410660,4174798.55022303,4029.9916447112746,1035.9323091157748,1
499,316476.12554498366,5.726964264678106,941751050,47456.83547900256,74.82700587048323,634.2206924749172,0
135,95806.36224356065,9.410663965639282,342871831,9822.731391068672,13.841134416763627,709.6767573597085,0
11953,13412437.553952971,4.238325209085144,391675462,2896854.3433946124,2581.6410944922272,1122.0980133818264,1
195,133747.2757475066,8.982391566854549,318900887,14379.429139665464,20.964828379220574,685.8834653718286,0
7995,7742908.490224977,1.6096276801515255,594040448,3513645.449289981,3628.0417626706535,968.4688543120672,1
12789,19088317.416150212,4.846315884155663,525991525,3553094.780767622,2380.5413625818514,1492.5574647079686,1
16739,24933669.233391136,4.593782136576731,247779322,5149923.107806806,3457.3556781660154,1489.5554832063526,1
107,52900.70933151532,9.881296136188801,947771825,4885.065780463339,9.880813416582683,494.3991526309843,0
19379,25537792.96990227,1.7453339053776293,91281425,13904813.135068083,10551.474595399055,1317.8075736571686,1
19732,24648856.945093874,2.086778464677037,831981771,8444974.905373244,6760.404557664174,1249.1818845070886,1
466,313185.8685474199,8.588792274613166,462471600,34601.34108186133,51.484522654016196,672.0726792863088,0
329,61886.58421263657,8.709259998047118,34234482,7078.014900548443,37.62797594837928,188.1051191873452,0
143,51426.22132719238,7.92640136165259,863195807,5850.805257674377,16.269232509312065,359.6239253649817,0
139,26065.64803476698,7.358766690728719,301590181,3402.6675873241297,18.14536872465992,187.52264773213653,0
85,54476.44807124341,8.425350195610255,878679482,5855.145561534334,9.135826404826375,640.8993890734519,0
8192,10621231.369120618,1.1425191815605573,220079783,7794832.9958888525,6012.0403824333935,1296.5370323633567,1
10535,13254373.975251943,1.5965404313901512,751070598,5645898.664352027,4487.5406820425105,1258.1275724017032,1
316,190977.60943937147,6.8057442277010765,109603623,27616.486337706094,45.69545984125209,604.3595235423148,0
11979,15314588.472918212,4.334430234752961,17501784,3519032.1004385957,2752.570570583628,1278.4529988244606,1
16887,15518629.61720248,1.4674855448816073,100468847,9897373.098065378,10770.083675542968,918.9690067627453,1
18080,20934662.38943771,3.5832435202048303,270905808,5431720.622819917,4691.048130307195,1157.890618884829,1
350,28521.044708881578,2.8672959489082377,173949137,9378.081641968047,115.08444407250919,81.48869916823308,0
2237,2600914.5308770007,1.3149334730539266,234422207,1678707.1970372056,1443.825990893285,1162.679718764864,1
48,10863.483641641267,1.9905238039385935,485554767,4387.374362487741,19.38549146354629,226.3225758675264,0
12540,15957457.387177372,3.1792079131039075,941637781,3872374.4036349743,3043.064684014301,1272.5245125340807,1
108,49504.0920687733,6.012707803844036,738545996,7332.577553211956,15.997028581934657,458.37122285901205,0
15654,21314916.695240702,3.533134054558752,888676059,4820405.25211203,3540.17915694742,1361.6274878779036,1
4263,4062497.961974598,2.9314858182249743,380043841,1226773.841707152,1287.320494963559,952.9669157810457,1
390,204775.8214484705,1.1897259438568326,184241256,149039.81803190653,283.8495708199133,525.0662088422321,0
15854,17657836.877015483,3.8780066201910635,608304618,3935936.661437547,3533.8609290051236,1113.778029331114,1
15068,15809364.73784483,2.2902369465330734,371046783,5940503.285088887,5661.9291783081335,1049.201270098542,1
376,296753.2971963417,4.13828105825473,321271257,66543.29318690616,84.31339592403073,789.2374925434619,0
6013,5930655.599069084,3.1770156374034517,14508208,1858252.0094940318,1884.052976342364,986.3056043687152,1
14078,15815503.64787736,2.89286011967242,522152532,4631169.855295294,4122.38589895286,1123.4197789371615,1
9533,8824411.810571106,3.4082146917081806,940653525,2029128.354974764,2192.0645843841826,925.6699685902765,1
7244,10835656.387328394,1.2461705876395848,285007631,7076678.7663395675,4730.997288111975,1495.8112075273873,1
13822,20088830.48530184,2.247886169729683,153495933,8365528.527287099,5755.852008844552,1453.3953469325597,1
8615,8201541.482588644,4.556384970864958,482117061,1627773.7769518998,1709.8335865533495,952.0071366904984,1
320,235828.42306114745,7.22380802569279,959406350,28818.556160724096,39.10443809837364,736.9638220660858,0
7972,7559926.8030549195,2.6746584538474907,265419745,2571335.2814963926,2711.4925049017475,948.3099351549071,1
9702,9158983.037734672,1.1928089681833471,666689642,4925512.171709337,5217.5354941746255,944.0304099912051,1
300,64562.05665436162,7.455664698160851,336333351,8285.68696334755,38.50103633333277,215.20685551453874,0
7473,7048082.613376481,2.4218465610225812,926311816,2105062.490993671,2231.973269629353,943.1396511944977,1
9471,12795264.233915655,3.7086515058898923,6787839,3443809.209673653,2549.092885347769,1350.9940063262227,1
306,30825.060740409917,9.119982578863366,137697758,3329.6743480833866,33.05363642569637,100.73549261571868,0
13782,12617547.771026336,2.873638180097435,560959114,3673661.4777838327,4012.6975071241127,915.509198304044,1
16888,15836535.464678783,4.371824912940461,551282355,3216776.4386949586,3430.353855983509,937.7389545641155,1
3760,3731327.726896156,1.680427528048304,686354343,1576540.6066945503,1588.6550619616696,992.3743954511053,1
169,101113.11332118014,4.9035509460638,254295291,19603.747121151224,32.765614218117214,598.3024456874564,0
200,75165.06358582889,2.8780086206043265,64311923,25546.184541046674,67.97355931689248,375.82531792914443,0
13018,15247767.731750414,2.443227304983005,101766387,5991279.1846134905,5115.140379721984,1171.2834330734686,1
11546,11438589.581544759,1.5698525923484343,479024545,5582857.738530907,5635.281779239491,990.6971749129359,1
10989,12046798.933848884,3.580548163277033,339572196,3073068.638145236,2803.2302564369843,1096.2597992400476,1
273,73933.2028311964,3.503617090374724,715678341,17522.641880307394,64.70274585893398,270.8175927882652,0
3069,4151490.3245155625,3.1017622806095244,746861191,1078694.8515853062,797.4279694127937,1352.7176032960451,1
20,15531.72476634347,3.7697456494703823,670637832,3497.8341017520215,4.504115485398849,776.5862383171735,0
453,175550.05808316448,3.31305609000189,221566461,49665.856976271694,128.16078476939413,387.52772203789067,0
140,55890.763493962775,6.935411539788866,423603191,7594.870446464161,19.024285875426205,399.21973924259123,0
18744,20775218.694312483,2.8731542706914714,803307447,5650873.119211393,5098.380301310402,1108.366340925762,1
15894,16813033.66719451,4.940135380023839,759722584,2949728.5324150915,2788.49053789045,1057.82267945102,1
12691,16747330.087732865,1.7353829075571912,393428718,7866985.451730352,5961.542039530285,1319.6225740865862,1
7088,6977549.498594982,2.3411532683178824,943495569,2124290.8585298206,2157.9171324103513,984.4172543164477,1
10330,13265335.954238439,1.8107528103134305,125998293,6849272.439573598,5333.674514152717,1284.1564331305362,1
289,55999.45494169115,1.410424514434776,390784860,31089.91977085613,160.44775477070172,193.76974028266832,0
16986,25425531.687252387,4.390580586608171,296948169,5424080.152432818,3623.6577705636273,1496.8522128371828,1
226,153210.41072226746,7.093308898528457,798752625,19413.230657858418,28.636370779197602,677.9221713374667,0
15719,23492839.07177696,2.6615737198751934,669698146,7052213.093873355,4718.6181833497085,1494.5504848767073,1
12206,13128561.325860525,4.441959771186594,747548446,2529827.6400028435,2352.053313949136,1075.5826090333053,1
217,167854.479689991,8.010033805923145,338757126,20105.244107642986,25.991787525815308,773.522947880143,0
478,268215.6800414685,4.517501943404996,849564731,49974.352157867215,89.06168471495504,561.1206695428211,0
13246,13924312.297387637,2.404830273545652,563274891,4691313.658193484,4462.779876611163,1051.2088402074314,1
3948,4945003.60502415,4.592884495638278,770154396,922052.5349413552,736.1497986068086,1252.5338411915272,1
18129,21930193.552204132,4.554943157546502,355467453,4466061.046932167,3691.951944112947,1209.6747505214921,1
196,57313.78267593462,1.4065098084772996,825189157,25681.68178707596,87.82546527644284,292.4172585506868,0
160,46926.340873179855,2.716734373352225,55665995,16926.24968920723,57.71172224129228,293.2896304573741,0
6714,7030174.464245389,2.09281402420093,7875728,3346602.922625652,3196.093089408192,1047.0918177309188,1
309,104377.87115409726,7.915694888026308,567957717,12303.411751237494,36.422990707673115,337.79246328186815,0
440,186768.34789674522,4.008370373012883,603964940,40493.22853215194,95.3963600084795,424.47351794714825,0
435,332126.48913414637,5.916511943112556,495597256,51796.76122485766,67.84039174819489,763.509170423325,0
9975,13305501.46206569,3.789996144148378,124989773,3398607.7456332804,2547.9018854978804,1333.88485835245,1
34,26803.724124920867,7.160899897281915,393742041,3547.980744010827,4.500544205505035,788.3448272035549,0
12220,14590974.7936222,4.946554879254556,665260777,2600045.2772107846,2177.548363760025,1194.024123864337,1
355,262538.13032596733,2.3130032183495857,465057874,94504.08813865279,127.7869665924998,739.5440290872319,0
16587,16008742.128711298,2.994179513325173,179241408,5044632.4410145655,5226.851530642055,965.1378868216856,1
10108,10222672.850728165,4.521478505036473,64609985,2229061.4044926255,2204.0569042573384,1011.3447616470287,1
234,104898.35783112115,2.051512627696131,95564537,48856.352047303844,108.98537036656403,448.2835804748767,0
221,142355.14525636312,3.7670463546521673,721994950,31711.703144463158,49.23100167756736,644.1409287618241,0
2410,3306772.280507486,1.1945098865411108,892788646,1584235.4262960977,1154.6024502139744,1372.1046807085004,1
346,236893.72338492254,2.7171303892825485,244260798,79994.06643818054,116.83697901373807,684.6639404188513,0
17548,18783750.768203907,2.2100158414056463,532588806,6848872.944911074,6398.297332646704,1070.4211743904666,1
14875,13494681.780527057,3.575991814521894,175749261,3596911.8094456587,3964.825850336908,907.2054978505585,1
9232,11111664.75034102,2.4100738440218206,187696189,4277385.838274348,3553.8172673664276,1203.6032008601626,1
10645,12190596.616274223,2.5965268096001237,225878652,4319222.302440887,3771.6055133924538,1145.1946093259016,1
221,100525.33674546846,5.795423751813492,576801069,15775.547720338465,34.68176440952795,454.8657771288166,0
9265,12747130.106502822,1.2650187878167998,636988164,6701936.653978444,4871.170418777943,1375.8370325421286,1
269,90214.24621735819,1.8611758657531565,471292568,38677.585047612054,115.32846323118476,335.36894504594125,0
321,55568.06120040317,8.672595726602847,463965206,6081.945013042539,35.13356966236012,173.10922492337437,0
264,36676.13440285636,9.391850046809338,919880052,3556.73917484431,25.60191136407684,138.92475152597106,0
14934,13606061.894205352,3.7069467947195465,266180743,3424521.8068219414,3758.7517285115036,911.0795429359416,1
377,122291.44181845669,2.6933351369190004,605807792,37067.63982442155,114.27210282263464,324.38048227707344,0
10041,10529375.879674997,3.623669409927894,451976314,2583486.5424778224,2463.6586887446656,1048.6381714644954,1
13702,20159018.144947413,2.8291991919875916,395603519,6251240.75846914,4248.942099097832,1471.2463979672611,1
177,75021.26621470336,3.197231387262157,526615271,20146.17493667536,47.53149531742596,423.8489616649907,0
345,56651.146389557915,4.9583866404991985,330689340,10710.972313203754,65.22878500365915,164.20622141900844,0
426,112210.46899177037,7.5137174686700705,762842768,13557.621256063774,51.47065783591683,263.40485678819334,0
455,161449.7543145774,1.1564986863289053,978649682,75615.23906694018,213.09994506663264,354.8346248672031,0
16017,15042415.418529132,2.8349152968009634,469966438,4551574.496639306,4846.466919326728,939.1531134750036,1
338,148893.49848025883,9.498419838016483,368535533,15090.115732926437,34.255754413651474,440.51330911319184,0
21,1522.5227378113966,8.469300816851415,986554682,161.0137483590284,2.220846120433083,72.50108275292365,0
406,311648.59864955966,9.637768939603209,556469856,30571.051443681525,39.82641648291665,767.6073858363538,0
19921,27190370.27568347,1.5326125158251998,600423884,12747260.32706788,9339.268660221882,1364.9099079204593,1
216,62337.82867925993,1.785946353026222,878354696,23397.44178010358,81.07191943603597,288.60105870027746,0
11494,11641011.975385161,3.5182695806750868,175490550,3151534.3616147595,3111.734274390825,1012.7903232456204,1
154,53723.13660080229,3.609433842961401,685755833,12507.74486199549,35.85406271156811,348.85153636884604,0
153,79025.54582987906,9.689123605958232,126182202,8051.256616559546,15.587899449444343,516.5068354894056,0
17692,16325056.240886195,1.2847071954547071,508046598,9106133.982529284,9868.616686012874,922.7366177303976,1
35,19602.825120084897,7.047890842620935,421007477,2624.593920175337,4.6860994088049575,560.0807177167113,0
14449,21639508.40014484,3.004961909701413,588740236,6021508.606668702,4020.644843169068,1497.647477344096,1
18383,22303306.044122737,2.7868862239594945,366136667,7073626.426269183,5830.2780016943925,1213.2571421488733,1
328,87308.66900754582,8.347009590055745,616105123,9740.884927018875,36.59442174964386,266.1849664864202,0
4423,5818298.207512613,2.928865090241546,559142775,1668086.3209893291,1268.059067204456,1315.464211510878,1
14801,19269010.460417386,4.725983573556193,81102342,4008459.761050039,3078.9963524684545,1301.8722019064512,1
8621,10411135.865938531,3.8063973995983877,776135006,2271917.5653224965,1881.274203204302,1207.6482851106057,1
22,4969.5246654395605,2.5735322391959006,468623632,1633.5535968069885,7.231713604257756,225.8874847927073,0
152,98898.25187845524,3.2173419983286453,157251893,29306.712174340188,45.04245692810003,650.6463939372055,0
214,106882.77719481061,3.839927262804237,641669422,23849.26282126599,47.7508386075013,499.45222988229256,0
2561,2850340.803213326,3.8581668058000207,612795847,637522.8389412399,572.8072898117653,1112.979618591693,1
10848,11127304.423240254,4.447312523298411,718721254,2153935.6695920215,2099.8701262214718,1025.7470891630028,1
182,63522.557174153706,8.581211089465437,292386540,7158.6023872913,20.510283156817426,349.02503941842696,0
18017,18731614.93990481,3.7608431067978714,745578959,4156649.0369535186,3998.0720263072053,1039.66337014513,1
38,23745.094177185,4.732211387492077,95090390,4918.916461344844,7.871892363800404,624.8708993996053,0
4808,4656996.312753201,2.662238128493266,574488486,1438798.164757047,1485.4513750005817,968.5932430851085,1
39,14265.606472412517,6.46325788946092,61378377,2186.421723727818,5.977344698964239,365.7847813439107,0
139,43741.51990264189,1.3077590492906994,135488756,30307.698887393395,96.31055698851561,314.6871935441863,0
301,216234.8340205083,5.199709329551684,804710619,36012.61002283259,50.12973818938226,718.3881528920542,0
199,147498.01815234756,3.5094985553603504,792132360,34288.859517365534,46.26152357456024,741.1960711173244,0
447,288383.66266305756,1.6665083604733284,324175186,144866.65305188997,224.54598612215386,645.1536077473323,0
18321,18249125.693053674,2.3247550886089754,33201244,7739382.379851716,7769.863990538203,996.0769441107841,1
79,14123.73117730921,4.55085287418183,330328675,2893.506630515841,16.18460596148934,178.7814073077115,0
16527,22895784.96383306,3.6070979152764133,869875375,5114121.411794138,3691.5565334944413,1385.3563843306747,1
264,29381.62482150046,3.4960078544459883,32503123,8326.91892112732,74.81909555828811,111.29403341477447,0
133,67524.40129688922,3.6181612659689804,610434465,15968.516640727925,31.452521939126854,507.7022653901445,0
420,138264.70483698696,3.215686217151277,39338168,42477.317671634315,129.03129141395988,329.20167818330225,0
258,125503.49086972291,7.647958482056427,282097030,15826.306723693699,32.53445068672606,486.4476390299338,0
296,21772.201068532417,5.603575282890749,2767049,3883.4947599765464,52.79734673286949,73.55473333963654,0
18335,22393740.104732756,1.5103649571495086,352017052,12024246.365523728,9844.918985430395,1221.3656997399921,1
341,254272.9239518964,6.05147963370591,652638914,37927.86809220526,50.86425569200103,745.6683986859132,0
296,168368.05840401986,7.960178021350867,455721359,20005.949547961496,35.17152316377379,568.8110081216887,0
290,221736.50551811795,5.368356056522748,895817839,35397.56545976506,46.295011095920316,764.6086397176481,0
5647,8196042.799744473,1.5502084459005587,49633476,5123032.899405367,3529.7237325119927,1451.3976978474363,1
16028,18449741.98197852,2.8083740895615366,165050973,6204878.748847464,5390.416661851989,1151.094458571158,1
3535,4435737.632962919,4.135649522348935,926163479,876314.0068155084,698.3663756559063,1254.805553879185,1
11213,14625886.8049311,1.530728186243398,13763963,9469706.150397656,7259.991580723104,1304.368750997155,1
358,48973.90841256391,4.616671047344132,579203240,9425.53759082514,68.90082018958766,136.79862685073718,0
3602,3959810.643700053,3.0085938105479406,692875690,1069794.2109515881,973.1270241364366,1099.3366584397704,1
250,106203.59938433838,3.2535938247907628,895476956,25596.960137685877,60.25445532465778,424.8143975373535,0
303,143478.00041338603,4.118869627871719,191435660,33287.20144651994,70.29664484614987,473.5247538395579,0
172,104648.10425862577,4.248743103876446,39076502,24405.90180501199,40.113627859780856,608.4192108059638,0
17299,23465764.87182528,3.1336295005819697,870699083,5860099.735080827,4320.075048518027,1356.481003053661,1
5846,7227263.198308799,2.2642051806754835,358156760,2756012.847123292,2229.287997710245,1236.2749227349982,1
318,65692.12219540302,6.219849884068755,201291776,10230.598493710791,49.52390351042263,206.5790006144749,0
310,28785.925610023358,6.8579513661148255,199439561,4078.833935559172,43.9255814509248,92.85782454846245,0
431,300952.06699794094,3.259711216264108,850288655,73224.3494950226,104.86618333334346,698.2646566077516,0
446,271910.68710079096,1.7497232480061675,201845663,139329.27787858763,228.53407711340125,609.665217714778,0
18832,19244345.90548487,3.261613567802017,290145824,5418257.202304765,5302.160963793613,1021.8960230185254,1
217,88259.26919751462,9.91565297439271,503995107,8470.465461796835,20.826039258227556,406.7247428456895,0
9088,12032626.73669365,3.8427515182351932,827863574,2576240.280792493,1945.782262192537,1324.012625076326,1
75,50679.446369855366,7.281784426059284,359592384,6632.240187807488,9.814985160955324,675.7259515980716,0
455,323996.41606231383,1.9323743499773154,232806638,149639.41483939742,210.14409535576758,712.0800353017886,0
4794,6950432.593033826,3.5833394076675855,670203460,1634033.7476944414,1127.0604644520186,1449.8190640454372,1
215,121556.02361489004,1.3714277263715968,658848992,59871.65321601345,105.89689477030642,565.3768540227444,0
427,43146.05102181029,4.454874580908498,549086440,8622.379519250706,85.33239931642706,101.04461597613653,0
10418,10367564.414892435,3.13863826699634,608538940,2766766.513079551,2780.226134101316,995.1588035028253,1
19985,23327356.49407682,3.7570975298464577,451378579,5542946.161685789,4748.74978094574,1167.243257146701,1
375,237801.54922777592,5.084343223519334,360732180,43672.7743153156,68.86956969551329,634.1374646074024,0
18369,16882641.481940657,3.971218749039386,864009615,3491591.3398218015,3798.993267125526,919.0833187403048,1
276,19186.02276805097,3.1269341584851214,472357221,5330.500019366459,76.68176063019432,69.51457524656149,0
17963,17244674.97066414,1.368321972494479,824247289,7865053.69454554,8192.671636633373,960.0108540145934,1
92,15099.389122605095,7.262772549388293,838212064,1863.8955439627318,11.356644209390783,164.12379481092495,0
16047,21011673.45757664,3.012282139822933,435971565,6093424.456613637,4653.6599025633495,1309.3832777202367,1
55,10637.977411149066,5.7068857737253875,650979985,1673.1994374920157,8.650701679965367,193.4177711118012,0
4840,5720560.292952341,2.5717777574934395,574332375,1818296.261745462,1538.4076831932368,1181.9339448248638,1
18893,18138904.2811444,4.710534877924294,246955183,3658888.683230665,3811.001084786343,960.0859726430107,1
15678,17334290.522547554,2.7888811408094574,970569783,4610856.977215888,4170.289842250011,1105.6442481533074,1
11788,11577316.847951991,1.3053425686658113,798331226,5503380.266136347,5603.53037143415,982.1273199823542,1
18959,26662439.46570788,3.2362451510610066,423789909,7284749.743698756,5180.0050242371135,1406.3209803105585,1
19400,19358729.7886932,1.230733138334175,266724886,12927727.838849308,12955.288017923544,997.8726695202681,1
469,72569.25558950462,8.945251112696363,964846038,7322.759251094257,47.32546945486244,154.7318882505429,0
441,49136.33038978078,2.3236291409530905,658594626,16476.406275838548,147.8762274269464,111.42025031696322,0
7404,10338294.259363417,2.0464811091626953,732635740,3719992.652514119,2664.1557019204533,1396.312028547193,1
284,142497.94703496763,1.986974466700977,296552780,62402.56044276902,124.36899993652197,501.75333463016767,0
12297,15564462.760906884,1.4465467486835144,821597951,6862200.089385247,5421.6117700585255,1265.7121867859546,1
6642,6803188.614789814,3.56871764780126,909634720,1519127.5844446293,1483.1347456611657,1024.2680841297522,1
13399,19275814.9016409,2.0666386335528046,929388257,6433792.354274988,4472.256254525044,1438.6010076603402,1
19461,17835833.625944633,4.082914461226263,101771487,4262167.781910755,4650.528197521922,916.4911168976225,1
17105,22688077.94511132,4.7349767929112545,994754923,3959710.344222114,2985.305568932668,1326.4003475657012,1
19711,26005837.8749347,4.690171075411307,973919248,4591352.960500141,3479.9939398086212,1319.35659656713,1
165,55507.04885927453,7.855132203822865,333239844,6778.764879648185,20.1505255301474,336.40635672287596,0
272,58783.898633170844,8.65725362170704,16874955,6776.92267451804,31.357616802039537,216.11727438665753,0
7856,9102463.538751924,2.7209140136083283,935820340,2489232.9216558905,2148.3649727653838,1158.6638924073225,1
2135,2861574.4937333288,2.7660747860434602,344745807,919877.7004795759,686.3140885637607,1340.315922123339,1
8546,7934191.7437411025,2.1943550251531705,841722179,2613303.6844015713,2814.8164309885096,928.4099863961037,1
262,48533.72419222839,4.482574336789838,466241699,9807.138483474124,52.941955834530106,185.24322210774193,0
14927,21956119.277608015,4.220884838854024,920488694,4270477.3612159565,2903.3097682194434,1470.8996635364115,1
11092,13468117.500312818,2.0848811057073693,339923747,5554309.859317236,4574.3887338461245,1214.2190317627856,1
239,151357.6147118445,2.4959377168321675,59516907,59229.231973161855,93.52543291948378,633.2954590453745,0
13855,15991636.455204712,1.8411311707948603,46610556,8471305.278798085,7339.457407409214,1154.2141071962983,1
406,318536.79935093725,7.469012625262439,315442557,40919.60090884088,52.15522351841738,784.5733974161016,0
130,31710.443694263475,3.9036505981309584,552789592,7115.644402563298,29.171265506466895,243.92648995587288,0
320,67084.53271028488,6.066381083546044,184468597,10732.066221183662,51.193040363121696,209.63916471964026,0
17793,20647812.769167475,1.0383440709658704,824528542,11083856.526450401,9551.377735738919,1160.4458365181517,1
2360,3250517.721303214,1.6293508232001908,58430292,1925911.892264338,1398.2855826183813,1377.3380175013617,1
9818,11990772.817712063,3.185685696855755,463001482,3286325.253422362,2690.83084373349,1221.3050333786987,1
161,73927.2749466128,3.5476879532533916,475461623,18375.472635411807,40.01839776236539,459.1756207864149,0
4313,4933739.848676812,1.7699014616145359,497535356,2175910.6186991213,1902.147820170577,1143.9229883322078,1
28,21554.489039420565,4.652917019535016,25519639,4607.199073668776,5.984905224466114,769.8031799793059,0
97,30861.321306170204,2.769282306197742,343245340,9915.195883921011,31.164381822759076,318.1579516100021,0
62,32150.191276312235,4.807471548628133,718814260,5817.68522107859,11.219108483893475,518.5514721985844,0
8185,12174786.667666422,4.992791387544381,184736837,2351466.981860402,1580.870184579298,1487.4510284259527,1
10876,12502610.016218768,1.0693837074148718,149366533,10258549.784542225,8923.895675538679,1149.5595822194527,1
10452,14474022.094322527,4.818469486016216,46519129,2975139.9725062423,2148.412016369161,1384.80884943767,1
199,16827.210426933718,4.262169342069337,73077669,3881.4882713645184,45.90280542074912,84.5588463665011,0
112,59862.62560228044,3.8523610295401256,745617761,13019.334870670067,24.358529062906648,534.4877285917896,0
453,295409.04409477307,4.263934296570595,608755970,60625.45081542446,92.96712395364747,652.1170951319493,0
16291,20270800.746694215,2.995924020775046,927728009,5166309.49759742,4151.999177392397,1244.294441513364,1
172,33560.962844766,3.856745203447467,500740949,7701.909236341654,39.47229984962611,195.12187700445347,0
377,22774.60641559414,8.156424274438887,465228258,2641.559298510917,43.72711595387787,60.4100965930879,0
117,39502.772565948406,9.250131925722947,526994192,4040.325560937782,11.96670663661735,337.6305347516958,0
7546,8824924.853468738,3.6022991644373845,156467385,2347824.6753019714,2007.5734687831284,1169.4838130756345,1
2829,3361526.017514618,3.9551891593976594,963359992,683438.5332022968,575.169610574311,1188.2382529213921,1
297,104084.59885527327,4.136552198484319,619689536,21883.79074608964,62.44426094801957,350.4531947988999,0
263,150407.55058833348,3.93252035360499,279911603,35705.63326310782,62.4342429051281,571.8918273320664,0
11690,17461690.50873427,3.5019873484668165,982829455,3893512.549996731,2606.572467121398,1493.7288715769264,1
472,256692.67279515121,9.852317127858985,326801348,25217.573938640075,46.369437699286564,543.8404084643034,0
205,141300.03488769592,4.136786039032211,290655617,31914.60122239676,46.30213471490827,689.2684628668094,0
5490,5475553.035290394,3.1702129751064456,53326698,1698615.0600137454,1703.0967683761817,997.3684945884143,1
7955,7262784.497963266,2.1559316169671985,562407757,2671772.541543926,2926.4190027863647,912.9835949670983,1
26,14431.772115796324,6.274994823083216,514050825,2125.743862080367,3.829698804181808,555.0681582998586,0
18913,28154330.127853055,4.570045676376607,85962459,6046881.643941921,4062.0633491376407,1488.6231760087271,1
188,49814.78972786855,2.5176538979658583,368106174,17262.277003483992,65.14748118748807,264.9722857865348,0
11760,17025145.1814585,4.7490481791113615,928204805,2998835.040310147,2071.424337247629,1447.7164269947702,1
342,24657.014037975638,8.512641592992708,781052119,2653.090880987168,36.79914688372811,72.09653227478256,0
10229,9398024.953786079,1.3064144652548402,653334979,4795523.724390957,5219.544789252074,918.7628266483605,1
3783,3455011.8327205107,3.879321246999815,717575878,751596.5092911775,822.9464130111792,913.2994535343671,1
85,33446.9618861634,3.0491796333663856,338275625,9873.772296639376,25.09258234188209,393.4936692489812,0
9595,12499518.505270408,3.576821927362769,984305565,2740444.884778998,2103.6465251335408,1302.711673295509,1
138,72133.97663982456,6.379183269491507,55532600,11210.126150531154,21.44616837773526,522.7099756509026,0
19187,18838395.92053107,4.548567994776575,353924349,3842616.081684514,3913.723603129491,981.831235760206,1
484,337651.12681282277,8.43277078938087,864438597,36317.47041294296,52.05863177707854,697.6262950678156,0
13804,16345762.270971645,4.129385632325565,174402279,3797994.3732722546,3207.4071223803344,1184.1323001283429,1
226,121287.76457884148,5.387748133644998,633603552,20142.946453035373,37.533100838269874,536.6715246851393,0
342,75638.54628313295,7.482918495937613,830486090,9098.383881265438,41.138380366872056,221.16534000916067,0
396,232745.6573166511,3.899741055831665,362784776,54602.75585394802,92.90266279273983,587.7415588804321,0
110,64945.60342350602,6.900023776756139,139923093,9225.297381506476,15.625117921353056,590.4145765773275,0
4080,4950469.283625361,4.591324318405678,297719964,1012563.8054539073,834.5189293299704,1213.350314614059,1
17628,18329599.580611795,4.234344677716392,639770697,3760600.267218404,3616.6562842238245,1039.8002938853979,1
425,93586.8002018317,5.765345941414546,502095170,14932.218514408887,67.81076877227787,220.20423576901578,0
7350,10726364.255352143,4.379161441158247,2453664,2448038.907553645,1677.463634664585,1459.3692864424684,1
18006,22221007.808494136,4.420921453376275,571026452,4451370.13240109,3607.008795225553,1234.0890707816359,1
491,303036.34420159465,1.1867398636634103,650610742,164931.14774475916,267.23261117750314,617.1819637507019,0
8697,9683347.937946824,2.6017809058075394,309721233,3325894.1523267515,2987.1178468589483,1113.4124339366247,1
49,28662.508422805928,6.637279100289922,794758771,3856.6149579955245,6.593077275519245,584.9491514858353,0
447,49621.55920860619,2.473386872581453,491674531,16735.423808987245,150.75573121692366,111.01019957182592,0
324,254191.93381801381,5.145340930934701,410180566,45754.828589587145,58.320357535970174,784.5430056111537,0
19991,18715964.14662571,4.470052970806348,204437647,4003851.045359198,4276.61570735624,936.2195061090345,1
99,7619.234448942402,9.61376335699797,482347315,754.6702583277639,9.805756218043557,76.96196413073133,0
185,92849.93144374287,6.223863271090711,891400751,13049.400718718563,26.00044066188293,501.891521317529,0
8074,8775222.478101885,2.30303941571159,807979337,2820690.961908644,2595.291331163669,1086.8494523286952,1
16007,16691371.23903327,1.805760519689465,312957113,7878053.678085229,7555.0416690878155,1042.75449734699,1
293,205436.1283835724,2.747458696730587,93659480,72308.19543732522,103.12840993371468,701.14719584837,0
19171,19204257.786041923,4.678486810564035,289809088,3865361.1173989144,3858.667114722557,1001.7347966220814,1
11144,15566776.282831982,4.636708059722245,594960527,2975489.7552837743,2130.1043472598785,1396.8751151141405,1
212,128939.47417639026,4.295771477140137,371282294,27627.595587974338,45.42480339758534,608.2050668697653,0
397,204114.6902377687,6.070410624030535,298533726,32048.433620995624,62.33372097184311,514.1427965686869,0
326,197099.90294371016,2.657624153361638,199723355,68980.02513412322,114.09182783893294,604.6009292751845,0
2561,2442089.301810541,3.6896061951856423,590307249,570593.1518610904,598.3765871431758,953.5686457674897,1
469,30629.96057390851,7.503847321247708,778733758,3698.1178066162165,56.624860718248286,65.30908437933584,0
338,250209.61606102498,1.6954455364045935,173202562,133898.73474553495,180.87942844272084,740.2651362752218,0
15291,19454452.557523884,1.762703787019166,901058412,7303374.36453122,5740.377277532641,1272.2812476308864,1
274,142343.02867630808,4.668385004489631,756156140,26240.565770416044,50.51118476229741,519.5001046580587,0
76,8669.605962724034,9.645407290112692,383749186,864.4401932877589,7.577905497936518,114.0737626674215,0
112,60402.31543387353,6.965227777381623,993909643,7589.052964357207,14.071876647485984,539.3063878024423,0
7719,10550911.187682398,2.914808803403142,618382488,2986226.9878663425,2184.710468063715,1366.875396771913,1
132,16370.225390034539,1.31250581284287,244589575,10513.309279473953,84.7732265027558,124.01685901541317,0
19276,24393245.468270108,4.258617802376202,27872264,5690727.166175881,4496.91932128888,1265.4723733279782,1
328,225529.5367978082,7.371824512447789,150180834,29982.634471845042,43.60539309572487,687.5900512128298,0
133,77841.1807136142,3.0612257136262206,117837074,24485.5751250316,41.836229381084344,585.2720354407082,0
218,118881.55238393738,8.687768003250035,692542664,12673.51973735739,23.240168447844134,545.3282219446669,0
17807,25666738.849850073,1.8217369992587402,147505955,13033810.172758248,9042.561234757793,1441.3847840652593,1
139,69678.25745069726,9.279698705772782,712057901,6973.574336615322,13.911467769919522,501.28242770285794,0
231,141087.38376294443,6.3738821404934,521250176,20461.881989625992,33.50189516268453,610.7678950776815,0
275,169979.9222204625,6.792704093076585,252180711,24128.133666870195,39.035414722589756,618.1088080744091,0
11696,11241717.34902333,2.577363172377292,269387168,3948964.9617582606,4108.544340579539,961.159144068342,1
10746,15594963.246204806,4.096627169988664,630292291,3299181.0786941196,2273.3621946992957,1451.2342496002984,1
480,216070.2317684606,8.183819205831945,942382981,23675.81030367977,52.595810411978874,450.1463161842929,0
7560,8016052.207367797,1.7460873190675068,520564105,3536517.4028316136,3335.316546570525,1060.3243660539415,1
366,221885.57975007207,3.896447573521719,532177567,50102.58775795429,82.64415894023557,606.2447534154975,0
11218,11414576.50333066,4.581195350835788,717147297,2154367.36768868,2117.265859463093,1017.5233110474825,1
102,55949.830991512295,1.9001114232090122,191670605,26747.44798310398,48.762250858103314,548.527754818748,0
7928,9029626.087078072,2.0090376419502842,886424292,3118544.223014162,2738.0777854619605,1138.953845494207,1
234,64057.4605161053,8.74258538333094,892872404,6648.097260135417,24.28530176403989,273.74983126540724,0
11978,11250679.206014702,1.3029585811858349,559973261,6039232.864694575,6429.6501507783805,939.2786112885876,1
149,55846.27559016911,6.9434779624420955,545550058,7457.079268194856,19.895772801662474,374.8072187259672,0
7103,9191481.03178492,4.371889608194253,911975673,1739537.3543110988,1344.2810560065204,1294.0280208059862,1
4188,3880376.9991879486,4.866459969056857,153879409,772931.2118117928,834.206551514249,926.546561410685,1
6568,7790755.756999719,4.135667715386194,273066900,1767118.3313712045,1489.7698711730375,1186.168659713721,1
121,38846.88843283182,6.917260016724633,522425925,5221.576386035796,16.264127403736932,321.0486647341473,0
366,212262.87243157034,5.843036129450694,765974729,32117.192266397593,55.37893761091488,579.9532033649463,0
3929,5434993.034484002,2.712371506499775,992463348,1467000.0817668922,1060.506110070726,1383.301866755918,1
288,147012.64044848294,5.27773307200858,542124908,25260.520265868447,49.48574363657847,510.46055711278797,0
320,120633.34720695407,5.485343009058274,922223800,18826.701430005636,49.940954115003706,376.9792100217315,0
13252,15164897.712934176,2.9476925932764413,111917787,4956480.01807472,4331.270440650897,1144.3478503572424,1
2809,3210541.498526148,3.5337213604472866,641484278,768954.1010775493,672.7812336076066,1142.948201682502,1
2424,2479039.8829365806,2.716843118166799,711886782,723019.8805732647,706.9673233467818,1022.7062223335729,1
17398,21947695.35044988,4.756789731303048,601859845,4095751.184684048,3246.713514714083,1261.5068025318933,1
16144,16825678.871989902,1.5731839657237376,103897351,10032714.993724758,9626.247599930402,1042.224905351208,1
257,63327.91390757622,2.7931308713699097,624026500,18532.337561670036,75.20871065325589,246.4121163718919,0
404,136759.7627370901,8.264679113055063,219417772,16119.54278574961,47.6185038282219,338.51426420071806,0
3591,4047826.903217287,3.3889758732883375,837033647,957836.6740028325,849.7377922979665,1127.2143979998013,1
99,8298.709882118299,5.65323275996929,510767625,1346.3188455267502,16.06099834798976,83.82535234462928,0
12483,16365437.31403637,4.742687452326903,849405493,2926531.7071870803,2232.2590346842435,1311.0179695615132,1
120,79402.12241330718,5.742875964937852,236692170,13278.905871039537,20.068338932180627,661.6843534442265,0
10457,11423214.625267405,2.1101151679401142,300767215,4738188.26919984,4337.416073880593,1092.39883573371,1
11541,15659619.927197464,3.3617867530479044,167405743,4437167.9767350685,3270.153161926973,1356.8685492762727,1
267,61855.59333307715,2.4433611859467383,660243490,19930.242344479142,86.02899785184563,231.6688888879294,0
309,139835.66958933283,8.059275508970494,357314117,16614.29103753039,36.713207335966565,452.54262003020335,0
9703,9442022.938483562,3.3470104789844815,208877621,2655320.604302697,2728.713538550987,973.1034668126932,1
462,266188.78327732865,5.464296009472733,312814199,46076.45928009736,79.97077835254535,576.1661975699755,0
18949,27723330.00408021,1.1140739756451703,461272727,17598240.41116147,12028.463301559375,1463.0497653744371,1
11586,13635534.192514308,1.1771817239879696,807419783,6870666.047819829,5837.9477991952535,1176.8974790708016,1
11812,16251733.976060007,4.772652209841757,411817091,3134695.76788146,2278.3431272477956,1375.8664050169325,1
12768,17296646.41391912,4.529124380181532,479708367,3453228.9830703447,2549.096894318252,1354.6872191352695,1
113,12709.320465388606,7.171542559681138,75190680,1753.7999599317147,15.593233014462676,112.47186252556288,0
126,12312.819097214508,5.8395931370488094,984944558,1804.1982691585742,18.462789075282387,97.72078648582942,0
321,70861.63955468693,6.171102132940427,39045401,11410.620950211824,51.689593241647344,220.75277119840166,0
16008,20172869.644318342,2.4366943515150243,304846692,7358222.738279347,5839.051739847598,1260.174265637078,1
16081,18603942.706007406,4.004131846150434,660023357,3988705.756069449,3447.784067978266,1156.8896651954112,1
13374,17386917.33835492,3.160006252461541,951689997,4228648.295854022,3252.6721792134886,1300.0536367844263,1
28,2935.8465994810954,2.316090269153877,410871993,1076.5996435763773,10.267835528418479,104.85166426718197,0
8799,12279110.62124913,1.345064564252386,270940152,7598437.367017802,5444.909851751807,1395.5120606033788,1
124,84234.26014225624,9.66463220257531,708876248,8120.132214051906,11.953525713195232,679.3085495343246,0
145,10423.1116735762,5.088061519364813,459607349,1878.8272914076133,26.137104329865863,71.88352878328415,0
2339,2296282.0640921113,4.5363427863058465,777735686,432112.93850083573,440.1515732576448,981.7366669910695,1
9733,10926964.772779152,3.6276164238390263,415279182,2702757.092465529,2407.4329265249726,1122.6718147312392,1
9709,14445196.299687276,3.871657606890953,634193096,3205875.4832731676,2154.7540387369486,1487.815047861497,1
14102,12972682.108235601,1.9314559591633644,52753948,6537958.540274303,7107.110971016309,919.9178916632819,1
16790,19059817.73142472,3.730567205780243,626782542,4374176.6979192635,3853.259658248296,1135.1886677441762,1
355,111024.69031571843,3.9234053362527077,899039312,23022.491373943598,73.61411605390336,312.7456065231505,0
204,42404.96613473233,5.936260790578566,262062202,6841.36115292879,32.91212804564318,207.86748105260943,0
411,135979.31299426357,2.986303596900105,559841246,38345.673687445065,115.90051117705512,330.84990996171183,0
167,71065.42905476477,3.202832356841174,113432393,21429.35935925149,50.357861207552304,425.5414913458968,0
245,19662.306483840177,2.6031933729702983,842566518,5706.2323278432,71.10187817846182,80.2543121789395,0
15848,17223287.279781394,4.2843143097874,355930711,3711719.360211454,3415.3368904021286,1086.7798636914054,1
10843,12184127.227758216,1.2136666877380424,771701973,6136959.582724994,5461.454194592361,1123.6859935219234,1
116,12528.753071765606,4.437735925749543,825886674,2380.2529216972653,22.03805417309356,108.00649199797937,0
11047,15195726.214134498,2.4568957349060154,320585269,5471045.955945156,3977.3449339399367,1375.552296020141,1
14707,15863439.483237965,4.255208709040652,260890019,3512642.3133181715,3256.5718523121745,1078.6319088351102,1
247,148388.73353274606,2.636926283364286,210797897,52107.83212641187,86.73592818543378,600.7641033714416,0
10678,14751966.470188392,1.9837488570113964,281457262,6512416.837645923,4713.919810820658,1381.5289820367477,1
106,80205.42969739449,4.126105386460155,609319322,16937.325506221667,22.38447584450532,756.654997145231,0
4347,4865967.888765125,1.868658063825769,195326326,2357560.412157906,2106.12057989787,1119.3852976225269,1
7866,10730101.17026663,1.1655367827988852,643456048,5931533.2750810385,4348.275939007579,1364.111514145262,1
405,147141.24099564945,6.0073434680087034,9842280,24453.498222876635,67.30721253436934,363.3117061620974,0
230,33417.12078023146,3.07571181095272,214504648,10156.511341162086,69.90421538199017,145.29182947926722,0
15394,22504085.803875893,1.095983783200292,611011250,13183451.249817053,9018.186755434881,1461.8738342130632,1
323,41761.4330264911,6.293004134100421,783029763,5901.813591311917,45.6470396689814,129.29236231111796,0
7737,7183250.838992797,4.199565217075268,675343610,1473514.9094680473,1587.1066053643228,928.4284398336303,1
13403,13375299.370749274,1.1403504448652,344819765,9005903.351618715,9024.554836187099,997.9332515667593,1
9311,12192622.53919692,4.630523813338828,444092551,2402668.8253478445,1834.8185028195983,1309.4858274295907,1
12130,14576696.526060741,1.8934857513094756,275266427,6721236.604093307,5593.0779557557535,1201.7062263858813,1
19677,20123093.247766495,2.142041794958236,805757788,6826479.4404958,6675.148512048208,1022.670795739518,1
17904,26145573.28889882,1.5320160839506314,160424038,15448448.04244217,10578.808530823911,1460.3202239107918,1
258,127736.04349886694,6.333975551201452,115407996,19805.93068531252,40.00382332850286,495.1009437940579,0
114,81988.89140431242,4.848647245186497,176378743,16316.112911070088,22.68644983488771,719.2008017922143,0
2675,3411905.5325920754,1.5516919590548133,841062201,1425932.3375343815,1117.9585620023418,1275.4787037727385,1
8609,9024066.769094968,1.2221744934902823,888955953,4274518.793519994,4077.910019398523,1048.2131222087314,1
183,25166.363506703405,7.801427202409763,370698085,3079.537160972741,22.39319559649136,137.52111205848854,0
13639,19003351.59146066,1.1074078161365692,123060032,15444004.993904956,11084.401775028105,1393.3097434900403,1
198,46769.64590559387,1.3398322563856064,746713957,22414.86222809605,94.89365667043025,236.21033285653468,0
384,66963.22256306995,3.664570867373756,478780681,16161.607766387255,92.67859497722755,174.383392091328,0
6703,7192351.554304667,4.956181656364608,594267497,1295814.3306194886,1207.6500144022996,1073.0048566768114,1
15788,14506642.413290134,1.5393854500748954,519362152,7046343.31992407,7668.739958258199,918.8397778876447,1
18411,21386761.320521783,3.2639793530767673,102211599,6353401.106769432,5469.3866931825,1161.6295323731347,1
6661,7031584.498218193,1.4469113094242498,198633509,4273104.214172384,4047.8994709961644,1055.6349644525135,1
17029,20347863.231706448,1.0979869270064748,94442349,17064209.711332146,14280.930821349219,1194.8947813557136,1
8964,9580129.430492688,1.6923382912816072,876469147,3729407.38481405,3489.557008600236,1068.7337606529104,1
5879,6999862.405821259,4.241212549333883,162224241,1589636.1726338093,1335.0935371447072,1190.6552825006395,1
256,165271.73831027994,9.265721581873045,317087017,17246.690947131738,26.714506228383403,645.592727774531,0
6587,7356974.572908652,1.8859589000805697,192729302,3539239.1054824954,3168.82541278054,1116.8930579791486,1
15409,19269434.841300484,2.2431676501385867,588972697,6803841.787279041,5440.761442337513,1250.531172775682,1
42,31098.84568745502,5.603636224749025,185164103,5372.243630235525,7.255389307292225,740.4487068441672,0
18373,18290331.06659858,4.339896293459561,676334373,3646230.0645173145,3662.7103539813093,995.5005206878886,1
2956,3802138.076977885,1.9609822300799538,109475404,1836375.6951092775,1427.703687988551,1286.244275026348,1
26,7710.94501145866,3.7497804971039566,93582268,2006.3016381046955,6.76490916654253,296.5748081330254,0
66,28975.57824493915,6.4766110827281205,312433245,4267.990728326193,9.721545008984524,439.0239128021084,0
243,128076.12818790691,9.44008867412911,293549184,13158.094646077605,24.964972350708223,527.0622559173124,0
150,116144.06747734977,7.705721540459963,902082882,13492.879458819976,17.426046485049273,774.2937831823318,0
12270,12677843.814973729,2.8890538431808612,956337729,3296892.807143607,3190.8323950065865,1033.2391047248352,1
18073,20385868.229873467,4.182181105674756,191813344,4660698.239200859,4131.921109626438,1127.9736750884451,1
394,312261.5099961215,7.062700193546147,892863021,39250.71067566592,49.525091985894946,792.5419035434556,0
3128,4301661.649462046,1.9427546556984048,160769100,2044978.877851476,1487.0286068917972,1375.211524764081,1
51,18295.503401518785,5.4058558788473885,306046055,3203.0492843555194,8.928724720882546,358.73536081409384,0
12193,15799954.765234929,4.236074169066789,655095542,3230301.8906675554,2492.859728913525,1295.8217637361543,1
408,99167.70743332493,3.281222271186045,902230817,23704.74948395424,97.52708860347462,243.05810645422778,0
13351,18995166.537963245,4.461663527153775,83605807,4179106.922274324,2937.3396862709023,1422.7523434921163,1
410,142095.23384368554,4.436845770110503,256217457,30277.715634181408,87.36298237610471,346.5737410821598,0
14636,13483879.71063638,1.438391481340508,486135949,7006332.826469855,7604.983836167221,921.281751205,1
162,120273.30289342196,1.3350934442434375,651574970,60540.19987992028,81.54355243106475,742.4277956384071,0
2909,4009330.3358408655,3.915041856897856,394430296,930352.9976739346,675.0246658500566,1378.2503732694622,1
84,50106.42420764492,7.817742947195601,100168660,6328.237380436207,10.608858012971867,596.505050091011,0
6489,7245169.318305336,4.986905604230932,302792539,1369675.3807354323,1226.7240633199037,1116.5309474965843,1
5097,5448290.459654905,1.511131818295373,229246012,3130521.6400798634,2928.6744011988185,1068.9210240641366,1
373,78491.98309143262,6.65775540967211,399001238,11122.954497421364,52.85714367421832,210.43427102260756,0
226,109204.38335152027,3.9224820540082828,922067441,22541.700412812803,46.65036454532365,483.2052360686738,0
120,22834.752800143993,8.938769309844115,64025914,2536.4069972030034,13.329193546708378,190.28960666786662,0
40,4466.562523972633,4.731851600156835,243506056,897.7369734305261,8.039623031019964,111.66406309931584,0
18004,26905808.33680673,1.5760814322067982,29119055,16761649.74483991,11216.044440236044,1494.435033148563,1
19297,27452077.62230231,1.5744109026188458,624877108,12482256.752983307,8774.203245244866,1422.6085724362497,1
66,33035.40661603659,9.559973638743514,816607927,3183.6502615752825,6.360476191686052,500.5364638793423,0
174,136599.45528129092,3.9454767399830506,162153242,33255.05361496667,42.360193289853626,785.0543406970743,0
2102,2705864.7782635135,2.8877517142258347,192295886,878513.9483120698,682.4569853549917,1287.2810553109007,1
14224,19445932.270291463,3.2799492781549726,336348670,5377303.681576551,3933.3042254599222,1367.1212226020432,1
6570,8768514.04707857,4.395154350956622,862159282,1667869.6876882557,1249.687665353369,1334.6292309099802,1
15603,20179262.75759125,1.9197006541822423,931673635,7077030.481108303,5472.098159542165,1293.2937741198007,1
384,119920.33975008182,8.955116334640977,202194006,13095.585416371056,41.93371041448416,312.29255143250475,0
17416,22775445.14013527,4.852163130942491,670477026,4124013.966672143,3153.564147775663,1307.731117371111,1
14227,17525442.659108024,3.026847055731193,158105832,5502575.164178427,4466.942055816288,1231.8438644203293,1
18022,26278826.01286241,4.634096122002049,676782487,4948112.722501181,3393.4121501953255,1458.1525919910337,1
366,151125.06545116138,5.063606551672061,779769737,25862.62769764317,62.63502159009094,412.91001489388356,0
11952,11562876.665516427,1.5943497104856088,866976364,4697823.984143566,4855.91897956789,967.4428267667693,1
16905,15337389.601897234,2.389335062924254,571666783,5179797.3793933205,5709.216298959528,907.269423359789,1
15599,19051225.46941043,4.141178666890693,929144993,3757398.293942667,3076.529438031237,1221.310691032145,1
357,266266.3443808043,6.020684642171759,883421707,38566.373534026825,51.708357598348265,745.8441019070148,0
70,7114.783110322006,4.956780884723619,784568268,1239.2179818826814,12.19225623419766,101.6397587188858,0
19261,24817129.624981135,1.7914185987106577,329939958,11698696.359686667,9079.558917124212,1288.465273089722,1
61,40734.03922302665,4.493629009411112,586926858,8017.634346728168,12.006560225285671,667.7711348037157,0
18697,25818050.87724573,4.95109332854849,166216063,5045239.38300186,3653.6778547881227,1380.8659612368685,1
7248,7469559.869523053,3.6133596976752433,316667404,1900638.2592982682,1844.2620909434472,1030.5684146692954,1
490,341279.6720507021,3.539607810843098,274094009,89487.77019613529,128.48408794061393,696.4891266340859,0
3522,5091901.091075783,1.7236099498316517,857540299,1972725.5681379312,1364.5079365659633,1445.7413660067525,1
71,40185.003893825844,8.95383998950944,267283714,4357.929161988354,7.6997123434075965,565.9859703355753,0
10767,11937337.178019058,2.5285767516795534,147122300,4461390.0694571445,4023.9951474518352,1108.6966822716688,1
2744,3583667.4393283105,4.727689742742347,647916545,666653.6289125041,510.45404985424034,1306.00125339953,1
350,184619.6697972634,7.390998027155918,62919610,24768.139223457536,46.955174049058094,527.484770849324,0
341,77560.1581712841,8.83569113858793,968079093,7911.258254644099,34.78253691638873,227.44914419731407,0
315,237185.6611574206,2.588511002662501,169433010,86000.89779503651,114.21551654194063,752.9703528807004,0
18212,22349595.275851734,2.5967230599555644,606091498,6978110.930692794,5686.248663620778,1227.1906037695878,1
16142,20365130.760452904,2.3040938091119396,530029743,7185689.11552115,5695.587966858841,1261.6237616437186,1
362,208855.68311677343,9.825329114243086,504472183,20218.75127186762,35.04423653305063,576.9494008750647,0
2535,2351050.181053417,2.299546425924875,839056784,749075.3127438786,807.6841290367117,927.4359688573636,1
45,5483.287992611845,3.180882082336525,311921665,1569.8815018717228,12.883632535700075,121.85084428026322,0
23,13625.710443415135,9.680637153559807,129988454,1388.8727374241582,2.344396873352991,592.4221931919624,0
271,38080.23403673735,3.6231064423603354,782242713,8644.089876599708,61.51612288670761,140.5174687702485,0
390,167994.5370837094,8.910540123358558,448229134,17950.494607142882,41.67214612042637,430.7552232915626,0
16628,20378314.40536161,3.6580537319290727,816984277,4553774.596930938,3715.722630025051,1225.5421220448407,1
4812,5247389.982215914,1.6795263490845915,421773945,2497210.892221324,2290.0106251097704,1090.4800461795332,1
10785,10040674.069828458,2.6470582009055095,61540230,3706962.96478019,3981.7641024012833,930.985078333654,1
62,38076.56291694137,1.787051408524783,277270706,18445.068552543595,30.034072475299087,614.1381115635705,0
7022,8844772.39900378,4.147186836258304,803624550,1786529.865297177,1418.3533671855446,1259.5802334098234,1
7311,9125142.563817203,2.4932199107352417,781673063,2786394.1316559566,2232.4393678310958,1248.1387722359736,1
309,186526.0974790816,8.427836287273088,763521048,20293.640065897802,33.618538451787785,603.6443284112673,0
121,22628.1994593725,3.44473117670887,910357367,5195.80698125185,27.78359126011116,187.00991288737603,0
481,254880.14529443558,8.95572216502568,178899047,27902.6507370538,52.65680851295356,529.8963519634835,0
88,43465.32751868955,7.4382457604482255,571181735,5426.770832670748,10.987052451627859,493.9241763487448,0
350,30265.644894928035,9.935083164372278,74277064,3023.734205223008,34.96726983687717,86.47327112836581,0
10302,14297432.121594217,4.268321549766773,407187259,3057941.4361889213,2203.396554548956,1387.8307242859848,1
13881,14605133.367035946,4.613774786163711,700180335,2748448.7606733018,2612.1786284412915,1052.1672334151679,1
198,114666.67774242311,6.905233396738179,592407164,15293.701640337587,26.408307839780726,579.124635062743,0
19788,24826761.840260036,2.358713750916902,186951157,9752564.747642133,7773.214745766507,1254.6372468293935,1
11017,12659839.43425585,3.728802423732778,552694998,2956871.9042068804,2573.1651604127965,1149.1185834851456,1
358,86030.67544258556,8.613899896485083,832003645,9107.723264878887,37.90002707816295,240.30914928096524,0
45,26976.952873212278,3.8978477855571154,55054334,6824.594198713624,11.384041051095345,599.4878416269395,0
308,62242.86826525766,8.954715372399633,161369411,6827.807084309018,33.786434343049024,202.08723462745994,0
298,190706.45426132192,9.153891156330236,845316010,19072.157530996756,29.80236283166915,639.9545445010802,0
10890,13962789.321839226,3.8273774297163934,756661731,3045957.6875990564,2375.6341554242113,1282.1661452561273,1
425,120534.58202928079,6.821742016154995,598408257,16244.223848856142,57.27646804372508,283.6107812453666,0
13767,13770605.55451793,3.1720500400573823,49383402,4274682.622566702,4273.563383388621,1000.2618983451682,1
87,25484.023010376313,7.76545337330635,95732560,3241.7529907803546,11.067032472975551,292.9198047169691,0
12108,10994949.75644273,3.9993571345816967,719675968,2329915.7936458625,2565.7798402337835,908.0731546450883,1
8306,12254714.479568448,4.021996274787149,65521303,2998082.392639583,2032.0401911266158,1475.4050661652357,1
14713,18392982.151478507,4.6641947048305745,426606385,3612983.855963352,2890.1148837637375,1250.1177293195478,1
14731,15560245.516256286,4.173239092863284,461937163,3356991.1169123924,3178.0884235774133,1056.2925474344095,1
7290,8268124.527071247,3.999505818391839,663668064,1773068.0295435076,1563.3129245999307,1134.1734605036004,1
54,5506.3369257577315,4.543483658789755,378355668,1118.755928456773,10.971508091716034,101.96920232884688,0
16560,19079431.439515308,2.513900202909486,379170457,6594872.259397991,5724.0219637491,1152.139579680876,1
14840,18068491.33662548,1.1006165192924526,854441356,9241921.461748365,7590.568129744045,1217.55332457045,1
12923,15713064.28119772,1.488450485463976,69720634,10084299.525846139,8293.697552580503,1215.899116396945,1
343,30929.072493326905,7.611598363890098,739900483,3703.415765284355,41.07047205397449,90.17222301261488,0
15829,16633499.496839978,3.5542909508225295,254806558,4366782.278036703,4155.5775254735,1050.8244043742484,1
432,157965.21395374226,5.276700210223138,998474421,25173.03871796029,68.84270564368275,365.6602174855145,0
275,25760.11239032526,3.533816000561914,863151801,5858.608375793568,62.543100702787285,93.67313596481912,0
15845,18352242.61947883,3.803715878597728,875477051,3922095.73223487,3386.2677257383784,1158.2355708096452,1
11202,11686075.709876038,4.4723923771361855,855737361,2193279.121233242,2102.4262828702313,1043.2133288587786,1
5352,5851946.675945913,3.3620392352425164,652897804,1457543.8216709816,1333.022148962451,1093.4130560437059,1
10972,13587227.491385285,3.431635790427764,654789988,3324966.1753584854,2684.986977598167,1238.354674752578,1
55,32952.604113474124,9.606444407269185,407948200,3290.524488679892,5.492095442720804,599.1382566086204,0
364,87859.30570551343,9.547247628272913,922224849,8391.951542567025,34.76774983554995,241.37171897119075,0
4912,6185357.430762396,4.569481482603448,832938666,1144923.4344280572,909.2221383910274,1259.2340046340382,1
24,14146.409114408438,4.659715500607472,240214792,2887.0633396052867,4.898028863024606,589.4337131003516,0
11161,14702955.678241113,3.3638202637618946,876601446,3467333.3655455466,2632.049537503831,1317.3511045821265,1
184,64803.27630680484,2.980089802557747,20691539,21595.467623497207,61.317363398588405,352.19171905872196,0
16772,16032577.390996577,4.495694717543643,806561740,3023727.260152922,3163.1815877442305,955.9132715833877,1
19938,22832259.543767978,2.790001090094618,415326437,7123221.995495623,6220.269171079767,1145.162982433944,1
6031,8268108.000730608,3.439483673025423,321249166,2198536.3902832437,1603.6767986855739,1370.93483679831,1
9795,13243523.947092853,4.6817641459344745,529370653,2541389.6316404575,1879.6289825400013,1352.0698261452633,1
278,137666.0001675417,1.388979435294615,561602587,70576.88351171972,142.52156372945953,495.2014394515889,0
414,292832.2467856884,3.020324511094555,349017799,86910.80330673512,122.87264453945666,707.3242675982812,0
9550,12888690.580221768,3.917775953306199,645641734,2824350.4021281046,2092.7297596633975,1349.601107876625,1
107,19777.7474714885,3.564714498195804,70338290,5440.841887004574,29.435611044621886,184.83876141578037,0
18757,26916287.89712653,1.3288063579277347,183220217,17801464.831008647,12405.205246406775,1434.999621321455,1
57,5078.495989856202,4.185745731809774,780685660,1022.5644107822038,11.47705374406252,89.09642087467022,0
15146,22412532.066742778,2.518978138195827,44562019,8742805.141488058,5908.23590474499,1479.7657511384377,1
298,24687.040588263506,2.910893363656435,711517862,6815.085049817845,82.26564612249344,82.84241808142116,0
44,5800.082504818777,3.7963379684612537,784519196,1266.1565939703153,9.605189251775057,131.82005692769948,0
91,25400.527575405948,7.058019720789588,585988390,3322.933100967393,11.904749273035526,279.1266766528126,0
9699,11410091.689289644,2.88382740956412,269941620,3617922.4230845543,3075.367888098163,1176.419392647659,1
12634,14029449.669086011,2.4760587973837818,922973163,4127483.893238226,3716.940631112367,1110.451928849613,1
10309,12001611.880215837,3.211477574103085,537765649,3201075.8347874335,2749.6215600191686,1164.1877854511433,1
6558,7793978.723346171,2.8377660474946054,749905543,2172433.7155039525,1827.9265073690588,1188.468850769468,1
11228,11302359.414190697,2.7857810888156265,159441492,3837523.006855635,3812.275538404506,1006.6226767180884,1
3925,5749970.446344267,2.098287002598966,735071343,2029383.4188942786,1385.2818885746212,1464.9606232724245,1
188,55286.72457115896,7.751393414154295,691298549,6548.4711289292545,22.267779142064168,294.0783221870157,0
177,93623.30219355908,6.201164282517065,569689414,13827.39996903478,26.141459841474497,528.9452101331021,0
8485,9795852.130376635,2.5743835810943927,36744440,3751578.6477106297,3249.553423444827,1154.4905280349599,1
18915,22887260.379678026,4.941430439098957,422170665,4267144.39337914,3526.5486065965697,1210.0058355632052,1
6904,8383186.04678732,2.964179287089509,489996966,2426971.1307548853,1998.7399293318847,1214.2505861511181,1
15220,22076250.722095996,1.6221603660019492,969280206,8518910.663284695,5873.181181323479,1450.4763943558473,1
5784,5214461.972725488,3.558990848150718,48132603,1445601.1953408495,1603.493775117353,901.5321529608383,1
414,56804.086796972086,1.002272090415059,6156393,56329.31609052151,410.5397723376302,137.20793912312098,0
65,39397.14498743528,9.126270759097483,729864106,3997.2205663447576,6.594877291115182,606.1099228836197,0
405,323045.4483284636,9.968698647322052,999318511,29453.404718951486,36.92554398428377,797.6430822925028,0
9208,8870855.611438312,4.583467756631472,995433185,1590072.2569281098,1650.5043011764335,963.3857093221451,1
9224,11202920.859261272,3.8975362733162076,82505967,2814774.3623874756,2317.5633430632056,1214.5404227299732,1
157,35341.49588302231,5.886519261146572,452005616,5575.6657216011545,24.76916996351319,225.10506931861343,0
14997,19124749.023553617,4.394674702474839,600015796,3829015.837796853,3002.588449590506,1275.2383159000879,1
6692,8646310.528540079,4.221082388829004,94495515,2003511.6318647903,1550.6613828156158,1292.0368392917032,1
118,93304.71179295395,1.4750501546412205,880559612,39609.57927509097,50.09318677102106,790.7178965504572,0
42,3909.95755804316,7.9672119283668446,880094533,441.93761967177295,4.7472075465453365,93.09422757245619,0
99,21679.618812471956,9.67054040532864,562256024,2118.6406826520174,9.67477469953883,218.98604861082782,0
478,195365.94909334686,9.987830964407987,595577111,18459.644350982428,45.16503536424142,408.71537467227375,0
3835,3561056.08276165,3.1035718743159992,311666245,1042696.2801278568,1122.9085252679454,928.5674270564929,1
11179,12233865.415911803,1.8553410226685223,211656857,5918663.747189576,5408.326786379065,1094.3613396468202,1
104,68944.59771646703,3.293360361682856,743537010,17078.61046953646,25.762359164618957,662.9288241967984,0
18813,23410280.007936716,2.3992349947487774,636029303,7712764.923074366,6198.142288285537,1244.3671933204016,1
486,191072.30741964158,6.099904698418562,980585793,26985.744511798734,68.63931257149827,393.15289592518843,0
246,188384.18088658302,5.402619653923326,712493043,30806.330189362507,40.22820382750576,765.789353197492,0
485,320654.22532763315,8.442039104430311,473079093,35967.467646144985,54.401970816247406,661.1427326342952,0
394,72387.99506772983,6.835815385944208,972732053,9270.353498360433,50.4575278668311,183.7258758064209,0
10376,14698896.441986922,2.993407565241842,926387379,3749914.6386673935,2647.077244497774,1416.624560715779,1
10144,9315133.315559233,1.5623165146523292,89197406,5640360.156261874,6142.243109881408,918.2899561868328,1
296,208622.1120235028,5.5123474111346775,49146601,37511.8828804469,53.22310863846202,704.8044325118337,0
7480,9054010.231310027,3.745643526492521,130208830,2336004.9347967203,1929.8980745409706,1210.429175308827,1
269,139442.05452621085,2.3108121642384796,985345706,42304.42230490681,81.61016874490227,518.3719499115645,0
149,108266.285445929,6.565180410807001,937850006,14429.674335773643,19.858642671397917,726.6193654089194,0
7136,9429429.841920426,3.7208516176755304,151251024,2435222.078162716,1842.926353034929,1321.38871103145,1
51,21826.488134630523,6.529434757810783,887487649,2942.795803632485,6.8761673916350965,427.97035558099066,0
3405,4759341.07499549,1.115459357832123,221567299,3559645.614151037,2546.69567177338,1397.7506828180587,1
293,35877.60167134883,1.7556013276381144,622600316,15086.021728781652,123.20233685137642,122.4491524619414,0
3683,4926407.761761932,2.1883638751212833,512647597,1823912.1946020087,1363.5632569555494,1337.6073205978637,1
9663,9427527.816184266,3.870147454050508,753000879,2039200.8079835211,2090.134104268298,975.6315653714441,1
13253,17360435.8358605,1.7819336254540117,994514241,6252750.518248584,4773.3653349401075,1309.924985728552,1
400,276059.1306466127,3.600490761683683,238573539,71907.92053090919,104.19205532159638,690.1478266165318,0
6533,8265174.010357937,3.0569678716894897,957777513,2058704.405484281,1627.2513880740855,1265.1422027181902,1
245,105767.3354063141,9.762468839206287,839873965,9975.845655957552,23.108100211851355,431.70340982169023,0
53,39111.44327166082,3.9552161709448486,883283298,8083.382776559447,10.953809200594565,737.951759842657,0
215,49885.82429848706,5.098225491956119,204717472,9407.196086693544,40.54352488068343,232.02708976040492,0
55,18530.46078657966,8.613386070933242,518131774,2029.2859414233703,6.023095057577702,336.9174688469029,0
112,74219.42523952012,9.290935900956569,138230949,7871.260146368284,11.878037771758793,662.6734396385725,0
11483,14007506.47005225,4.1980500158483665,335611643,3089667.3647257597,2532.8312662213293,1219.8472933947792,1
128,68144.91975875245,9.105645651354076,468932662,7117.276346646808,13.368734978278145,532.3821856152535,0
15068,15375364.14615687,1.733637854469403,186050126,8009303.752788657,7849.192240249149,1020.3984700130654,1
126,25960.11383215581,5.651726729835857,399337411,4290.1733030663,20.82278373975311,206.03264946155406,0
222,85237.89238066465,2.964223493030384,13418985,28625.966014914862,74.55562635136974,383.95447018317407,0
8122,9126298.555431347,4.178648617175847,959298889,1776253.755894056,1580.7868784640757,1123.6516320403039,1
3767,4355964.1129228985,1.61530630689421,641524367,1930124.4720351964,1669.154909836439,1156.3483177390226,1
12143,16382861.971165124,3.904323026712754,691976119,3564359.3795339474,2641.908112383527,1349.1609957312958,1
8950,12105909.195892395,3.113378773746217,314139089,3531975.5230080187,2611.219068258634,1352.6155526136754,1
276,134543.15132842242,3.1661641830100677,510245906,36596.33938297953,75.07323538934075,487.475185972545,0
470,59971.26120992804,9.051022025896446,947221787,5998.179513543452,47.0082555292121,127.59842810622987,0
145,19852.260154928033,4.459858597606447,698863031,3848.2906394565102,28.107738784728657,136.91213899950367,0
8762,9798380.444450472,2.2576401054951813,874391184,3128442.706595619,2797.545487296921,1118.281265059401,1
10173,12747443.435152225,2.9937673617399776,484558366,3664821.650683878,2924.6829642403413,1253.066296584314,1
13344,19659482.938300483,3.194805022424945,359111742,5531779.22879169,3754.730592898164,1473.2825942970985,1
427,248658.29400199905,1.677232159101396,369211071,121507.54555242596,208.65470085815343,582.3379250632296,0
275,50635.986649409155,3.5294893405643664,195732507,13592.74392812769,73.82110683684547,184.13086054330603,0
4634,4355956.898767299,3.0267087084283895,650512227,1184578.5105810722,1260.1908020683418,939.9993307654939,1
448,302968.7532874993,8.943450613559573,396109551,32439.295635908184,47.967997647256055,676.2695385881681,0
389,295374.00918169384,7.509609535085347,76749427,38934.884396836016,51.276244894833084,759.3162189760767,0
248,110004.06603204427,9.152745074132744,633742952,11240.402659084823,25.341062017116712,443.5647823872753,0
15423,18575020.922308475,2.328300968725344,898122146,5757155.915952986,4780.216187272424,1204.3714531743808,1
104,66939.08487573641,2.8579842291616204,793937623,18329.82401748665,28.478155943682374,643.6450468820809,0
7524,7124651.617559446,3.0439871677373698,522349595,1997750.6588836168,2109.7278525724237,946.9233941466568,1
10835,15653277.768185282,1.4268598874735021,135936206,10016199.703567207,6933.086181395495,1444.695686957571,1
8654,12312224.260840971,3.293507152006234,919293480,2922574.6329651503,2054.215415334944,1422.720621775014,1
17716,18094563.64663655,3.3698985902544596,257278088,4988608.290055605,4884.239608787306,1021.3684605236256,1
383,278941.5003116209,9.156406575608472,304098761,29484.841494906817,40.48409533874889,728.3067893253809,0
490,308227.7399092833,6.700888281537641,606943197,42177.72957881101,67.05135462401948,629.0362038964965,0
177,134850.96989226778,3.949542610138639,173348800,32707.86360287214,42.93103610847905,761.8698863969931,0
19752,26146451.287805937,3.795282324977128,611743078,5932902.331387272,4481.934682440611,1323.7369019747841,1
398,126431.56424156728,1.3092672629517497,435232581,72474.3912588531,228.14562086656633,317.6672468381087,0
19565,22672771.555379614,2.2483676636283283,552983255,8093513.527566642,6984.130360069254,1158.8434222018714,1
77,21548.11145860898,5.5868897461769045,917925350,3312.6401196666634,11.83738490049555,279.84560335855815,0
378,274744.430253128,1.6314574258989138,68486190,161619.7311978761,222.36031622738102,726.8371170717671,0
454,235972.64987825832,6.0480427942351955,392437375,36638.98400082799,70.49163852233588,519.7635459873532,0
9398,12761655.686384678,2.5558339425117493,316836764,4442435.9734154865,3271.5201149566783,1357.9118627776843,1
472,127376.8653612445,5.854763734781203,662925398,19543.25571015547,72.41830507472976,269.8662401721282,0
271,84711.24085069251,3.285697584809999,199946286,24302.896104818417,77.74747221580748,312.5876046151015,0
41,13005.937706851006,1.069280226592415,511481491,8227.639600647557,25.936862933678075,317.21799285002453,0
324,167913.82885774408,1.6190259192789305,416861748,82476.96155169977,159.14434043064998,518.2525582029139,0
219,108107.4399344563,3.569886440825801,143141548,29115.70832748932,58.98151068590679,493.64127823952646,0
19813,23414554.20730031,3.7289055068239643,547028706,5475892.0605180655,4633.6073040082765,1181.7773283854192,1
6806,8457169.775544962,4.5904560333695414,136588707,1789102.9681440704,1439.800207913398,1242.605021384802,1
462,203862.66018922962,9.475202875977542,210587609,21047.601690891035,47.6987397896488,441.2611692407567,0
13622,18519045.36043344,2.802493658280501,845855882,5076006.329977258,3733.743121267016,1359.495328177466,1
189,135758.1471015697,6.954238192380339,937621089,17202.302050908424,23.948729096819708,718.2970746114798,0
255,145168.63155893033,4.825613562544067,983673625,24989.060941967615,43.89523047625465,569.2887512114914,0
13394,14803200.085052157,1.2528973570025346,706088418,7556563.336981354,6837.211464683898,1105.2112949867221,1
10158,12052613.49413306,1.6552546543772615,537048279,5497695.282269183,4633.483742299935,1186.5144215527723,1
12218,14276083.889087105,1.9887078760424246,535305633,5656104.390068519,4840.703093001804,1168.4468725721972,1
87,33758.44213835311,7.563267758155732,850235670,4012.4120025173715,10.34051994426663,388.02807055578285,0
3782,5378693.334171842,1.7456674208407388,813602655,2101651.320408184,1477.7651001751292,1422.1822670999054,1
202,155364.5356950359,9.665529699185255,357176902,15501.255486882452,20.154236578781234,769.1313648269105,0
415,325312.4886213401,7.431251240894141,950146960,38813.62999632152,49.51441156389958,783.8855147502171,0
225,26691.218557173153,5.325204274198105,463339549,4611.041977466892,38.869879346562506,118.62763803188068,0
438,240789.61634022938,6.25664718940393,331902006,36546.68261537768,66.47897541776602,549.7479825119392,0
6059,6314531.160552985,3.8024974326492043,385420126,1507797.3890655364,1446.781106635324,1042.173817552894,1
14161,20709099.332045324,2.1791667360300373,710566458,7166439.924221622,4900.45241175051,1462.4037378748199,1
15054,21710122.956438553,4.303421683437808,427346738,4589132.466949262,3182.146885859335,1442.1497911809852,1
7587,8443956.99290822,4.445628726216725,876766393,1586495.7042405528,1425.4860509335028,1112.9507042188243,1
12804,11581533.690681389,3.5000901906078545,200391065,3129737.1586818006,3460.090489742737,904.5246556295992,1
18624,19510896.03180829,1.8367766705144821,546664416,8186019.844249982,7813.912458493166,1047.6211357285379,1
5860,5584737.912798539,3.193327994119183,410784095,1549546.1225134665,1625.920574915343,953.0269475765424,1
3967,5244735.260003928,3.1442254173083493,587358350,1405498.4658128254,1063.0874843957904,1322.09106629794,1
281,201734.23818831285,5.840454512140737,856141885,30124.89124690982,41.96161502580315,717.9154383925725,0
4019,4674280.264051143,1.1401266117624673,563256244,2744116.067763782,2359.422596278872,1163.0455994155618,1
478,357018.9439420761,3.7036887290811724,201755138,91415.71511278764,122.39325830004691,746.901556364176,0
17270,18563322.72926462,4.911646250362777,939920969,3172367.6808904754,2951.3460843197263,1074.8884035474591,1
23,13422.558117746823,4.261710270041926,589213594,2767.0106754804374,4.741364870821896,583.5894833802967,0
7983,7289064.711571252,2.190687917385215,168891061,3089137.841259946,3383.23068357864,913.0733698573533,1
18564,25647618.687949814,3.4088338569928136,693216452,6252390.086909279,4525.541766102343,1381.57825296002,1
18006,21011157.367385313,3.1854739641045495,381744792,5890066.969240142,5047.629885099279,1166.8975545587755,1
68,45982.626281152414,8.061609553929891,451909905,5401.130108761413,7.987296009369463,676.2150923698885,0
240,118787.67895884151,7.458556330173334,41960441,15837.265962177045,31.997795261573145,494.9486623285063,0
15742,20956102.543836035,1.7385088269492615,364129987,9966572.672781318,7486.782749164959,1331.2223697011839,1
20,14729.988677175963,2.6309045563408664,112454312,5369.326210713508,7.290333113471092,736.4994338587982,0
11991,11448965.87015082,3.58883653797964,875287853,2564661.0325834528,2686.081065355038,954.7965866191994,1
492,60296.63457608382,5.4183855773481895,942291680,9479.593467256333,77.35025376922177,122.55413531724355,0
18509,17048954.57676753,4.96034549831633,386450859,3188629.8705651024,3461.6990741891764,921.1170012841067,1
67,49853.177531967514,9.052316749217653,45384376,5479.755472927215,7.3644978086040505,744.07727659653,0
208,49052.084175627366,5.914821927667534,17948981,8267.988926382492,35.05950308920922,235.82732776743924,0
359,33465.05541956923,4.1859601259020005,312056381,7439.9583390186845,79.81295743337779,93.21742456704521,0
19540,27214387.170496784,3.280992499789598,170830242,7884062.770960099,5660.777352046033,1392.7526699333052,1
419,45531.95471490853,9.245684332664988,837126441,4515.799784107044,41.555872603934446,108.66814967758599,0
5005,6536279.8613708895,4.617855034209315,720480703,1224404.0433447552,937.55811668309,1305.950022251926,1
47,31399.081751596077,3.308324737312953,191207032,8972.366539698685,13.43036814585835,668.0655691828953,0
7970,8610359.730714334,3.7321995921182536,478665169,2044796.073770779,1892.722861487353,1080.3462648324132,1
348,80451.66698528788,5.272795555917738,360780329,14280.746124441821,61.772488222208715,231.1829511071491,0
139,22421.678590033815,2.242278236769729,153923675,9357.174151269312,58.008467198551195,161.30704021607062,0
13101,17501831.797490157,1.3072441105596821,698372530,8726409.346407369,6532.155614915555,1335.9157161659537,1
3753,5057440.608596226,1.362352008482663,561297202,2629086.7279940625,1950.9794091087608,1347.5727707423998,1
2146,2444322.3125633043,2.442678657237211,358497897,872605.5874150062,766.1066549888991,1139.0131931795454,1
5422,5776496.985736685,2.11221422385355,950198583,1886256.8014374578,1770.499387889769,1065.3812220097168,1
455,296798.0683215623,3.005261581602566,166523237,93574.46526032824,143.45235443823873,652.3034468605765,0
350,106661.43818358499,2.3264494083761367,272951955,41033.07772565439,134.64638625310846,304.74696623881425,0
363,38214.139612302366,7.931435707775373,534376294,4513.936714433116,42.878344088419986,105.27311187962084,0
6691,8283182.547002084,4.952988622760982,854280040,1426347.3980664716,1152.176761324292,1237.9588323123724,1
4661,6875592.138631649,1.2008638596832277,414275815,4256964.426299625,2885.8185289232943,1475.1324047697167,1
8107,10554783.159436863,4.727533127345703,233107842,2127705.5172225083,1634.2646142095816,1301.934520715044,1
4661,6859480.420220074,2.4850676964602836,305340434,2458235.5338423518,1670.3649724641384,1471.6756962497477,1
13137,17457834.933742248,4.988651257117827,500437594,3180461.349279679,2393.2933782488712,1328.9057573070145,1
15646,20924331.54080425,4.326181325371186,775520845,4101441.213547331,3066.819558943724,1337.3598070308224,1
18211,16822276.07132794,3.1945535667823086,923409617,4085096.27710582,4422.331911980178,923.7425770868123,1
349,65477.9923661795,9.084453980432981,299911013,6977.349283835388,37.18951684469053,187.616023971861,0
346,160508.29257786743,8.492302000287179,787413001,17296.683417066524,37.28562784007986,463.8967993579983,0
9500,12344902.800046498,1.0167886433222608,255458561,9703226.509837572,7467.102279906952,1299.4634526364734,1
11201,12587223.899708766,2.250298908311433,985681381,3889771.4986969633,3461.393147849921,1123.7589411399667,1
295,66042.95859515067,6.77812226207717,5397902,9735.79454291121,43.48774572267108,223.874435915765,0
10839,11033876.824973399,1.8517038019304048,77939633,5718091.034456504,5617.099928304072,1017.9792254796014,1
3495,3290930.454125997,1.7888235889240032,226229488,1633173.087008523,1734.445628268586,941.611002611158,1
17161,16656256.149312053,2.8290432183672825,664824847,4767282.518311439,4911.748148164834,970.5877366885411,1
8360,11489190.039964551,3.1321731515543325,286052209,3361156.39786294,2445.713526227031,1374.3050287038936,1
6043,5794785.789913369,1.6514889126573915,102459046,3303852.7519078446,3445.370183403722,958.9253334293181,1
9299,10879572.152385674,3.4728013714582335,525470976,2721068.303239021,2325.7545239286974,1169.97227146851,1
223,16125.844382605836,2.2947916852615946,6670326,7006.782777077478,96.89492979193598,72.31320350944321,0
429,302702.37622310716,4.43655186905014,832316733,57451.11504684788,81.42165470459337,705.5999445760074,0
175,41649.65718300401,4.1925247115277475,835612325,8283.317833311437,34.804142911914106,237.9980410457372,0
33,15700.491380334915,6.367418494321291,332087913,2343.529571548324,4.925736016005187,475.772466070755,0
98,71376.6201123903,8.183125432057865,635130218,8094.1881189305195,11.113309013598048,728.332858289697,0
126,73102.99190949918,6.505641152582245,399206304,10587.19868457219,18.248049763921557,580.1824754722157,0
266,39206.16564132098,6.970999542750694,966958883,4939.074197483372,33.5098756800108,147.39160015534202,0
100,24712.1802242824,9.580842850607318,664034333,2412.1499732396996,9.760975969532224,247.121802242824,0
3634,4592117.1981494725,1.901575577267319,41971410,2362750.7995606097,1869.7772803062019,1263.653604333922,1
108,83643.62509946921,5.423606383643591,775858942,13492.070800603411,17.420857175096483,774.4780101802704,0
8335,9175974.085628308,1.3866590686626843,281893505,5499361.680576767,4995.347543472136,1100.8967109332104,1
188,146142.9436602079,2.782694080527686,257189471,48075.17827015581,61.84447424162713,777.3560832989782,0
15403,19892968.77571384,2.9283794689293914,673343665,5523180.998649138,4276.564140896557,1291.4996283655028,1
122,57094.75335487259,2.595001449758227,297259123,19740.528876491833,42.181538257340954,467.9897815973163,0
123,85325.28180900555,2.768592599271269,99609966,29748.694475815606,42.88400041521018,693.7014781219964,0
321,105169.88094842399,4.350432323140096,781974011,20491.339559155265,62.543761951338496,327.63202787671025,0
317,194810.3003497365,2.0894389855510482,798731909,67451.09879656855,109.7580481120651,614.5435342262981,0
15750,16629269.933426822,2.566992350420847,8152629,6457605.325649185,6116.1604980944385,1055.8266624397982,1
4919,6041844.349075562,2.7336328694873613,845168641,1688231.1945410976,1374.4824868284272,1228.2667918429686,1
37,26401.35807542017,3.1555696963627433,262202308,7724.72770030276,10.825766011533233,713.5502182545991,0
426,283294.76651762467,3.3851060783530076,436205776,74135.4742337798,111.48004042505103,665.0111890085086,0
2635,2469632.886136156,2.4721551964676225,385936811,864084.4590319344,921.9437278839422,937.2420820251067,1
126,23354.774473984304,3.6583406443673736,196849791,6058.007993516603,32.68321036597328,185.3553529681294,0
5775,7684187.070267156,4.5588989639998765,814174197,1430128.8741129301,1074.8039021537033,1330.5951636826244,1
335,160758.27873203522,5.553336290429534,186595670,28007.00075197499,58.3630611494097,479.8754589015977,0
3394,4477045.524522028,3.4339643462544673,622956124,1103557.6263690495,836.5951526249944,1319.105929440786,1
2234,2167310.9521441627,1.0141959674590852,87667297,1966950.911289447,2027.4747984240048,970.1481433053548,1
153,84412.08174026167,8.23810410129004,996496352,9140.848287614645,16.568123415181457,551.7129525507298,0
157,31535.12189090122,3.4274530367428495,422722070,8190.568225240834,40.777366132009,200.860648986632,0
7125,9615878.293151053,4.620535499376743,763799524,1785898.9552846458,1323.2831852152494,1349.5969534247092,1
6734,8969896.482761644,1.7994411890967954,506391956,3890089.1427619327,2920.419465007438,1332.030959721064,1
260,147851.21757604243,8.131158679194375,413934404,17302.47010027559,30.426818932065434,568.6585291386248,0
284,136394.17296793946,4.957916534993292,492408558,25024.961014395645,52.106983556833775,480.26117242232203,0
461,251391.34299180168,2.6288161984539564,666121967,76296.22480553182,139.911578564172,545.31744683688,0
11605,12393649.955593815,2.877528202330381,978437759,3214149.211866427,3009.622002989896,1067.957772993866,1
280,133965.82565721186,7.448382420421319,970459508,15912.619193496701,33.25873111535008,478.44937734718525,0
10412,13913093.698009647,2.2709902581925103,129466595,5796019.07008068,4337.507664906562,1336.2556375345416,1
463,154117.845075445,2.957143092435055,312313786,47138.668838848374,141.61373500714825,332.8679159296868,0
18128,20221849.085603397,3.7267938803313383,987655631,4289334.10719523,3845.1997325305406,1115.5035903355802,1
9131,9684577.63026944,2.3420573843172825,227443447,3769050.2031495883,3553.6085019746397,1060.626177885165,1
15684,21379546.512892198,3.0039873464487825,526061843,6056444.362530432,4442.997578299768,1363.1437460400534,1
196,45866.9638740208,2.7089378760328096,15555848,16835.04111953992,71.93997118476742,234.0151218062286,0
215,137582.46864941897,1.3479563288956458,678665684,67887.5822792631,106.08786376143576,639.9184588345069,0
6752,8663999.216843747,1.5654365235445988,691808343,3838307.1970860823,2991.2572180686775,1283.1752394614555,1
19905,18700071.168839302,3.380315742015419,57629087,5439316.8299314305,5789.796227096676,939.4660220466868,1
108,29809.416334124267,5.48522140864994,571478616,4921.725727343937,17.831492324278038,276.01311420485433,0
17723,21567826.550044324,2.8863482658366104,553545610,6269910.447396826,5152.1938291452725,1216.939939628975,1
2168,2134797.2553596473,1.920217470987588,589523090,850604.7551463248,863.8343076970822,984.6850808854462,1
208,66575.91808845768,4.570677741364657,620961627,12823.679259029272,40.064416120166506,320.0765292714311,0
37,26082.820343353687,2.60823657057682,990998855,7246.766954449391,10.279961054248158,704.9410903609105,0
10577,9686450.66903666,1.0902466030293105,302067588,6957086.792224432,7596.704873187159,915.8032210491313,1
18272,23020979.27563619,4.694171027744904,142577069,4759598.559852464,3777.7448059155536,1259.9047326858686,1
473,170548.3279592783,3.289141910778742,456028050,45538.207810418244,126.2960039072961,360.5672895544996,0
43,19595.41774445792,9.615120503356245,832047095,1875.6679798590635,4.11594813571916,455.7073894059982,0
362,83261.31914527142,5.315828005387237,460930129,14413.15651587398,62.66490505204416,230.00364404771113,0
426,126808.54959690337,7.175762017170009,743771680,16012.12324435434,53.791045822840324,297.6726516359234,0
8227,10073856.543873461,1.026004587313662,424648359,6944360.172067841,5671.239300141433,1224.4872424788455,1
404,307245.0267737974,5.883886506764093,606570591,47337.96435995867,62.245230792631624,760.50749201435,0
477,80063.72025999665,3.681272748808957,987797880,17147.678119493405,102.16165869430829,167.84847014674352,0
10915,14483151.6634998,1.5572367330617864,548215558,6878879.053676348,5184.159264181441,1326.9034964269172,1
15805,17705858.8216903,1.0765054024949214,122738108,14764189.813612737,13179.141568568804,1120.2694604043213,1
14111,15988866.276530264,2.2502789340918286,397452984,6038702.848758625,5329.467044446681,1133.078185566598,1
9604,12044376.809971947,1.8099961984163802,353814876,5566279.308012387,4438.465129212067,1254.1000426876246,1
17808,25363831.868872967,3.3646200184909567,4131029,7529149.9761503395,5286.232122514184,1424.294242412004,1
2997,4369001.804842978,4.471329986937986,34162959,969705.6142950874,665.1880351298747,1457.7917266743336,1
17874,20164959.442184385,1.0185633019920277,254106622,15844610.658301925,14044.489983651067,1128.1727337017112,1
3154,4606812.536151532,3.418839175549568,559972368,1157836.3251760635,792.6990171508,1460.6254077842525,1
15165,15311006.25635232,4.682951742772225,403195302,3010334.959169077,2981.628306556194,1009.6278441379703,1
63,26195.49223701523,5.549875510867655,382984271,4415.322997700939,10.618825038229321,415.80146407960683,0
267,140532.23664156641,2.2602312052289704,52902020,60754.060816214136,115.42785218243124,526.3379649496869,0
197,71142.98060238682,7.027712266830752,821731050,9063.442811268189,25.097321179145684,361.1318812303899,0
69,24224.472780340613,9.393553154533004,857646637,2363.0865921029904,6.7309194438870135,351.0793156571103,0
309,177475.1525293464,4.689817532979101,180606779,36439.361575301686,63.4441642466337,574.3532444315417,0
373,286092.73579969374,7.5000993056847465,673503070,35002.037369811034,45.63471317244642,767.0046536184818,0
462,108109.08474579907,6.788453060470075,575109968,14681.626860232207,62.74136558806499,234.00234793463002,0
300,127449.43249760814,9.376335938732266,833345998,12483.193236321316,29.383873254725373,424.8314416586938,0
60,14538.523946910314,9.535273579193323,437257275,1457.8570033500623,6.016526885426558,242.30873244850525,0
446,56084.544132975025,6.058703238090839,918876953,8037.821507889694,63.91900741885629,125.7500989528588,0
452,313763.943334341,1.6309867534555766,198232452,171528.89188925634,247.0999641004901,694.1680162264181,0
18517,20910601.526786245,3.7044185730166337,861897932,4579314.969475616,4055.1284563075965,1129.2650821831962,1
301,27193.384359875847,3.2651146347427926,340666023,7541.608029174692,83.47706878776843,90.34346963413903,0
484,281391.8813232491,9.641695870089327,470554601,27826.83064741538,47.862738505513086,581.3881845521676,0
343,58820.07244342723,1.7961016661698288,552465623,25045.08715363184,146.04648612015865,171.4870916717995,0
394,222023.72940066198,9.089299837246795,664549987,22762.676625258264,40.39430656606661,563.5120035549796,0
20,2811.4479172612528,9.909414563166996,898206114,260.1356951027095,1.8505460727589678,140.57239586306264,0
11993,11203050.628923178,2.793108583322922,288440471,3635525.650064562,3891.8737909350275,934.1324630136894,1
269,89572.82463720937,6.1262466200478345,453621736,13613.163636454705,40.88227688518278,332.98447820523927,0
408,104586.64323392433,7.595073751279549,654206003,12678.275722152232,49.45886333753421,256.33981184785375,0
3493,4971221.617423192,4.726400505376179,2843408,1051166.2558496092,738.5958652122825,1423.19542439828,1
92,46022.85056224818,3.0638705527688854,389126688,13328.377451005488,26.64351969754664,500.2483756766107,0
35,23226.45847063166,2.643750781316186,274683683,7958.533506447546,11.992731181030923,663.6130991609045,0
44,25623.66828950238,3.9453163632969783,629227068,5601.360807768643,9.61844622546847,582.3560974886905,0
351,212700.77656343335,1.168572628543779,880475232,103804.68931896325,171.29907346666423,605.98511841434,0
16220,20754262.372591827,2.6867265874115773,507508440,6497412.430358914,5077.898107311079,1279.5476185321718,1
13308,12121458.467913456,4.025935396399666,466354430,2698280.595494919,2962.409041774952,910.8399810575185,1
17309,17873935.522061676,2.6929577659607458,467662611,5655198.470639887,5476.456497646308,1032.6382530511107,1
7353,10730656.36475404,1.1316550746446947,761872868,5667017.69912437,3883.2276167681202,1459.3575907458235,1
131,75776.04873331478,5.357478226528016,866437099,12174.98066249579,21.047844186229575,578.4431201016395,0
312,57739.03086295104,6.706792518527063,906280412,7584.195158754862,40.982137285055515,185.0609963556123,0
18820,22083835.363674,2.8474578360006784,892405521,5904984.555741883,5032.2694182852165,1173.4237706521785,1
7257,8658386.091269508,1.363103275718216,312044241,5168730.517675342,4332.155781848514,1193.1081839974518,1
17358,19214911.12035045,3.3006213165117333,450129708,5122950.309092248,4627.873161018369,1106.9772508555393,1
14128,13380564.583721071,1.574705745419081,943979131,5312520.31923294,5609.276544387071,947.0954546801438,1
15722,17002385.717250716,1.2452839313402713,957005912,7720321.5410841415,7138.933164289595,1081.4391118973867,1
180,87093.83201071953,8.516135470088837,263739277,9919.71235575968,20.501431419586368,483.85462228177516,0
6433,6558674.223363532,2.602218391927329,676332898,2000479.3713350473,1962.1471287528923,1019.535865593585,1
2849,3675514.4885177542,4.893228318001507,545973215,675745.2295556882,523.7901156473312,1290.1068755766073,1
222,97833.25921406868,8.903860068041592,298465171,10631.36290804017,24.124337516147275,440.6903568201292,0
260,152664.66369575492,5.886400486536663,495938880,23919.859933521126,40.73741383343071,587.1717834452112,0
168,94922.23623807056,4.429559321070094,366780290,19790.5577868146,35.0267107050241,565.0133109408962,0
13522,16283216.662493542,2.942965426467417,100173898,5350795.650916602,4443.437699772914,1204.2017942977031,1
16062,23795369.831982084,2.404304954972953,673319615,7731732.474501009,5218.960154110401,1481.469918564443,1
443,280313.7660380774,5.586416999421512,137259993,48974.42088525078,77.39779875533829,632.7624515532221,0
18877,21064829.56188674,1.070859638035877,270649043,15702343.085563222,14071.470626208462,1115.8992192555352,1
121,78587.22745566409,9.988509290839426,608796340,7415.774366926426,11.41799663188684,649.481218641852,0
7254,10631381.627142705,1.6086828644525184,395046746,5305796.536460692,3620.2489408547344,1465.5888650596505,1
401,202805.54503058607,7.621664049041043,832382892,23989.167134386924,47.432904358893985,505.74948885432934,0
14734,15411301.9965311,1.5620948967203434,378781890,7940381.430689799,7591.414406525637,1045.9686437173273,1
215,59828.52041165301,3.6014475965120125,102331012,16153.373820496528,58.04882600323023,278.27218796117677,0
16041,15352167.403817482,1.9716386872865992,588065007,5997634.584848384,6266.740965293914,957.0580016094684,1
3702,3624808.839261898,1.7467771898456483,387784892,1698151.0493841942,1734.3135772369137,979.1487950464337,1
395,211281.55321001864,2.4896776204441866,756055114,65095.17896155409,121.69825192573704,534.8900081266295,0
194,22434.685216064147,5.321560976736306,23953881,4196.917567929964,36.292107526225124,115.64270729929973,0
19077,25284161.36723031,3.6323702437586713,297842869,6433279.988087721,4853.935258134027,1325.3740822577088,1
15211,20049153.097915363,2.2144201883483694,829456285,6586717.060781577,4997.246154101442,1318.069364138805,1
495,376093.85337945743,4.191643849988067,974666797,72797.37496983814,95.81305380631389,759.7855623827423,0
8575,10508362.59219703,1.506484486763092,188620347,6199240.5324387625,5058.684176461054,1225.4650253290997,1
410,60329.59525672606,3.73954917296797,344830096,14770.811250339635,100.38245055131662,147.1453542846977,0
17148,16665575.794945983,2.4846121851206986,701464399,5230751.78983665,5382.168176830736,971.8670279301366,1
358,114062.7834692382,7.6604769700820645,409356553,14134.465493369295,44.362749116944755,318.6111270090453,0
379,28424.98188306433,8.020665420609616,78494621,3509.620965264342,46.79497602873372,74.99995219805892,0
4988,6609218.7024968155,4.662468368295597,338204040,1321666.0006627922,997.4658591363484,1325.023797613636,1
11971,17754709.75621389,3.4596689696642375,933415734,4041513.1858042306,2724.9645311903687,1483.1434095910022,1
438,141168.10037030274,3.3137646922335047,127854616,41017.93014485403,127.26567373449977,322.30159901895604,0
15945,23864717.736419566,3.2693597182757426,273912402,6735220.137301331,4500.077741350314,1496.6897294712803,1
16378,17122195.450352065,2.139167956266857,118624860,7583599.047260113,7253.98711608985,1045.4387257511335,1
2660,3943821.0680432483,4.409314705941769,548047719,795548.2633670007,536.5756569696929,1482.639499264379,1
128,65533.21004770316,1.2253270261369944,294476257,43119.53446530095,84.22142616760102,511.97820349768097,0
14289,15140474.703119993,3.212147413834246,972115501,3618432.926249273,3414.9383752493095,1059.589523627965,1
16905,17327263.805248026,3.62072725470747,889045193,3842159.223367532,3748.5261609138634,1024.978633850815,1
13765,19650217.846779425,3.685564019299953,697842655,4482864.426426426,3140.2516405116176,1427.5494258466708,1
198,100809.64188905362,9.765314909984752,528658335,9793.074014270273,19.23455552951491,509.1396055002708,0
9928,10304487.180873588,2.799583423952374,289250256,3336044.6850063065,3214.1581673484857,1037.9217547213525,1
119,45065.114704745,6.958086081526419,492552162,6048.490509373528,15.971786055160395,378.6984428970168,0
55,10488.573439200873,2.560249112247403,465243425,3466.732543569051,18.17885825956757,190.70133525819767,0
8681,12604169.923769258,2.504727161943807,776316810,3841512.0405418095,2645.8042239699294,1451.9260366051444,1
15973,16473652.88104266,1.214608656038763,884857743,7846590.394866568,7608.123667667751,1031.34369755479,1
229,110839.44093279105,8.747154008741532,392612609,12127.163150712908,25.055344362456673,484.01502590738454,0
30,12268.107804237035,1.0690371936080987,446365955,8095.606647977022,19.796712200020878,408.93692680790116,0
35,21432.250539197074,8.90371759668394,938520057,2177.5790519724956,3.556101897915413,612.3500154056306,0
183,43063.04541047175,5.169309439550524,170101047,8065.131069983013,34.273446565114234,235.31718803536475,0
257,32557.90348414012,7.3042972272112765,823465777,4005.7643741913657,31.620016462935666,126.68444935463081,0
494,85226.9540865375,2.497774941384425,181315922,31811.893822396356,184.39090915189894,172.52419855574394,0
304,85389.23561264647,8.982876641561724,60937762,9441.727992451686,33.614135190597864,280.88564346265287,0
8150,12017133.717988953,3.699043334866056,871317976,2629361.8601702587,1783.2288183919586,1474.4949347225709,1
3186,3235424.36881632,1.0312336007215266,887356668,1686355.0397200128,1660.5942664991342,1015.5129845625611,1
9332,12774264.62606975,2.964612697241802,52254957,4234280.747486145,3093.274571351826,1368.8667623306633,1
388,57467.66573089515,5.3331662587364645,700680441,9524.21706925453,64.30392075041388,148.11254054354418,0
239,151490.99362803143,3.8617844450195937,318348438,36240.71240496048,57.17521588149946,633.8535298243993,0
334,83515.42502052503,4.187986102308484,133799246,19324.288063777247,77.28287572882935,250.04618269618274,0
117,87005.58550553487,2.3356911104437343,614346908,29493.038720712444,39.66050582009865,743.6374829532895,0
349,172793.60309617608,5.649944462217462,493486075,28126.56577613708,56.808650783259644,495.1106105907624,0
11290,10758331.734845538,4.612826671663157,373058196,2157757.754219439,2264.392439790037,952.9080367445118,1
397,193789.37301639744,4.55356899788519,914558905,35439.802517082106,72.60254460955967,488.13444084734874,0
15580,19722519.378784902,4.739447177009449,733608726,3603566.2211928354,2846.6729147482456,1265.886994787221,1
15489,21456065.03118487,2.102383739082596,82722419,9819232.329660498,7088.442793823531,1385.2453374126717,1
226,170925.58533934425,2.032208044041848,260906704,74538.60976006638,98.55590532178445,756.3078997316118,0
306,88619.31313304052,3.373607682505292,634833969,22108.170914689817,76.33889341636984,289.6055984739886,0
10572,13143984.15781927,2.5820677724302286,557885458,4186044.566026327,3366.9291305181164,1243.282648299212,1
6887,8124694.60031844,1.2330572541642093,921095543,3771642.6666734274,3197.0805455705145,1179.7146217973632,1
164,54961.76908297006,1.9415786549439609,506901828,22447.297197519867,66.98031744276457,335.13273831079306,0
9826,10651427.067484222,4.028643321819365,674356208,2264815.6777284066,2089.3049080056794,1084.0043830128457,1
276,70392.45347025064,9.919793396094542,47087075,7062.636466284448,27.691713651070827,255.04512126902404,0
215,71499.15604511657,8.319278416105185,579448888,8034.762006037919,24.16075834808598,332.55421416333286,0
263,198369.20505090235,3.882327980616845,329006977,47103.63983090949,62.45050622827428,754.2555325129367,0
4859,4517793.811222482,1.1246494128020132,167885987,3495295.9987900555,3759.278083017523,929.7785164071787,1
10936,12475110.765452076,1.3109817755946755,772431614,5987823.073307158,5249.078293639832,1140.737999767015,1
12866,12728749.64937443,2.2200745954378727,856404048,4137441.2517131707,4182.054059579829,989.33232157426,1
426,75045.86928098804,5.851811305200227,782286088,11312.144641998782,64.21370907768683,176.16401239668556,0
14567,17147567.008267652,2.754948830041648,638658711,5052902.199470097,4292.482210694506,1177.1515760463824,1
263,159516.5765499107,2.2195954224535503,985060581,49776.50530291084,82.06809083925816,606.526907033881,0
4500,5963229.515719806,1.0174420133660744,141350802,5146070.493918243,3883.3516572834496,1325.1621146044013,1
6834,6225744.621502733,3.3911372384703355,194362057,1736367.5484103134,1906.0106938616857,910.9957011271192,1
458,285239.5739372356,7.2694574862473065,969339111,34621.509412253,55.590642953004085,622.793829557283,0
4332,5341975.207171671,3.4388459569674685,785111675,1264684.8459707308,1025.5784686889026,1233.142937943599,1
96,31103.9944902042,3.449969207557981,600670504,7678.785748693705,23.69996021272302,323.99994260629376,0
209,109892.96567791159,2.6106563542150094,20951549,41758.867475529485,79.41912613374765,525.8036635306775,0
455,112693.9109474142,7.711670228962625,260690148,14135.576619574396,57.07218169850842,247.6789251591521,0
201,145417.1379741242,9.0036101986476,235090200,15739.999318022152,21.756306766850372,723.4683481299711,0
19490,20731455.133187797,2.0793504192715107,980320228,6775714.618720568,6369.966655522347,1063.6970309485787,1
442,299630.1718627531,8.982405367382832,337577941,32149.21764862515,47.42497763943895,677.8963164315682,0
335,185266.60419294392,7.397880648251881,63452391,24830.228488436413,44.89814329928223,553.0346393819221,0
79,6840.378067165407,3.277759628992842,924445821,1627.8066716554895,18.79965197801896,86.58706414133427,0
129,70958.15088640052,5.4313095482679685,202357824,12595.374593057419,22.898050501705065,550.0631851658954,0
38,3998.2151364032925,4.22990459233776,406116541,862.4238374695951,8.19668394665868,105.21618780008664,0
471,76549.32558967374,1.7638907033452953,132082859,40374.679853121575,248.42118548181597,162.52510740907377,0
168,110735.97792299859,9.200652303766866,314434327,11637.936912201696,17.6561713538976,659.1427257321344,0
8323,10823555.251331761,4.357886169292396,597372325,2184256.434613579,1679.62983355695,1300.4391747364846,1
12633,12413213.069045577,3.2291102532600418,609995184,3233360.810716585,3290.610327445483,982.6021585566039,1
6087,8092616.244652137,1.8799886106821688,870469197,2942279.7259601825,2213.0861207900366,1329.4917438232524,1
404,316746.46836678527,4.20915738379654,852096789,62582.604538860876,79.82211250552041,784.0259117989734,0
289,209983.95459821724,8.819501254314467,553026599,22404.19637952415,30.834797668571245,726.5880781945233,0
184,139879.07172452682,6.467305550528064,763103056,19345.94285559951,25.448077697002258,760.21234632895,0
13870,18156344.053172827,2.131127222412117,694816389,6424878.394548059,4908.095102813886,1309.0370622330806,1
10679,12095781.803021928,2.679322554188881,77659066,4387327.689980482,3873.4389528749857,1132.6698944678274,1
18631,21103207.12741681,1.4441855491675932,408445611,11390938.24024193,10056.507955050587,1132.693206345167,1
14655,17003649.119922377,3.188156574482624,862605668,4197641.851599074,3617.8376124633446,1160.2626489199847,1
5612,5308202.266937391,2.25607505488946,344434482,2041216.227680778,2158.0386152756296,945.8664053701694,1
128,43638.21889861202,5.826776812788271,527255315,6867.7995359462775,20.144688825260094,340.92358514540643,0
18128,20859099.27312582,3.0232184920706695,684875929,5625288.060249285,4888.76440065562,1150.6564029747253,1
10914,15646821.81445725,4.409218105233135,702691133,3060856.7338072243,2135.0144322539422,1433.646858572224,1
4309,4817094.6483239895,1.38149523159211,464992698,2608787.5101290736,2333.619370559254,1117.914747812483,1
369,181225.2313298414,8.34054323812325,601290708,20267.12108743777,41.2667023591934,491.1252881567517,0
249,89854.14135120498,6.475671297455317,74488483,13717.854886428282,38.014339855186165,360.860005426526,0
423,279120.23054276494,9.954549875097477,368904809,27037.483001957586,40.97465557257692,659.8587010467256,0
11325,13621424.720520886,2.7277336934539065,502063060,4217424.7360779885,3506.4125901697,1202.7748097590186,1
19771,28974399.668110147,1.167743500300408,626674981,16146957.897531526,11018.054152937633,1465.4999579237342,1
13365,17856356.824276455,2.3407737406881948,234918996,6932642.45766986,5188.895324985312,1336.0536344389416,1
8440,11249501.80021468,3.4850470237021973,330533903,2948306.4351979587,2211.982962000673,1332.8793602150095,1
18029,24163215.933248684,1.5499734181201292,631920524,11074422.760333382,8263.004746454983,1340.2416070358136,1
434,323447.8883847209,3.7473988421104,452898448,77005.95125642151,103.32601957053205,745.2716322228592,0
429,248250.6923953356,1.1180991300547016,739029157,133674.49848553375,231.00181230902967,578.6729426464699,0
193,17301.449644876455,7.5856597622704465,756974285,2073.8593526749705,23.134180272853513,89.64481681283138,0
423,327952.2094322092,4.956953791335315,548893932,59564.34429565795,76.82740628790154,775.300731518225,0
17216,19964842.968485557,2.1712514204191375,815537029,6684384.684950909,5764.050682380307,1159.6679233553414,1
12309,17120188.402949065,4.526124192168025,190814536,3629512.569394396,2609.5314587180565,1390.8675280647547,1
14811,14285908.899537012,3.6407519899914336,163132415,3755610.680700794,3893.651442342753,964.5472216283176,1
16298,15772486.550895652,4.95342195886635,282138240,3012569.0378482994,3112.9429098206124,967.755954773325,1
11115,16098447.14557318,3.26194513333668,506804702,4271561.618293253,2949.253860201375,1448.3533194397824,1
19760,20633266.743239574,1.6575972207010419,320873575,10428896.29105113,9987.511588715837,1044.1936610951202,1
5468,5375439.403077903,3.5294733276584513,947277749,1200745.654835527,1221.4214966094205,983.0723121942032,1
11721,15182590.585232528,4.562561545122469,450642026,3028520.6594618917,2338.0259416386793,1295.3323594601593,1
16923,17203796.29954552,2.282375628321271,494285776,6195856.748241447,6094.729437900863,1016.5925840303444,1
69,38262.856056190925,3.5439008748161016,212847313,10185.10002354833,18.366948368746414,554.5341457418974,0
96,7152.62702039644,7.1973956860794575,979629509,874.7223898368992,11.74021086027327,74.50653146246292,0
15157,14966262.088438118,1.3971733851872146,343148978,8599706.815827504,8709.306000206521,987.415853298022,1
232,82569.07437412247,8.485490082519263,899143322,8798.327096544923,24.721264006783482,355.9011826470796,0
8054,7959107.816531273,3.935706894529946,427786203,1824022.093912949,1845.7689332794291,988.2180055290877,1
5733,8542287.73414334,1.7701392708950934,109484699,4544679.079943903,3050.078149577957,1490.0205362189672,1
14543,13668168.544674689,1.4188206274496862,61638403,9232385.539587012,9823.304597346809,939.8451863215766,1
18383,21424031.683527716,1.5908941135885266,805726238,8939268.027715549,7670.3846680661745,1165.4263005781274,1
4609,5972446.774929568,1.3876337387112443,423119026,3298322.6044567036,2545.35024870443,1295.822689288255,1
12298,12338744.707128463,1.2579614555801708,288744771,7977432.621067234,7951.089734209818,1003.3131165334577,1
405,273366.71623693226,8.454547406514227,424732913,30787.035255114886,45.6118047213715,674.9795462640303,0
179,112186.60862991452,5.314703634069261,239482308,20198.569115264156,32.22794516910105,626.740830334718,0
427,50969.27172328945,9.938539748746395,813611228,4740.379095635873,39.712984027425776,119.36597593276218,0
7951,7756027.132124465,1.9408199723909254,858891553,2770295.1042577457,2839.935446167011,975.4781954627675,1
3020,3646538.8781722863,3.5709341810812174,98274805,993821.5272024766,823.0656829458535,1207.46320469281,1
291,134935.35111930032,7.165406581377576,822903330,16891.60193035511,36.42823115632194,463.69536467113517,0
10998,16171308.208092483,1.1716490906407766,588730259,9186263.296824291,6247.517049233879,1470.386270966765,1
17425,24639279.92279873,1.3507868366492373,223227458,15653784.089863997,11070.42042707947,1414.0189338765413,1
11795,10899363.04949643,4.283327161499031,229343492,2415279.9719707645,2613.751568786524,924.0663882574338,1
7982,9627212.766389042,2.487591962299765,660276215,3058327.8028647457,2535.6843267963477,1206.1153553481636,1
399,28097.640358170436,1.533236071597548,557952983,13436.20286094978,190.80053958908468,70.42015127361012,0
169,76629.70885643178,6.725228773853179,440734938,10693.566411685704,23.583708597415594,453.4302299197147,0
428,195002.52620316567,4.777254311496375,594088137,36304.243878130255,79.68212864920055,455.6133789793591,0
266,74703.93323874757,5.313181375353975,850965553,12119.103276906464,43.15276762408883,280.8418542810059,0
411,151482.9138026452,5.212312236304543,61363179,28724.35291770747,77.93426171190812,368.5715664297937,0
492,305716.7254332372,1.5009953145057922,312399738,168588.04429337702,271.314294874767,621.3754581976366,0
9012,9495622.097321779,1.9486707251943858,955399020,3269763.790292916,3103.2312550044403,1053.6642362762736,1
17173,17832255.748310383,2.0278754155970833,366104289,7448791.530716685,7173.4108551644085,1038.3890845111735,1
11200,15081729.369337313,3.715456356342054,680660112,3430693.7675437015,2547.703201372177,1346.5829794051172,1
4623,6874165.278424265,4.839939632950701,872005761,1203471.8128966053,809.3564768486826,1486.9490111235702,1
11260,14878804.040335495,3.176049165452439,262720335,4326781.436899998,3274.42708751445,1321.3857939907189,1
430,63818.99050831369,7.908454175124085,130039164,7939.173152971442,53.49261134635151,148.41625699607835,0
127,70866.87723757746,8.00723663848579,799760544,8046.656058719797,14.420352064215608,558.0069073824997,0
10364,11426344.689017761,4.55580902276256,902028057,2093566.4663546276,1898.9207351808457,1102.5033470684834,1
14812,17809035.18066584,3.5110283090463863,668927997,4260579.268473389,3543.5777112249143,1202.3383189755496,1
16375,20929596.331662033,2.9263123277475933,468248563,6165627.014883993,4823.89343630059,1278.1432874297425,1
332,61426.18438782539,6.478051110398322,823323021,8412.962174294356,45.47089274227029,185.01862767417288,0
97,66105.00748402225,7.442089267116648,634606167,8184.6601773281045,12.009862299655842,681.4949225156934,0
322,244779.65053926414,6.721649488240601,889061800,32162.519542355527,42.30879188618361,760.1852501219383,0
14238,17240514.39491801,4.72522258254755,49482374,3610802.0394592346,2981.9643579181657,1210.8803480066026,1
9017,11174895.404070381,1.8720659941277544,44784601,5829820.765621848,4704.070323957113,1239.3141182289432,1
192,50701.77304003116,5.720670483902286,997366842,7547.110946309234,28.579775712129265,264.07173458349564,0
9316,9635956.892062213,4.68610742559016,892276751,1727374.1978008195,1670.017644015062,1034.3448789246686,1
6224,6756031.100992045,1.1613439501310086,806081779,3433944.672450794,3163.524756153858,1085.4805753521923,1
345,187696.19371064618,1.0860554156543043,702509534,104942.34148272015,192.8920725337271,544.0469382917281,0
454,216703.34125321213,6.304988985438241,640359327,31201.220083537617,65.36749196392978,477.3201349189694,0
167,20198.96911916474,8.570927309599478,459510782,2236.76513966191,18.493012000752316,120.95191089320204,0
11019,15236166.99562187,4.868656220544208,833719163,2671898.2828787584,1932.3526177877368,1382.7177598350004,1
305,24786.549606608078,9.185964316975912,733507211,2498.777231902174,30.747605771114692,81.26737575937075,0
292,170222.47496070652,9.665078579452631,498594668,16748.12548734486,28.729770516106004,582.9536813722826,0
386,281494.2167512666,7.17922835219159,684923026,35794.6081165083,49.083490568408045,729.2596288892918,0
239,142839.3853623994,4.36695163584855,373355796,30132.93703330485,50.41867082169364,597.6543320602485,0
394,180941.02651374196,7.754449460455869,34676404,23229.952842260573,50.5833397554841,459.24118404503037,0
338,41478.99899929562,1.0875786413997068,922302592,20637.53733803168,168.16914073488525,122.71893195057875,0
6166,6228008.066799843,4.111944474882029,746185825,1281976.3329425475,1269.2125610854303,1010.0564493674738,1
13170,15846836.161411569,3.8707692421653292,286925868,3811447.3864778946,3167.6204365731614,1203.2525559158366,1
17941,22164381.789567515,2.799838305474438,703143044,6327290.835531539,5121.637316936254,1235.4039233915341,1
296,58313.25945960746,7.763916766942956,967924246,6678.23192991849,33.89892229613981,197.0042549311063,0
69,29639.139293674612,9.542008483549651,550421467,2936.7693844692394,6.836807422799318,429.5527433865886,0
368,58947.23803403107,4.4241780083886395,532573236,11892.313155872635,74.24217634818766,160.18271204899747,0
9944,9597842.075818717,4.681314306508154,527323416,1842677.9874406387,1909.1364248714906,965.1892674797583,1
4815,6769970.301311178,4.03622163884239,800011237,1399843.736873809,995.6096250144507,1406.0166773231938,1
282,137158.37188201761,7.866490007550702,284288549,16827.64056591683,34.597921909356664,486.37720525538157,0
16387,20410766.89774132,3.5129617037690504,630722258,4925753.770330355,3954.6934928415603,1245.5462804504377,1
397,244033.46029876688,9.95196068985029,160398082,24132.199598977964,39.25889191205581,614.6938546568435,0
16372,17738120.35474045,4.241709476259273,102910871,4082777.99599457,3768.338471813305,1083.4424844087741,1
2287,2972452.913987293,3.719499256678507,53034883,787919.4207214261,606.2238048281511,1299.7170590237397,1
458,49523.11933594036,5.651636106771334,641371047,7869.547598759947,72.77919582937791,108.12908151952044,0
10143,13274207.571266018,1.519819616307684,526889794,6485633.722312584,4955.759693543985,1308.7062576423166,1
471,247006.04665307744,7.697795723745548,85289488,31736.263953569163,60.51584778863891,524.4289737857271,0
3628,4726814.143137557,4.92621775089215,196611372,922696.0395799777,708.2024234983213,1302.8704914932628,1
453,331067.1984990952,8.204586812161192,308882811,38887.45871582314,53.209798125971766,730.8326677684221,0
10181,10075399.483207026,4.997411719480132,652274604,1783355.5539771477,1802.0469486399093,989.6276871826958,1
15219,19125505.82644104,1.283858533142142,407549728,11307444.965135934,8997.827638445613,1256.6861046350639,1
9636,9776505.779284876,4.6098141568220825,81584887,2083921.1689227691,2053.9715146783915,1014.5813386555496,1
16633,17175893.119998217,1.1650671376088928,883404638,8384735.061771994,8119.711581115618,1032.6395190283301,1
9071,10945942.660014471,4.735245100039872,688737099,2018063.898135962,1672.387494488036,1206.6963576247902,1
267,160476.8845091908,9.876966890962057,128487295,16038.940514499036,26.68544526190613,601.0370206336734,0
203,104690.811133067,3.106711532820516,364540897,30159.377126739277,58.48033356954576,515.7182814436799,0
12117,14087120.222019494,4.753651781779036,452979591,2705611.212591089,2327.2244820997494,1162.5914188346533,1
3666,5173612.815287694,1.7631262803662544,27342850,2889529.189609313,2047.5080736243083,1411.2419026971343,1
13360,16486248.173677424,2.402378689104538,66557245,6677471.029501155,5411.238021794016,1234.0006118022025,1
107,78085.78801197195,7.135134311011753,969673359,9634.50228447663,13.202040610526273,729.7737197380557,0
231,37593.5903771526,2.051310851309104,563554394,14376.87484836667,88.34107241832012,162.74281548550908,0
128,69461.7373635101,4.244380495085053,30251750,16249.75749513348,29.94409639499951,542.6698231524226,0
193,31134.31348154951,8.802491463476821,965994604,3187.2199301392293,19.757411605732216,161.31768643289902,0
11768,14738129.089008696,2.111577591362999,560212044,5516201.161176493,4404.538382903472,1252.3903032808205,1
9972,14052004.155690553,2.259203304536147,195293648,5725003.708467066,4062.7469468626873,1409.1460244374803,1
17546,17752764.71177149,4.316274584864363,941303859,3376604.8193706195,3337.27783376705,1011.7841509045644,1
9983,11779815.01734059,2.4186510070598364,210178766,4481010.957065292,3797.5072035114126,1179.9874804508254,1
7442,8149996.011933137,4.174659924143205,384859399,1787468.2470508225,1632.189595562388,1095.1351803188843,1
19186,20479368.674372476,1.0462251240567424,619774454,12292541.33320973,11516.209399271855,1067.4121064511871,1
18141,23983815.158030923,3.187208103658049,589977488,6349652.2942900695,4802.782272617097,1322.0778985739994,1
4870,4882987.316011969,3.5308604972039666,776844014,1133547.4156390582,1130.5325115345195,1002.6668000024578,1
94,20089.704517955684,6.129502447741849,449093230,3053.798333575597,14.28876383420879,213.7202608293158,0
6271,5996934.623722724,2.0225746862358505,851806198,2086339.5858955553,2181.6872058927347,956.2963839455787,1
3262,4292905.317081126,1.879920819592726,192095919,2071848.7631508156,1574.3116062930494,1316.0347385288555,1
15899,21298481.884510644,2.9464401747575293,475030888,6224948.711781641,4646.831642991078,1339.6114148380807,1
305,182263.2754912,2.374591550083381,708863414,59110.08190949253,98.91501693804287,597.5845098072132,0
177,104140.07476240952,3.9098809337377674,191942041,25388.729695012564,43.151545322678324,588.3620043073985,0
2035,2418961.941020335,3.989209014994356,331480013,559855.5983426574,470.98969326765865,1188.6790864964792,1
349,228432.17095529154,5.604968776221609,574411370,36966.84223173528,56.4781566664735,654.5334411326405,0
14860,16655355.949755572,4.325505134857482,961138257,3150459.509980992,2810.8572677490324,1120.8180316120843,1
15887,16782951.798560824,3.7665179623951954,886948316,3606548.4940719563,3414.014209957663,1056.3952790684725,1
40,20862.17029066383,2.593519271043133,382994331,7008.928256314252,13.438540973756437,521.5542572665958,0
18303,22423698.99600936,2.618367332183531,399077954,7431352.309413665,6065.727217592621,1225.1379006725324,1
44,6636.3922443627,4.612943457989784,172260143,1386.8568190055719,9.195011052591143,150.82709646278863,0
9965,14799175.425796658,3.2906660138875705,929419282,3506842.7266667574,2361.3266797500014,1485.115446642916,1
307,121895.52647937728,9.003030418764043,437383422,12912.095649136489,32.519760804803184,397.053832180382,0
16834,24907708.575727265,4.051027283246314,846243413,5086038.759266188,3437.4248523576643,1479.6072576765632,1
6780,6819703.801778569,4.422197961742112,952016221,1268967.6238952794,1261.5797899853344,1005.8560179614408,1
321,46139.7904253117,3.550034253477793,465761786,11489.575160622857,79.93433850832281,143.73766487636044,0
340,206902.08693904147,1.485141547586298,739806847,92991.8587965778,152.81253301302698,608.5355498207102,0
256,176910.392501083,7.3582883849746255,73672006,23804.00098955358,34.445824053487485,691.0562207073555,0
15355,18930003.991406687,4.447639793217517,471430464,3848289.006165666,3121.5248404859317,1232.8234445722362,1
12228,14935962.497107355,3.7144076921906684,369176226,3657562.277727134,2994.4284836487245,1221.455879711102,1
7052,10438604.822139625,2.372920699870206,905728181,3183812.9673004365,2150.8860070823707,1480.233241936986,1
53,41120.87843617005,1.8240015454385596,262459063,19708.43747054664,25.401869455692,775.865630871133,0
143,65246.579885995576,9.851374487724419,70592340,6575.972387216672,14.41246503671256,456.26978941255646,0
13740,20000449.957253993,2.348347363524295,209811133,7818299.759154132,5371.051097368747,1455.6368236720518,1
294,19860.022985777945,7.738417873225413,162497264,2513.6357802663665,37.21087935938075,67.55109859108144,0
9556,9855145.70806897,1.6472419826420532,15283869,5927815.016130536,5747.880546074923,1031.3044901704657,1
7565,8321492.736610283,4.647840674578152,874739069,1506812.599000821,1369.830831106938,1099.9990398691716,1
4422,6042104.455927531,2.108900029687529,941138593,1980992.7687419106,1449.8177062766415,1366.3736897167641,1
423,258264.97079062962,3.959745692776095,254978779,61276.83375748549,100.36243242769955,610.5554865026705,0
6509,7280555.5670284135,4.599392024028406,724160709,1367612.181590381,1222.6797265699724,1118.5367286877267,1
18683,23019155.6326896,1.4853766277614486,192956274,13715488.511564346,11131.87972445262,1232.0909721505968,1
313,139846.18427863458,1.9343342181024243,94197718,68939.60198000721,154.2987785547962,446.79292101800183,0
8487,11397671.038510267,3.3470670553121096,134774732,3273460.350795827,2437.5030568381285,1342.9564084494245,1
2528,3715545.6888526427,2.3279078086449325,796023100,1189381.5188327373,809.2368473976817,1469.7569971727225,1
370,76325.90266308252,4.042381743973358,380522720,17256.963898902402,83.65543570154509,206.28622341373654,0
440,336567.1661835735,8.060153202040413,716260970,38349.052310657484,50.13437052705834,764.9253776899398,0
8999,10535166.625368366,3.983128632005087,497726964,2351150.667466501,2008.3218053317921,1170.70414772401,1
378,67335.20541489658,8.399303916133357,360097080,7687.192930728964,43.153635752816854,178.13546406057299,0
3705,4325348.643271727,3.973445001951697,293510938,1013684.8620285238,868.3005055922704,1167.4355312474295,1
14129,16390023.827862307,4.739585794070296,407271489,3184472.179124624,2745.1703482190815,1160.0271659609532,1
423,328316.74681900826,1.8228256674670285,493419113,141745.27216972687,182.62318541078795,776.1625220307524,0
2124,3025565.3095640116,1.5071660486439291,979251679,1216837.0889275174,854.2410136420048,1424.4657766308906,1
19198,19451868.532847382,3.5810717889893313,524256886,4738200.049938251,4676.361266019679,1013.2236968875602,1
171,57125.627164266196,9.87233595232164,915774402,5295.239415249593,15.85078335164588,334.0679951126678,0
40,19398.716541128462,6.582070472812806,631372223,2689.245254889022,5.54520243478455,484.96791352821157,0
8632,9962594.809894731,2.9697690434660062,692017597,2720692.3253799602,2357.3192125965797,1154.1467574020774,1
14015,20759294.488567367,1.8965287186403148,20351904,10829727.341065966,7311.357752000077,1481.219728046191,1
19526,24814079.907269526,4.59444723053689,882887176,4530320.419665325,3564.8727192367187,1270.8224883370647,1
4192,5079014.078749316,2.058064874341168,270189243,2181468.9560388178,1800.4907491744084,1211.5968699306575,1
300,91727.75656139081,3.495617706415811,726367797,21726.21305477676,71.05661536669987,305.75918853796935,0
449,32281.79237885546,1.361510325555231,651154697,16039.326970501668,223.0872971747482,71.89708770346428,0
4221,6033013.625008415,4.7661449841539705,273452172,1197122.1980791383,837.5669461686314,1429.2853885355166,1
14530,17959996.694841668,1.0366999766116436,647163036,10665948.809568547,8628.96796899423,1236.0630898032807,1
27,16230.40811558531,7.171089727003247,752261030,2048.4273148250654,3.40764921660642,601.1262265031596,0
15215,20839086.366748307,2.8058353840019623,689831972,5961404.28835947,4352.530847615199,1369.6409048142166,1
474,178889.27972693832,3.26887358602578,106279123,53001.83284997903,140.43809002550807,377.403543727718,0
16017,15853730.764033126,2.613722475130221,216805671,5600979.727302016,5658.661272066052,989.8065033422693,1
11514,11007161.860563252,1.9420578062266514,805193938,4006608.380063749,4191.09753017599,955.9807070143522,1
386,222817.04784173588,4.624773026416201,386990651,44458.80974910783,77.01879514777941,577.2462379319583,0
14232,13705333.811268555,2.2398925694673966,714086865,4639617.20631939,4817.907610980384,962.9942250750811,1
7151,8990258.970028223,1.3364066845264242,667465686,4486442.900386142,3568.5905475713544,1257.2030443334113,1
315,185940.92283421315,3.9896132491298193,430190513,42069.94989854748,71.27013255633945,590.288643918137,0
11145,12774410.587779561,1.40257757724785,275555929,7612273.1238123905,6641.307118001107,1146.201039728987,1
7453,9691551.684903868,2.9919605110190743,623133211,2680857.656849631,2061.6339639010544,1300.3557875894094,1
6438,8389418.749395259,4.04525509815698,138595793,2005190.66468817,1538.7737678719398,1303.1094671319136,1
236,34477.656587350706,5.324782088425675,852908088,5580.994773567457,38.20198055586956,146.09176520063858,0
61,14796.282084394788,8.020548308963514,776444582,1681.9704491967807,6.9341877111962535,242.56200138352114,0
6885,9242065.243431177,3.2548088776727666,815669989,2270510.5581313814,1691.4471799304142,1342.3478930183264,1
494,68305.93683975258,5.423087292112467,798645510,10978.60339109398,79.39910242244282,138.27112720597688,0
9926,12998562.353253698,4.978760519858101,200323501,2509818.7828009054,1916.5551205626903,1309.5468822540497,1
414,251388.19129094994,2.7481308220598417,594444977,75207.9253854639,123.8565779469967,607.2178533597825,0
13766,20003384.318524316,3.4673994051036887,625654287,4887154.145354802,3363.259081247173,1453.1007059802641,1
474,343948.57919217856,2.969816430965922,54344581,113733.55381252908,156.73768629530275,725.6299139075497,0
469,344877.12880632037,1.304394775472793,492367093,191943.70431483953,261.02512983461713,735.3456904185936,0
3307,3981223.0605690274,2.6424162685956496,748371999,1174129.0656853798,975.2894427539522,1203.8775508222036,1
311,166957.39374261405,1.5115515497183765,688715133,75880.52623527535,141.34650242295493,536.8404943492413,0
219,43641.21154819122,9.737626613365084,365046364,4319.768802372286,21.677431358083833,199.27493857621562,0
39,6220.733574401224,3.3309646596966944,74096006,1826.908294783179,11.453540429659387,159.50598908721088,0
98,30772.467577221563,4.4995286534266,456715351,6208.828207355725,19.773037790809468,314.0047711961384,0
19125,19825861.70959578,3.5986526538781103,673195556,4641050.134635163,4476.984916218664,1036.646363900433,1
13604,15402565.244521895,1.84754615779983,6429954,8307855.288151027,7337.742872422078,1132.2085595796748,1
362,210378.04927343424,1.7246350881937942,463718296,96135.31835989967,165.4211804248259,581.1548322470559,0
17858,21429387.590569567,2.0262506796128514,727871973,7780839.960137355,6484.097570258178,1199.9881056428248,1
12687,12356061.290159632,4.461502448408439,533027514,2473918.7437372683,2540.178974896395,973.9151328256982,1
17276,24466447.430491574,2.636027593973602,602447137,7554929.237671117,5334.610097391809,1416.2102008851339,1
42,14628.620321472563,2.121505088173,64886001,6690.76104175206,19.20973800523787,348.30048384458485,0
11244,14802649.809254266,4.690709278793454,494740773,2854650.9293122166,2168.3749506199792,1316.493223875335,1
16003,22538711.543562725,2.0375199808847224,604733773,8530108.628070116,6056.571961141847,1408.4053954610215,1
15218,14470473.726742141,1.818614118585308,466628730,6332138.282677557,6659.248494933825,950.878809747808,1
435,126318.05137863921,5.003226919329697,329779836,23686.085012436848,81.56749465304351,290.386325008366,0
8180,8218497.054934388,1.5715517367690688,558560080,3858246.778518941,3840.173992559385,1004.7062414345218,1
12093,11349277.245370409,1.3096890533313603,463306778,6401186.6496313885,6820.65901470239,938.4997308666509,1
8801,8784551.16681195,2.678002960845354,628943988,2656393.1332128397,2661.367157121446,998.1310267937679,1
61,48180.21639292182,1.9679163575925016,64521906,23705.623563571044,30.013211762790515,789.8396129987184,0
3986,4216777.103538632,3.473361269119765,700203709,1010353.7684558431,955.0588096500022,1057.8969150874643,1
462,283931.540506559,5.994049385576884,627367006,42880.7861816014,69.77359112888763,614.570433996881,0
8659,11646786.936675027,2.602620007092127,486411236,3770368.77264361,2803.1441958911114,1345.0498829743651,1
61,38575.91501735889,1.2289681101919543,911687058,18020.61144202921,28.495948766714246,632.3920494648999,0
10527,10339689.059401851,3.041582490080396,867136941,2645288.115894236,2693.2094220664662,982.206617213057,1
248,73158.26978300454,9.756712404484322,637996566,7038.029635147723,23.858291819828114,294.99302331856666,0
497,376820.1467005103,3.447411050886776,169047292,104195.90410648005,137.42727079313687,758.189429980906,0
484,119782.98143805524,7.062888977040189,966891334,14917.342293084277,60.27562165487214,247.4854988389571,0
498,271905.47714583826,6.670469819346656,22379444,40626.26639971212,74.40777169856396,545.9949340277876,0
11219,14513207.165876944,1.1941038063067722,66437008,11513476.597628776,8900.148152814734,1293.6275216932831,1
11570,12941053.304131793,2.642131705823507,869705807,3684980.656672587,3294.571561967784,1118.5007177296277,1
16272,19399227.013237536,2.360683801553958,613943814,6521564.888257404,5470.264551742791,1192.1845509610089,1
256,151988.09049811654,1.9707790459981824,666306093,57634.88188168857,97.07688091452873,593.7034785082677,0
493,198712.12885816128,7.89764521211598,621836413,23324.438927404357,57.86737053890747,403.06719849525615,0
336,195470.33581410424,6.719347139918394,413373613,27404.736927928436,47.10684907474103,581.7569518276912,0
224,24795.688094765148,7.757899988630409,631932720,2955.444876661063,26.69898289742737,110.69503613734442,0
9124,9776221.43612661,1.8895447047875535,234453611,4602744.438854087,4295.671956131909,1071.4841556473707,1
322,97822.16471996273,6.472634029291735,677089355,13681.950959792717,45.03670739310678,303.7955426085799,0
131,97630.58592275104,2.449989146672498,13821427,39625.84906729464,53.1696719706558,745.2716482652751,0
4700,4311531.341611692,2.1480007163158796,994507147,1372003.3581912168,1495.6207603696182,917.3470939599343,1
13084,14983742.873942152,4.980725303313303,327978074,2822486.360412421,2464.6319581377174,1145.1958784731085,1
15137,20374878.59210173,2.439631709974693,773308446,6341505.786907726,4711.2611082567655,1346.0314852415756,1
247,42753.93432473859,1.4064250631994675,140592909,27636.35270762455,159.66201068034692,173.09285151716028,0
197,132636.351990304,7.10460773719464,411741540,17646.379525328346,26.2095324119274,673.2809745700711,0
346,272519.16548334755,2.353584453519523,198865769,106767.6709535765,135.55602258071207,787.6276459056287,0
7895,8896815.346180858,3.9014657925977763,542735844,2001892.819829783,1776.4720518045522,1126.8923807702163,1
415,109581.67662566467,5.65092016429651,218923375,18668.58560914859,70.700351248159,264.0522328329269,0
16897,24757310.890518844,2.533442076540148,612859962,7868701.2840019595,5370.431634669136,1465.1897313439572,1
293,230424.74621780214,6.031027630673477,169521001,37161.99322117282,47.253883068234515,786.4325809481302,0
183,135955.48528915015,5.944107104515476,97863997,22501.843025208967,30.288128977329777,742.9261491210391,0
11558,17049334.844016556,3.795935842700138,69363515,4410870.482787379,2990.1953071176968,1475.1111649088557,1
13036,12741962.580563897,3.454203641343039,749876519,3030856.238365397,3100.7972024340056,977.4441991840977,1
356,79320.11898872098,5.098309601532072,232292554,14880.14236935746,66.7841999108009,222.80932300202522,0
151,100831.1440357117,8.056852305218632,596478231,11652.293138888152,17.44992859893511,667.7559207663027,0
15485,21298799.865837183,4.168423117659833,855030006,4239872.323187911,3082.540957149097,1375.4471983104413,1
8396,11166084.975049892,2.8251835325111956,899130788,2998158.5908455886,2254.3747056364386,1329.9291299487722,1
371,114380.6879417282,1.4799771085473008,929821574,47464.83130317799,153.95476920413572,308.30374108282535,0
361,129501.25972577318,3.446024510720775,465588307,33106.87068492408,92.28929774556472,358.72925131793124,0
245,18289.509770421908,8.001032282498386,804942724,2076.9431842499134,27.822018552085577,74.65106028743637,0
13030,19430741.026614487,3.7081627405908693,177387785,5000769.1055978965,3353.450151833645,1491.2310841607434,1
312,244838.28924459103,6.816348501690125,761127966,32311.32294353745,41.17465772811675,784.7381065531764,0
14195,17597929.686384298,4.8343107265794565,4609091,3636747.528333132,2933.505934202621,1239.727346698436,1
18046,24871275.93861425,4.461483206004232,104919963,5446579.072876252,3951.906858004214,1378.2154460054444,1
442,44270.098699165435,9.578643372197968,218496043,4518.675995412574,45.115209784025375,100.15859434200325,0
435,249782.8716531392,1.3187707595277738,856987070,114802.69920818903,199.93033879805105,574.2134980531936,0
5972,8497906.911289634,3.0292740027185956,463418735,2433053.1052784254,1709.8555322392522,1422.9582905709367,1
224,47613.88464606889,5.075844261266191,491020444,8553.088168467017,40.23808945600897,212.56198502709324,0
255,56986.321367718374,9.657746827966637,700322849,5501.635260712674,24.61848664399763,223.47577006948381,0
373,187472.49683337854,5.452014540046091,18703695,34268.35175542523,68.18117548268458,502.60723011629636,0
11507,14247912.394020073,1.745460923722069,972685243,5241775.651528796,4233.400006548137,1238.1952197810092,1
391,63662.61710567482,8.834882167952916,707342125,6671.674774265228,40.97577126632411,162.8199925976338,0
324,23667.30660602176,8.138029390207226,159232569,2852.423693789594,39.04902624418972,73.04724261117828,0
5405,8094745.135696726,4.392916530211395,462186731,1667265.287716457,1113.2615949040392,1497.640173116878,1
496,254631.18415466975,7.531579804267641,218557000,32855.056702283786,63.99887028147372,513.3693228924793,0
335,134938.223665436,2.2841270333306882,630821221,46291.807569812125,114.92485312639641,402.8006676580179,0
16860,15557907.119015077,4.5568059938436,648016264,2989133.2207491836,3239.303700446677,922.7702917565289,1
172,97294.57914400841,7.158153039423226,102024151,13401.130109103675,23.690881846090782,565.6661578140024,0
6115,6855149.951340928,4.660222919104617,905451747,1231683.5536739712,1098.6987861940288,1121.0384221326128,1
387,78007.5347919435,6.899191313287866,958342008,9927.738337501305,49.25209785003749,201.56985734352324,0
200,135561.42692781094,1.3946231683986687,726348623,63914.77127492363,94.29639791112477,677.8071346390547,0
2368,2195293.7024353757,4.685469610798075,678016286,409303.5284656822,441.503910994464,927.0665973122364,1
12010,15126814.237898104,4.527838705941765,582616927,2959973.694007115,2350.083996930545,1259.5182546126648,1
322,170639.9690078491,4.092927216964616,659840374,35903.28492650242,67.74999909781982,529.937791949842,0
368,288945.78158633655,7.589078203695672,486089373,35782.01676213041,45.57180968751911,785.1787543106972,0
474,282841.23655715404,8.462362628396379,357645708,32068.13710027801,53.741445803855534,596.7114695298609,0
9288,13037026.9548553,3.3222680943631504,53341860,3862124.8103633146,2751.50272856459,1403.6420063367034,1
19798,26554549.601201996,2.6565405725583267,220780515,9228914.255007943,6880.705836275101,1341.2743510052528,1
190,34335.84924281418,9.666148807445778,60946855,3529.9179153113,19.533065839328497,180.7149960148115,0
270,211495.5626133252,5.908104856013904,143547693,34948.39812767963,44.615912399662726,783.3168985678711,0
13945,19457798.965842035,4.891739250014809,760832105,3442291.6127506467,2467.018835176379,1395.3244149044126,1
235,112571.025922942,9.96535711477123,552124909,10703.22969590184,22.343751048859563,479.02564222528514,0
13526,19845046.205413837,1.1051777626735468,59118905,17044664.608606543,11617.31401931016,1467.1777469624308,1
322,87562.57670772339,4.220164259377228,378355911,19041.468442779587,70.02252639322131,271.93346803640804,0
16195,23341268.527384847,3.7070690867623894,808970822,5168525.743560462,3586.1064842622714,1441.2638794309878,1
228,121443.24935503218,8.357779946840546,327743872,13982.259664247167,26.25057564236078,532.6458305045271,0
8508,9436567.408103785,3.402514661728125,461433335,2442208.698485173,2201.8929880019914,1109.1405040084373,1
34,6140.382199459849,2.7194064458976577,146969911,2142.210734010421,11.861666357309389,180.59947645470146,0
83,41242.56816950357,7.096912160016704,712464380,5281.160148722365,10.628249204618639,496.8984116807659,0
2340,3181294.759523198,1.308106785484926,987278257,1385952.5529011935,1019.4368076332739,1359.5276750099138,1
312,93261.9039098432,7.632816361490365,378621334,11641.094576862313,38.94432083964463,298.91635868539487,0
15766,21099035.17006818,2.172472412947795,853046257,6973691.94235785,5211.007341188227,1338.2617766122148,1
2504,3438161.662215401,2.6598340088100785,271803629,1172778.5241506498,854.1301174828953,1373.0677564757991,1
6923,6831176.873775883,1.1562184736502243,918896176,3291951.5434616236,3336.20120756553,986.7365121733183,1
255,87921.52280055216,7.368889448063081,905766952,10625.398632852222,30.81698957289103,344.7902854923614,0
275,179076.62106595896,3.579731675634346,263910229,46590.34985804561,71.54672751080888,651.1877129671235,0
10255,14660979.77025775,4.606576711081237,837375400,2693076.550106885,1883.7417726592066,1429.6421033893466,1
228,89508.97272997344,3.881550615592222,623402287,19869.014097454503,50.610961963399255,392.58321372795365,0
154,78790.67478430933,9.024159529348694,312535760,8438.818269478472,16.494058682163836,511.62775833967095,0
146,78937.73306584585,8.07284463033795,649249419,9050.318950853047,16.739099483922914,540.6694045605881,0
15369,19093560.73717496,3.896305687161613,914423395,3968953.647374302,3194.7340491462933,1242.3424254782328,1
12846,12692827.580236336,2.914879598364728,179506626,4101888.600813608,4151.38869829905,988.0762556621778,1
23,11053.534155586047,8.801054001445113,229633564,1223.996963185962,2.5468714129815377,480.5884415472194,0
10762,13138250.169694321,1.375458638906029,741025089,6207583.831836412,5084.848920925807,1220.8000529357296,1
28,5508.330560090515,9.202944771475874,778959230,551.8316504823209,2.805076065233653,196.72609143180412,0
8722,12436220.902434144,3.120098547299801,536233012,3401283.6912459107,2385.451061683884,1425.845093147689,1
422,27855.341061512754,8.701561757275666,830033973,2922.42158078888,44.273803877306825,66.0079172073762,0
7922,11589869.103529908,2.8642631372749423,368469900,3585161.2149513215,2450.5580599002733,1462.9978671459112,1
306,121432.17700210575,6.386374957834055,106556937,18702.210183156294,47.128170286748514,396.8371797454436,0
6484,8598188.96960395,4.4928466387737185,579089148,1695247.994271887,1278.4073522595802,1326.0624567556988,1
15269,19668023.665684655,4.707640754613534,589369627,3713042.310423703,2882.5693929164768,1288.1016219585208,1
14199,20391030.87726203,2.722967899525181,69096314,7303209.854015819,5085.48475755604,1436.089222991903,1
2832,2618253.0625435878,4.231340546109049,432678857,561372.6779949184,607.2015905663216,924.5243864913799,1
308,241401.10103223106,3.176514954590189,498711756,65683.3224292347,83.80435392257463,783.7698085462048,0
2039,2780706.893276125,1.3663681365778748,928977074,1211454.7652621088,888.3195393021787,1363.7601242158535,1
253,67988.7006671795,5.52745233232157,580051440,11131.994870849796,41.424452514718666,268.7300421627648,0
192,69112.3572639141,3.534433741927444,421312086,17471.38473255359,48.536991088882885,359.96019408288595,0
431,134582.0929622017,4.344238894034631,297642600,28993.004913019795,92.85028076522121,312.25543610719654,0
437,40726.28875563006,8.208886678295888,182125919,4853.560673804092,52.07953091869137,93.1951687771855,0
44,6667.406052113867,3.687655933610944,625750385,1545.7403174252747,10.200754751564748,151.5319557298606,0
371,99013.42381443613,2.248641201040998,952825843,30927.516183161486,115.88437266301248,266.8825439742214,0
283,67167.9496962306,2.217709650106181,783195454,22382.563715301676,94.30488142153082,237.34257843191023,0
12112,13188396.946274856,3.242740327557857,659223700,3379938.116582061,3104.0778219528083,1088.8702894876863,1
9068,11493797.920209654,2.3727751937734474,711045475,3727129.1539728777,2940.50821171994,1267.5119012141215,1
159,54886.530924830186,4.351700296129971,462136441,11401.82642703287,33.02978656787526,345.1983077033345,0
144,103407.81593700552,5.251227581788905,942588678,16695.331537091773,23.248994474516063,718.1098328958717,0
10885,11555197.198870681,1.4776129290101618,23241693,7699078.264751778,7252.53454956299,1061.5707118852256,1
419,220739.11280213873,7.130386650974016,491554484,28961.009917704025,54.97287273413565,526.8236582389945,0
11081,15924365.945851821,1.8809877617254873,796024021,5948560.274784856,4139.316857514294,1437.0874420947407,1
12556,11706554.900188657,3.7682699370847788,505544363,2739135.1327446387,2937.8908671232925,932.3474753256337,1
68,42958.81147154121,3.6232032168760333,901665050,9493.9363839646,15.02806181072475,631.7472275226648,0
177,139923.069350663,2.928774359456485,622116926,39405.05583027873,49.84664011679135,790.5258155404689,0
5322,5012725.88441691,3.0492612450266483,688283942,1341181.34593169,1423.9292727411391,941.8876145090022,1
4739,5534205.3575694505,1.8762672874383979,264294717,2585398.2954450394,2213.9045681338876,1167.8002442644968,1
6231,7010604.743943391,1.7721446488572843,229049721,3503210.3075741488,3113.6405807719543,1125.1171150607272,1
351,132644.67131590462,4.781152710960563,922718730,23255.200031921922,61.537151324870976,377.90504648405874,0
80,55419.59519925948,1.0966508361818423,650596327,31718.234470237774,45.78630985115762,692.7449399907434,0
54,29616.237425274652,5.459851115687811,981456434,4597.8611014637945,8.383391040320253,548.4488412087899,0
34,17536.82577718333,4.0419642818073065,604796454,3773.9894034239674,7.3169250437193,515.7889934465685,0
15874,22782078.237239975,1.7430362248248406,507923843,10121049.485899976,7052.102001675866,1435.1819476653632,1
18439,26129703.018019762,3.8913835013731566,877208209,5479542.935323988,3866.7600666858293,1417.0889428938533,1
359,203111.32943722926,8.615869928910666,712129043,21774.37305137542,38.48628211485164,565.7697198808614,0
17369,16715276.99904423,3.2493453095671123,217066088,4822069.593579049,5010.657422887071,962.3626575533555,1
7492,7141709.291763693,3.8756392613008437,65693400,1812003.6813656222,1900.8798910993858,953.2446999150685,1
178,120432.95865247375,3.996463243799722,659411603,25866.880578900218,38.231268205662936,676.5896553509762,0
6596,8912690.667646686,2.333466552304785,668940103,2968515.491364019,2196.9042695618514,1351.2266021295763,1
238,70623.18942090988,6.052795101985108,959962060,10070.673743523512,33.93814936158849,296.73609000382305,0
184,109925.19085116361,6.154745957843512,830633903,15736.465738584719,26.34072930398681,597.4195154954544,0
12155,14921527.238934454,4.118567289665554,860305975,2996968.6806110693,2441.3154048853835,1227.6040509201525,1
276,199633.4981594432,3.2565877976082223,566645596,52215.880540590464,72.19020435985513,723.3097759400116,0
3858,3594835.3107368513,1.6485675155595816,336675740,1810778.2513148864,1943.3386761022107,931.7872759815582,1
329,201312.72333257296,9.52124770982196,741978768,19614.954787131923,32.056196042340446,611.8927760868479,0
14548,20049989.216188524,4.674169340396755,207859880,4106896.6020156452,2979.9084239847516,1378.1955743874432,1
14869,15920833.447306389,2.8280614770899266,255310218,5163449.308644594,4822.318380777101,1070.740026047911,1
382,74918.33757748452,6.427074451802942,748226939,10441.141562849514,53.23818181207477,196.12130255886,0
303,111366.16090039583,6.089043117110355,430231176,17082.60089901247,46.47756581130723,367.5450854798542,0
351,126766.9579062069,5.106791209947904,381500010,23097.70980181518,63.95433221988023,361.1594242342077,0
6961,7958616.639941246,2.103080842868947,975905463,2584817.160365764,2260.8090158541568,1143.315132874766,1
15335,18685015.189286776,2.2209161785993423,522981206,6809662.5238830205,5588.76585038153,1218.455506311495,1
419,151675.6870659122,9.563933023090657,244246387,15464.203979575273,42.71944695148344,361.9944798709122,0
97,36770.41674825476,2.3154881843065356,613145806,12555.483843307458,33.121243665497154,379.076461322214,0
383,127106.00869558478,3.18346315258107,33584406,39510.142881333995,119.05326017900967,331.86947440100465,0
15703,18567458.514364753,4.452103844480703,957458635,3432340.1540871295,2902.8225590450015,1182.4147305842675,1
14255,17970683.165919073,2.493316769700121,554910456,5895453.926270717,4676.4886422553,1260.6582368235056,1
465,86568.1972472144,3.1658033216293884,438722253,24016.530179874007,129.0044945922767,186.16816612304171,0
14405,14140281.477188814,1.8318093619912426,172217230,7055935.052807228,7188.028371263724,981.623150099883,1
11973,11111661.673014708,2.7130028010396128,262534721,3734337.6081502424,4023.8107942907013,928.0599409517002,1
11071,11694596.310725344,4.814227226880393,500187302,2200542.7403475596,2083.202192797777,1056.3270084658427,1
121,52301.25971053658,5.357057779014848,885807061,8377.765825603263,19.38212713247084,432.2418157895585,0
5111,5767189.473462422,4.293534870016235,273431932,1262805.210433391,1119.1235280588385,1128.3876880184744,1
472,171226.31295216375,2.5294824196748533,938047821,49379.90473555021,136.11993760381424,362.7676121867876,0
7402,9713297.32230697,4.931521166755811,22342974,1960751.6569529928,1494.1871213429517,1312.2530832622224,1
5865,7625058.384871441,1.5178523863812785,171717285,4513018.02703271,3471.2981058692717,1300.0952062866907,1
97,48977.739174552844,4.841572684320803,340292982,9451.757789261203,18.719126709602904,504.92514612941073,0
2789,3366608.6451648753,3.21265311868556,593736779,884462.3739706514,732.7152695775663,1207.102418488661,1
11507,10524021.682812763,1.0135359462959097,319867894,7892598.899728132,8629.793654596315,914.5756220398682,1
4553,5570954.997142434,3.6372567775152516,120079380,1482687.4050115705,1211.7627513559835,1223.5789583005567,1
7621,8089162.854461028,2.642558528084496,860683859,2309050.291319715,2175.4132765967206,1061.4306330482914,1
147,92327.73360579523,2.5525445228640367,712664043,28276.213216831235,45.020095052060164,628.0798204475866,0
44,18835.714516240838,7.584179298655003,803262293,2245.704403471642,5.24593817067857,428.0844208236554,0
312,140743.5827173655,3.6564827076883266,824214171,31411.09218675078,69.63202565296818,451.10122665822274,0
388,142015.7548901105,3.259461919953388,531275310,37463.887965628455,102.35476015961437,366.01998683018167,0
8151,7917762.360021654,3.107060684363649,484173921,2204746.620617925,2269.6929874272664,971.3853956596312,1
300,35916.48667405219,7.38223292403483,917190851,4327.587992565359,36.14708781378512,119.72162224684064,0
13693,17081676.696597867,2.3150486365699074,368861304,6364474.619059201,5101.885049500728,1247.4751111223154,1
17755,19905992.22186693,1.8481734487718384,302809789,9254368.826456854,8254.36464971808,1121.1485340392528,1
8836,11533722.622997608,3.859077433997038,196651406,2843810.096289877,2178.6466375317273,1305.3103919191499,1
11374,12929185.980869593,2.3068947325783933,430868983,4722535.3697618535,4154.485624628521,1136.7316670361872,1
14550,20775828.3966386,1.2246018160980716,759954207,10468753.794214208,7331.614643604837,1427.8919860232713,1
13928,18468717.96260074,4.309372633352967,87583937,4200341.228550766,3167.645569644989,1326.0136389001107,1
9754,10678433.734611448,3.3561515664612687,526940137,2749982.372317661,2511.9159538018594,1094.7748343870667,1
177,46684.66847113341,5.079086211250003,75741005,9056.49530288141,34.33674739708593,263.75518910244864,0
433,162661.24048967037,2.681926408454997,310466995,54358.24056484779,144.7002254115589,375.66106348653665,0
306,44562.119554397475,5.05170843379853,46946489,8739.975587510125,60.015828612312504,145.6278416810375,0
12322,15764823.782346537,3.0991920548797207,192979268,4788579.401316443,3742.818581270469,1279.404624439745,1
17316,25418243.44710195,4.449170118216846,308155160,5342969.412558077,3639.8604231011154,1467.9050269751647,1
305,74194.62722571829,5.562936733470256,91827203,13120.729363643622,53.93682272621679,243.2610728712075,0
15086,19084109.135546047,4.348839641157074,841939012,3676540.72938343,2906.3077060364676,1265.0211544177414,1
10121,13216760.274599424,3.783832755600279,540725014,3056210.826343304,2340.3549077656303,1305.8749406777417,1
281,92020.67372436215,9.372982898768095,569700068,9255.114945525997,28.261989338209794,327.47570720413574,0
16388,19345153.9669316,2.5863142452463093,740600115,5814743.59487251,4925.885738395355,1180.4463001544789,1
113,84717.67282627363,9.429124824130056,766779852,8308.990277695393,11.082881175276947,749.7139188165808,0
18333,22481283.331190605,4.416898556682818,950889727,4188183.688155131,3415.3731539169057,1226.2741139579232,1
27,11827.502444328788,3.0907789874396343,591937082,3211.624850060318,7.331545384140447,438.0556460862514,0
7378,8188709.1955259405,3.5006392266914657,959912236,1835806.4611555745,1654.0555717629063,1109.8819728281296,1
163,35970.453147933644,8.731345325916696,383252794,3946.466171594892,17.883399559199628,220.67762667443955,0
17468,19833404.350615133,1.2839567646055459,234402556,13062391.807694936,11504.523180345403,1135.413576288936,1
18722,18457862.04298768,3.1194523633467104,340897960,5334102.1336637335,5410.434855015732,985.8915737094155,1
17543,21975426.15306597,4.370108205150441,505125225,4507563.887538374,3598.3918003816802,1252.660671097644,1
26,18934.733279462467,9.402060804424599,695716804,1875.1386704798467,2.5748239868451988,728.258972287018,0
197,28577.80713054122,7.539136374950143,363758858,3616.118686654176,24.927573274492225,145.06501081493005,0
418,164695.37896515665,6.583085751854943,420018140,23517.483320032978,59.68781935195345,394.0080836487001,0
8672,8902744.033067035,2.7360000663819086,27389751,3221675.0518034673,3138.17469596672,1026.6079373924163,1
14785,21733629.87077731,2.4655335690263405,919177983,6421117.29070855,4368.171341262034,1469.978347702219,1
37,15957.220828927466,7.887189905746825,751078837,1847.270709460856,4.283265675320332,431.2762386196612,0
36,10478.937272414385,5.767524521278007,85457777,1790.3586135050107,6.1507105549578505,291.0815909003996,0
32,17566.347797217422,8.6573139982311,185403066,1986.5328348312216,3.6187972279968563,548.9483686630444,0
300,216325.1595744425,1.8848031421351372,799250726,80596.4299534509,111.77122917001589,721.0838652481417,0
13828,14698881.534559472,3.5145248622755716,456544162,3701492.329824445,3482.185757907493,1062.9795729360335,1
17126,25309244.88091399,1.4262515349642069,625084721,12337930.852305671,8348.704387301985,1477.8258134365287,1
12322,12426971.526172647,3.826243257291992,305171541,3007921.5312173935,2982.5134007590227,1008.5190331255192,1
294,74067.71092397731,1.9219790460938808,369274418,32326.28431759678,128.31404495716401,251.9309895373378,0
3955,4077404.4795499584,4.369865628850503,521632650,833569.6441271454,808.545720459585,1030.9492995069427,1
14095,15686055.602862574,1.6992315751007445,342001945,7684596.322956912,6905.138418119033,1112.880851568824,1
3011,4309485.228722534,4.6807703990682725,653517903,807883.8234243189,564.4614294342771,1431.2471699510243,1
238,44936.74761079275,9.551515066867843,612000470,4421.378355529252,23.41709412817467,188.8098639108939,0
16105,22304247.21864424,3.950444646928531,647185195,4851249.009922133,3502.891827682362,1384.926868590142,1
321,143491.58545595492,8.308940849776809,311961135,16644.61395215246,37.23508289119129,447.0142849095169,0
11074,12196646.39655658,3.3015268144397676,903037359,2900811.0932407207,2633.804490357041,1101.3767741156385,1
11139,14654147.763747232,3.1464836114198342,993928835,3539296.6167944213,2690.3116885448844,1315.571214987632,1
15199,17695903.249765977,2.8540062646687407,869188586,4752881.318201096,4082.246728846339,1164.2807585871424,1
292,190157.65888304496,6.451946529601364,410379376,27710.380051729844,42.55117055307085,651.2248591885101,0
395,311738.3683053556,8.894830096846043,778733214,32225.805350943752,40.83293687209595,789.2110590009003,0
178,16323.019677848322,2.7468508536064467,132366483,5669.255832241981,61.82235628304373,91.70235774072091,0
5620,5505080.317077521,1.345273093944658,730932139,2651510.6646127314,2706.8614946265297,979.5516578429753,1
261,181367.05725628787,3.897196872236396,448406727,41735.75732682048,60.06070135938367,694.8929396792638,0
262,195685.43948433464,7.869641973030527,649414425,22970.318582416483,30.754579821841574,746.8909903982238,0
16315,22025086.690409787,1.3600317617837545,195606606,14158230.56729303,10487.655960326578,1349.989990218191,1
4184,5593729.034496631,2.3582802912210097,851450243,1742741.0104550128,1303.536217570813,1336.9333256445102,1
143,80944.71156449518,3.1297919309371123,247206028,23969.42863121303,42.34530246651624,566.0469340174488,0
74,7608.002407110245,1.8056412981539696,27460944,4150.342644374562,40.3687248306712,102.81084333932763,0
238,106490.33430604279,1.421325615108048,200005518,65680.80519239996,146.79296236282124,447.43837943715454,0
13651,19149664.37508603,3.9199932439598815,914572598,3960989.4664963256,2823.6247982230457,1402.8030455707299,1
494,311916.54314621654,5.33880410072032,591763397,52594.72103911062,83.29725615464137,631.4100063688594,0
4400,5054218.560355983,3.8382708655922437,141144338,1270090.7801210356,1105.690101406883,1148.6860364445415,1
9740,10764565.046102984,1.2790139412813568,642463592,5602233.104292434,5069.015812725507,1105.1914831727909,1
153,77006.87640015593,3.5453963037553926,849103832,17523.466610820535,34.81624650665759,503.312917648078,0
10653,15109251.207711194,2.2793436931678683,388551070,5663361.020196468,3993.0360623934757,1418.309509782333,1
367,29302.091211323095,4.468817602779799,643887017,5731.2310001169435,71.78196811530381,79.84221038507656,0
12903,13953971.719514057,1.429885615874725,278178172,8169467.568231992,7554.167526761212,1081.4517336676786,1
6993,9281257.03518103,1.293513558975104,929871933,4174380.497075294,3145.203575916067,1327.2210832519706,1
5213,4881921.260203804,4.578724697330672,120920128,1038785.1511439075,1109.2327598678073,936.4897871098799,1
449,195200.22087118315,7.384401372789003,426635214,24990.309378569556,57.48276749329336,434.74436719639897,0
58,41712.837778548695,3.8232787426291233,235492810,10277.207583050258,14.290038068890507,719.1868582508396,0
151,97180.14730757591,1.3919192005903782,753548218,45295.55959019201,70.38093363319891,643.5771344872577,0
429,98503.80379570789,6.913109411987809,616960712,13081.392626333445,56.971580999408836,229.61259626039134,0
40,23410.26023155811,7.988187380288375,322674191,2816.8271160277523,4.812978733539304,585.2565057889527,0
357,272375.83788755035,7.957287088351455,381196015,32664.91453080661,42.81354241234983,762.9575290967797,0
11408,11003094.12009349,3.5586570671593676,263472394,2878786.3498364915,2984.723598697677,964.5068478342821,1
10693,14056490.562009277,1.611983146712698,211672324,7707865.212345124,5863.497887471638,1314.5506931646196,1
113,41456.18628088547,1.308984722846307,155881244,28300.327278499084,77.14016337158573,366.8689051405794,0
372,288061.12040105386,3.5736461152790273,185727174,76624.77179974278,98.95266348273229,774.3578505404673,0
443,92364.91858675076,1.7579210866361832,67516956,50598.76940734901,242.6814768033689,208.49868755474213,0
4819,4539782.221321748,3.0117357483329954,492399451,1295549.9611390238,1375.2323257725006,942.0589793155732,1
194,28537.451620220047,6.192507183795643,843543698,4055.890456115792,27.572284973369896,147.1002660836085,0
37,23634.766615656103,2.7360436931323964,583673686,7119.511668138754,11.145527095945107,638.7774760988136,0
4173,5677010.111718826,2.152580994446113,323745251,2292513.0007238225,1685.1576029911314,1360.4145966256472,1
302,85204.6780292335,5.12572448612978,508612999,15122.395180286385,53.599913174715304,282.13469546103806,0
19847,23364895.888794195,3.807493417817245,335528983,5639577.49400179,4790.46408150847,1177.250762774938,1
188,143891.41416402062,5.4909473900679995,915103411,22461.79723395753,29.34725400064844,765.3798625745778,0
18958,24971190.667942297,4.566337245900102,303477210,5127749.916157083,3892.961461197178,1317.1848648561186,1
460,133229.56877740374,9.479109823817536,214090718,13744.641741665891,47.45594584735034,289.62949734218205,0
7877,7387547.913727086,2.3340652975538374,321212728,2782212.5753427246,2966.5443408160686,937.8631349152071,1
472,298767.5451382511,9.79692098201918,307880630,29566.888753449777,46.710466778346095,632.9820871573116,0
404,171591.1595164993,9.99300440821509,807613323,15887.161622300559,37.405267925777174,424.730592862622,0
101,75181.16652833564,1.7438955561083898,981508046,27585.333221903355,37.05873138270814,744.3679854290657,0
19772,18718869.320008468,4.571485009312408,240038279,3890424.7570573264,4109.3015278608,946.7362593570942,1
13051,13235592.43415318,4.893106181413567,896799114,2285977.362123291,2254.095591224654,1014.1439302852793,1
8377,12121608.31075066,3.781672663943699,580082021,2779066.955001648,1920.557345628925,1447.0106614242163,1
256,84848.50435047601,7.072675546942794,95581755,11836.699043640598,35.71300376321829,331.4394701190469,0
76,30222.29185430086,4.567091012479331,415432478,6065.659682698938,15.25331494075678,397.66173492501133,0
304,28455.468712589984,7.830638338984846,642482893,3358.321913909903,35.87816008727015,93.60351550194073,0
15953,14579251.28558085,3.356642726988858,282577566,4006146.9523206702,4383.631304412723,913.8877506162382,1
41,22772.053688363445,5.900626401482924,695914630,3452.1203733412103,6.215378605896895,555.4159436186206,0
51,11903.20313773251,4.303280580594272,832058792,2317.9000011676435,9.931183958780082,233.3961399555394,0
488,43885.76133977802,2.2943779258231793,220594134,17449.80075160895,194.03794093613504,89.92983881102055,0
66,36451.44122390895,1.233111767310755,523472791,20751.315985017543,37.572913690798835,552.2945639986204,0
16583,15974061.925467722,4.425705955434578,202289952,3451615.395728077,3583.192451263942,963.2793780056517,1
166,58033.59844597923,9.12889455661421,649682379,5934.769325648716,16.975885253345737,349.5999906384291,0
4018,5422247.260889985,4.470835791131508,734415698,1041687.8554689549,771.9127516488929,1349.4891142085576,1
30,6699.618156230106,5.782737163672489,203359859,1119.196386369138,5.01161272301038,223.3206052076702,0
2683,3667582.1726740818,2.706941346688378,138823642,1288786.0337211054,942.8044869005865,1366.9706197070748,1
333,171531.96139881646,4.954980531659388,522196340,31317.586672502042,60.79774449553479,515.110995191641,0
7909,10996488.188942803,4.449366447855505,651056487,2155995.3614423806,1550.6557203229386,1390.376556953193,1
16837,20563213.621455055,3.6122236319802683,586302331,4897722.153624252,4010.216954344729,1221.3110186764302,1
426,296141.7818946728,3.9461098725911494,524110109,66247.69767801512,95.29732356669564,695.1685021001708,0
12515,17851192.18305324,1.0572299591769387,371785388,12491952.74096866,8757.778581401344,1426.3837141872345,1
267,172674.26415170624,4.447394315650753,806326293,32867.04357049014,50.82112656701977,646.7200904558287,0
488,116913.47803182126,4.667737807707549,110586439,24467.46432337219,102.1278537839392,239.57679924553537,0
424,146852.90830948524,2.093007402659228,359476824,59879.24681151901,172.88592333887198,346.3511988431256,0
11075,12182396.881773032,1.8859925813719451,816613747,4507647.582218062,4097.896124838722,1099.9906890991451,1
441,335897.8925528587,3.2903447868867843,316134436,93137.34304117001,122.27992253536517,761.6732257434437,0
10281,12915998.961466666,3.418904478531896,731198602,3112211.6031419863,2477.287865023907,1256.2979244690853,1
405,200211.4430156159,1.5826398946883256,342221165,104013.4517802725,210.4047967314471,494.3492420138664,0
16742,19133346.698526666,2.8569006647567954,312013695,6037823.849551773,5283.1973664586185,1142.8351868669613,1
337,216451.93435259172,2.4986683948047523,101645775,83240.68563178435,129.59972449225396,642.2906063875125,0
488,333797.86365151283,1.9825273157885999,117199566,158972.03895735976,232.41117891690246,684.0120156793296,0
14665,18828948.741096534,2.112938490656567,974300850,6098959.83545356,4750.198601991505,1283.9378616499512,1
79,56989.06393387614,7.649282036450228,26332840,7424.690380014493,10.29233504697873,721.3805561250144,0
6755,9204393.148685865,4.445994491416089,274517590,1949871.7490676716,1430.9888172076433,1362.6044631659313,1
43,12951.77812863013,4.301845358341495,672901668,2603.5048737252205,8.643655601443287,301.2041425262821,0
290,200794.10598651462,4.93296918164335,348576350,38018.05830954138,54.9081700162427,692.393468919016,0
4397,5684940.2211231,3.0812668887762618,172351815,1747266.8861059113,1351.4183437956915,1292.9134003009099,1
130,43273.77063544067,6.5904768664795546,925181945,5757.814680110747,17.29721948013867,332.875158734159,0
19139,20940523.734263763,4.667322302853787,10605564,4476452.8933080025,4091.3414111432703,1094.1284149779906,1
342,111445.80184169476,4.458962995873312,15480079,24907.18956008848,76.43409342282968,325.86491766577416,0
466,72295.48036568778,7.773721168141612,500079877,8737.879962455683,56.32235987516716,155.14051580619696,0
337,194329.2383591161,5.507015418465413,933085291,30174.875693092567,52.32837422941078,576.644624211027,0
6195,8397145.678286694,2.1430756008796075,410381037,3288540.5429323018,2426.1230475189636,1355.471457350556,1
7178,9264652.018292526,2.7560088699600227,66393534,3282541.144839442,2543.223457409467,1290.7010334762504,1
373,118653.17824660843,5.241341897935601,34954428,22487.967111204405,70.69352761074485,318.1050355136955,0
308,239454.49370104296,4.4935381856596575,993187985,43642.50852931737,56.13547868436266,777.4496548735161,0
124,13218.852836853448,9.308533921633598,529746887,1343.6141022985666,12.603828088661954,106.60365191010845,0
18110,17524364.888543136,3.3941904719203912,845109073,4133787.835195831,4271.932145417689,967.6623350934918,1
15043,14237978.884698886,4.763428547469614,426814992,2743219.8077845597,2898.322571109492,946.4853343547754,1
253,178842.1676241793,9.369672182024589,491025334,18136.867836534228,25.657414152381257,706.8860380402344,0
384,77257.8983909431,4.807949331486968,867231527,13613.292742099578,67.66304186160798,201.19244372641433,0
2778,2720403.28379296,2.2948969239476336,427047466,999433.8215871108,1020.5939585905519,979.2668408182002,1
313,96006.66987526482,9.422314826344538,542496997,9634.56928010926,31.410527920530896,306.73057468135727,0
19984,21248847.49301029,1.4462759695393084,29313209,14400246.221678456,13543.064892751683,1063.2930090577606,1
18735,23227908.21664619,2.72770048538369,789522815,6604047.06579542,5326.645026477625,1239.8136224524255,1
114,29310.337352023795,3.7751989530605634,850272811,6336.723873175939,24.64613466798526,257.1082223861736,0
2563,2370505.614508522,2.1805041760243085,66167806,1055118.6971106643,1140.798487944231,924.8948944629427,1
12096,13154826.046305778,4.68133424668907,334111746,2622862.6657492365,2411.749626579996,1087.5352220821576,1
16093,22807062.094931033,1.0912306427504923,157237517,18268036.64699711,12890.19657755325,1417.2038833611527,1
258,95063.2186659894,8.420322396294054,381614643,10800.261151790039,29.311729775869026,368.46208785267214,0
280,89134.37272115318,5.37308408789938,834931728,14357.948717345516,45.10297787626292,318.33704543268993,0
113,42440.98659498633,8.052467039199094,724493036,4835.49956150662,12.87461706921764,375.58395216802063,0
18278,18903393.812621664,2.44573926050601,960179867,5550159.327025391,5366.539637535109,1034.2156588588284,1
6069,7734409.850895841,3.884827122132268,894579786,1618278.1670536504,1269.822828785191,1274.4125639966783,1
11190,12229119.593991311,2.447911797409141,670039691,3922164.8057875726,3588.894837395121,1092.8614471842102,1
17979,22091672.26971749,4.955214100930605,758671463,3866313.3908689166,3146.5453409662223,1228.7486662059896,1
52,4736.8753919295195,4.722655762988687,298143567,943.4504509345113,10.35691661473297,91.09375753710614,0
12980,14862515.308217851,4.4592054758442705,938713977,2753378.4892596905,2404.6301752725453,1145.0319960106203,1
13833,15618392.98374409,2.5468613090886563,250497196,5583264.696081241,4945.022232522747,1129.0676631059127,1
4447,6068736.040470484,1.2125983686917916,213523985,4255410.501602752,3118.245772172413,1364.6809175782514,1
5949,8511483.249860907,3.706633217979938,103639185,2233825.393482168,1561.3056944032153,1430.7418473459247,1
471,41104.33359576741,8.736108299300025,13742977,4697.71797231608,53.82948636804348,87.27034733708581,0
413,263602.01639013673,6.625206990383428,891408562,35069.242873084244,54.9449412600386,638.2615408962149,0
131,71556.76231069742,4.474611401065532,195459047,15322.416033432246,28.05096870739149,546.234826799217,0
17092,24647916.188069377,2.4379509354084794,684197311,7894537.428330884,5474.435757386456,1442.073261646933,1
19903,25132718.342101775,2.034098954179818,811716900,8831463.323667927,6993.776484436717,1262.760304582313,1
3605,5252380.480200552,2.5369221521573957,223466493,1902768.4704524875,1305.975521354329,1456.9710069904445,1
324,159931.97028508695,6.989613244382478,456749602,21477.86423848303,43.51117541329625,493.61719223792267,0
18534,17657595.912184574,4.163424710747416,463558651,3816222.0461315964,4005.6335955788904,952.7137105959088,1
16133,17597938.538453918,2.526079441223962,381577583,6052274.526136972,5548.4535712412,1090.8038516366403,1
8223,11613899.625043998,4.120285594016199,344559873,2601187.3671420533,1841.7210765180928,1412.3677033982729,1
4538,6216922.025712585,3.382016861144411,563887942,1575537.7627859768,1150.0530870343755,1369.9695957938707,1
3195,4208597.8307124935,1.1011656359585325,863234888,2142433.673470826,1626.4503908610466,1317.2450174374003,1
17025,21917977.283034097,1.2580504429521353,795495449,10673234.70536054,8290.537877298542,1287.3995467274067,1
56,24962.124598286413,3.2911958639253345,949668876,5886.093079857553,13.204854064972123,445.75222496940023,0
355,218146.93447491576,6.868975064643429,464356344,29747.31705399226,48.40910361443359,614.4984069715937,0
2440,3623548.9406532072,4.644295027625917,480666514,707039.245313755,476.1011336732683,1485.0610412513145,1
14334,17444394.130834676,4.080488830679071,386800518,3904917.002072586,3208.657170200629,1216.994148935027,1
491,361050.5144653919,2.1241355016445063,137515463,159640.24516141156,217.09804371921595,735.3370966708593,0
304,84815.71189201478,5.464313284656379,450474239,14339.604178982197,51.39660533605686,278.9990522763644,0
5745,5536243.43765101,1.8237945788687884,588150858,2295343.565001295,2381.8946781226596,963.6629134292446,1
15489,20515471.39551015,2.333672005784066,598193188,6997412.923010786,5282.985054305595,1324.5187807805635,1
137,45329.20685569475,1.5640492123176928,6106023,28869.251801413888,87.25251931684353,330.87012303426826,0
190,16523.391746137208,7.987307156191502,14996983,2064.8292615139994,23.74316155636598,86.96521971651163,0
417,150257.84266428073,9.2660650473441,694087686,15085.897444248527,41.866827865398925,360.33055794791545,0
6444,6750450.585096915,3.2478165700394745,799861235,1667734.170119077,1592.0239481455358,1047.5559567189503,1
12472,16572660.674350554,3.734323333298839,504129902,3910072.791727304,2942.582897017771,1328.7893420742907,1
17958,20918244.12778904,3.165315437079215,183180203,6247057.298630431,5363.005340384785,1164.842639925885,1
2339,2893177.968771559,2.4478162865929156,240996975,1076005.5412169357,869.9004997521926,1236.929443681727,1
12334,11429596.729403239,1.0521011212516975,900789761,5852655.07319325,6315.765059939656,926.6739686560109,1
135,105991.1080094278,5.476929881707147,598196493,17446.733034345667,22.221759955817827,785.1193185883541,0
7870,9499372.647860354,2.344521921932582,53231418,3961780.592547292,3282.239198224318,1207.0359145947082,1
192,133760.97670218805,4.106863907517991,66032228,32054.710291892756,46.01120990426151,696.6717536572295,0
102,43144.95811068272,2.732963098192295,779783657,12282.399249791884,29.037106033684548,422.9897853988502,0
330,118548.66821490717,5.220420156476537,680415246,20090.14997523116,55.92428486676673,359.2383885300217,0
395,70940.54624102666,9.73586469743011,564685332,6887.063898368497,38.34746677327229,179.59631959753585,0
382,78235.12923501032,7.204067782085914,654054615,9955.957069849515,48.612121407228265,204.80400323301131,0
11573,14898434.219719924,1.5846187290968543,490462500,7179687.238655341,5577.131072134926,1287.3441821239026,1
8721,12604382.441936105,4.744346943650905,191094779,2553850.931739113,1767.015090052732,1445.290957681012,1
2356,2483622.4159706864,2.174987206502244,459934238,942579.3019950395,894.1443035866541,1054.1691069485087,1
11274,12012010.209384654,2.9943921295880616,881044603,3099524.2699686377,2909.0914851475573,1065.4612568196428,1
352,41943.477148561346,4.504721882941936,554967363,8289.733837350112,69.56948992120759,119.15760553568563,0
28,16446.34496041993,9.54237748013246,432358820,1648.7999748125203,2.80709175235321,587.3694628721404,0
46,12591.591105737283,8.60058926440557,60939451,1453.737731463226,5.31084078936129,273.7302414290714,0
96,67991.3535325359,4.160240322360907,347640652,15082.774793576975,21.296036995211516,708.2432659639155,0
7781,7558903.789909884,2.4038132989095184,829638249,2337719.825984974,2406.406864216212,971.456598112053,1
58,16300.242685701096,1.7335993243054886,43701301,9171.348084626568,32.63375884427586,281.0386669948465,0
131,70384.58048343158,5.6958079381490325,534219996,11297.634814384744,21.027193037440764,537.286873919325,0
54,35652.27019471818,8.074388887605682,595288909,4112.29471626692,6.228605176208724,660.2272258281143,0
5346,7930145.030100807,3.965201713106503,816844904,1658316.1280220097,1117.931385460799,1483.3791676208018,1
315,61974.1096237821,2.94566799140801,122270581,20200.57056590247,102.67480673602863,196.7432051548638,0
84,37530.290160595316,8.919520685858156,744559348,3883.482962590101,8.69198099619473,446.78916857851567,0
10032,10059236.95779129,1.3108479027555622,561418442,5372759.589450718,5358.212002315167,1002.7150077543151,1
45,11588.842188263683,2.3599014325713874,605339674,3908.229304720346,15.175831705649072,257.52982640585964,0
18455,21046841.47987382,1.1586452198970818,979962755,9841374.26163235,8629.445048659807,1140.4411530682103,1
376,168091.0209432421,9.607663783989251,38674548,17425.370659643726,38.97852087077501,447.05058761500555,0
325,150726.6909457524,6.688657995103322,353345735,21403.94931934251,46.15163701357931,463.7744336792382,0
247,194417.40019543815,7.645441447243181,825638186,22950.722766491665,29.158030699026163,787.1149805483326,0
160,88136.83269105855,1.4912227953057435,991349676,35502.21945573325,64.44927664723753,550.855204319116,0
4214,4624705.115061179,1.6195064151768368,674111361,2016336.4458963873,1837.2721225696948,1097.4620586286612,1
18557,27628518.789040335,3.4013546334763376,106361455,7876498.009575644,5290.336940599057,1488.8461922207434,1
249,180868.98464125756,2.7562984286219785,221821053,60732.615248448856,83.6098086515947,726.3814644227211,0
218,96372.0953211397,3.6776596152825523,415408540,23545.196821792713,53.26077937858112,442.07383174834723,0
13602,15546414.442345496,2.2377081247971633,234601622,6288214.679607044,5501.737805152113,1142.9506280212834,1
4243,4562094.092341888,3.4635005248193593,561824873,1133347.9014673727,1054.0762747524864,1075.2048296822738,1
6501,8784941.913836163,1.1530565799572052,996362977,4087122.9097182117,3024.537475225659,1351.321629570245,1
394,300932.6397284323,2.5925767236986834,21598409,115115.71507367658,150.71675767692855,763.788425706681,0
11045,12159718.45493306,4.749526186261729,144746835,2484478.9822939467,2256.7192210198014,1100.92516567977,1
7425,7631962.074470263,3.0901793252452276,504382077,2123197.0247338666,2065.6205776210168,1027.873680063335,1
219,168203.22767764842,7.397185697206466,618643944,20983.8825432338,27.320939915464347,768.0512679344677,0
449,88829.1339952821,6.007998874827298,658460937,13324.783543686246,67.352089815858,197.83771491154144,0
388,184050.0988562105,8.347720817165477,181165992,21579.615602170146,45.49245507432927,474.3559248871405,0
37,6659.172661634159,2.6324918832815243,329938485,2247.87483038701,12.489745040476116,179.97763950362594,0
15283,19135630.08707146,1.1675441218204083,545818069,11168467.58355789,8919.888673790594,1252.0859835811987,1
477,294088.99985919084,4.169044064185323,473622018,63344.852861087486,102.74268955726275,616.5387837718886,0
18607,23872136.67033038,4.961427030902496,587479993,4302133.116936121,3353.2729814805703,1282.9653716520868,1
173,89278.29929560899,3.9378803367091435,496338419,20133.941109842952,39.01476438826098,516.05953350063,0
452,149656.14082135435,2.641121252899505,874755334,42565.81171790488,128.55968883668885,331.0976566844123,0
17862,17887776.32236136,3.3487668018684684,19744813,5310290.8250057595,5302.638685037595,1001.443081534059,1
140,60413.89069536241,8.154762716583663,132347819,7290.103159111229,16.893704916672718,431.52779068116007,0
482,47813.97264292885,1.9322978916882625,138276835,23092.12607815604,232.7856096123248,99.1991133670723,0
4319,5648478.519889881,3.3570242916106983,789840081,1362108.3335150955,1041.509828130919,1307.8209122227092,1
14446,18224636.84195913,4.649960538328193,108259233,3830137.681276535,3036.0094098738095,1261.5697661608147,1
18229,22293453.479797624,1.5394396186818868,765763724,9670927.100887027,7907.762262218601,1222.966343726898,1
4607,6328198.867242027,2.9393847479699584,427477162,1879554.0287835838,1368.3364875636098,1373.605137235083,1
5283,5677676.5566106,3.234612047720038,502485313,1519274.4551660984,1413.6639991049385,1074.7069007402233,1
463,281646.3156186693,5.311242630781604,753338210,46441.18414989596,76.3449300381209,608.3073771461541,0
11870,11503186.62269041,4.700346529944563,48785626,2422166.038966023,2499.4040195622133,969.0974408332274,1
41,31789.605693539706,5.187815433170278,136798836,5970.311479200052,7.700088293229349,775.3562364277977,0
13743,19634028.173698615,4.381448626322052,156035410,4327073.774040948,3028.7709862974334,1428.6566378300674,1
68,24489.601309129775,4.075687313916748,362896126,5517.436281335091,15.32020315050683,360.1411957224967,0
18712,24174222.937277514,2.3000552880900034,871473739,7622261.29125429,5899.993296662007,1291.9101612482639,1
153,79960.8202830961,3.671165264321481,662265196,18452.083404879213,35.306900941627084,522.6197404123927,0
434,72632.44885817416,8.300148436575764,51319295,8696.968148911208,51.96691335573326,167.35587294510174,0
6659,6156246.347103629,2.038701822355797,942567372,2064974.9974805252,2233.6124535841855,924.500127211838,1
8611,10412881.619872516,4.991865199231135,928225848,1758905.654794395,1454.5384405916222,1209.2534688041478,1
14343,21092833.118389513,4.712559124487694,626982239,3950308.028817675,2686.1857645824857,1470.6012074454097,1
432,177518.63270935585,2.577798194631757,587359998,56085.232366143806,136.48606916572527,410.92276090128667,0
46,25761.164512766154,8.845651791209482,957717412,2627.786833156536,4.692264368146032,560.0253154949164,0
232,35402.18372059818,1.6250304344896083,701674386,15215.588762629763,99.7118319251087,152.59561948533698,0
17788,18678829.697862454,4.729170303492668,277292712,3730943.310688641,3553.007371662276,1050.0803742895466,1
15376,21976446.483778402,2.7206030118950295,172831289,7595280.97008472,5314.100270133566,1429.2694123164933,1
267,190727.8912538263,1.133486582091228,647952429,107063.94665568433,149.87883297584688,714.3366713626453,0
2735,2743494.9606918995,1.0599189898868069,109131846,2346771.309231191,2339.504764072395,1003.1060185345153,1
3835,5044289.158304143,1.9765604747799963,295953817,2219695.240883653,1687.5581438021024,1315.3296371066865,1
11325,16624032.332317187,3.0147102936842494,24247036,5470307.914472902,3726.607112702263,1467.9057247079193,1
380,285881.03552886413,7.401165326226455,148777304,37865.32554357825,50.331508279103595,752.3185145496425,0
415,59329.02835126367,4.449127099682247,900814381,11089.659310385163,77.57094194366356,142.96151409943053,0
13707,12614875.532194534,3.03017639329316,453104,4162460.4866618137,4522.822737732395,920.3235961329638,1
480,184103.60996604053,7.207067809925587,892079379,22731.234001744728,59.26549904616262,383.5491874292511,0
17327,20414000.979176432,4.768802645906186,635862940,3777107.1409876454,3205.933785280598,1178.1613077380061,1
17009,19324072.063199293,4.6877106825214785,917898272,3447274.367508728,3034.2822943938245,1136.1086520782699,1
12076,17490865.18431336,1.1939894755757527,706064333,9205457.816704785,6355.609480897785,1448.3989056238293,1
73,49537.326888119605,7.45554674738896,341763663,6353.130025722356,9.362202626015305,678.593519015337,0
13414,19985733.839016687,1.619439990086327,900457919,7931168.0711157,5323.231529194646,1489.916045848866,1
216,136124.23963569483,7.773639916908542,74647301,17344.451834673047,27.521928543481742,630.2048131282169,0
101,44611.04907847792,3.446008967874712,921244164,10214.898869241391,23.126664965409084,441.6935552324546,0
11865,17714126.467610456,4.343684344748629,192817195,3904798.9540839014,2615.451553590225,1492.9731536123436,1
9051,11716666.314626107,3.6392404592055847,621163456,2750130.3979204334,2124.4464562847083,1294.516220818264,1
479,128730.71200807151,3.848957195298615,379239572,30445.77135191304,113.28706452467962,268.7488768435731,0
15965,17594638.123204563,4.783711445184303,927536425,3080699.441370381,2795.3610774530794,1102.0756732354878,1
5659,5415094.656961742,4.11558919032823,545037650,1161881.1894797347,1214.2143522482609,956.8995682915253,1
61,34000.12334609406,3.261870717636839,728482373,8520.580152637023,15.286867756924421,557.3790712474436,0
15490,19174560.64542476,1.4084947920808535,906783605,8281751.632805975,6690.340142045156,1237.8670526420117,1
2572,2800865.0998898814,4.681050391979816,279261992,564654.9819998753,518.515730643642,1088.983320330436,1
441,134399.65944499266,9.217297882484116,977634995,13182.986201097923,43.25678308034422,304.76113252832806,0
452,228732.05189854783,7.022777044409206,632981969,29877.12276443385,59.04052089522587,506.0443626074067,0
15923,17863197.229665842,4.050826892893134,529974756,3899578.8507852447,3476.0291364825844,1121.8487238375835,1
7322,9190453.9950231,4.294297109405228,456383950,1934555.0417088445,1541.2526979693082,1255.183555725635,1
9575,13150065.634634439,4.090007862738826,315715641,2984768.7044987977,2173.309330890687,1373.3750010062076,1
38,28912.12369204578,1.6340044436142453,321082503,14788.152384790272,19.436475736185102,760.8453603169943,0
9322,9819989.297369475,3.4209408806726533,58299496,2822452.0970754977,2679.320481131869,1053.4208643391412,1
420,174217.39397680914,1.6473983633322922,994306786,65948.8414219292,158.9882202054827,414.8033189924027,0
379,282427.40823655925,7.166554212713925,930171644,34881.680970137604,46.809044384987736,745.191050756093,0
13490,19375892.13563034,3.8526750520011324,634797752,4317773.718506852,3006.146352123184,1436.3152064959481,1
168,113936.25395098992,4.564646685250211,552077992,22267.419323452952,32.8335039692394,678.1919878035114,0
333,261939.56500446823,3.781241313583883,202459782,65752.8159667502,83.59060883587524,786.6053003137184,0
5959,5767435.868243283,2.0740321678716738,56650069,2706849.3689191267,2796.7567837563465,967.8529733584968,1
13177,11866929.181327585,3.5552314730575136,970587118,2622051.4460688382,2911.517493440017,900.5789771061384,1
317,53048.957380614745,8.82573474985597,464648503,5710.09353831629,34.12130494213472,167.34686870856387,0
201,20348.56935269707,9.610079833715416,723021928,1969.260520407279,19.452048826685672,101.23666344625408,0
7006,8910162.632327532,3.231505263475402,514237884,2378743.624835276,1870.3898596789754,1271.7902701009896,1
409,319446.08765900583,9.640963352517058,982754988,30069.141276147417,38.49876162851037,781.0417791173737,0
3145,4670922.833971379,2.7524027551641956,886310339,1283674.3961656806,864.3165642941133,1485.1900902929665,1
14156,16172970.473355258,3.394052317867101,934368815,3736459.548852274,3270.47659307199,1142.4816666682154,1
3604,3530900.24479968,2.2633259806122283,13020367,1551126.1054379598,1583.2388615996035,979.717049056515,1
115,27611.917065077818,2.2565139431766985,83877625,11797.990319452872,49.137076702763764,240.10362665285058,0
292,30724.01751556705,1.8740248076229302,802027912,11481.095753560574,109.11593701380603,105.21923806701045,0
378,108116.97814191747,8.174602524351801,750783816,12113.42277175376,42.35110790566639,286.02375169819436,0
14494,18839676.80498682,4.346556069627866,735418988,3707156.4876551544,2852.0407588866487,1299.8259145154423,1
481,196002.55555104886,2.3051275149020376,693951330,65354.25231791501,160.3825790767803,407.4897204803511,0
342,73496.80361113287,7.800948143322398,592159299,8756.804808731971,40.74772095439393,214.90293453547622,0
8983,10552460.48144375,3.04301446850536,542738514,2942885.5063158204,2505.192087638896,1174.7145142428753,1
7307,9138490.598414013,1.5403782263812391,151351802,5401861.080138381,4319.2470887283525,1250.6487749300688,1
435,232963.8116850966,7.539733254464628,316326180,29654.028667741684,55.37127151707251,535.5489923795324,0
456,170065.61385278654,6.234289596646207,224815770,26329.5927530426,70.59801228119169,372.9509075719003,0
346,126032.54558207671,2.238540229432723,927052560,39813.25267191484,109.30022369112217,364.2559120869269,0
102,42823.7283508129,8.177180413353609,112469274,5165.927387274668,12.304500654063528,419.84047402757744,0
19194,28196574.40672596,4.173824258863013,59029317,6661363.050097267,4534.529639638348,1469.03065576357,1
15493,20467267.207298193,2.343866576187938,756291164,6602008.324278824,4997.4876436644745,1321.0654622925317,1
151,27423.418781246644,4.619103323946805,88143493,5825.787312132893,32.078198971079445,181.61204490891816,0
37,6081.974218903077,2.6677367517154114,321392528,2034.6976158495656,12.37818660139139,164.37768159197503,0
12236,13901422.47537124,3.0340165104534362,102644011,4431918.07984682,3900.964071920093,1136.1084075981726,1
14022,17926058.513148073,2.990825005504338,187688879,5639760.958899662,4411.4955949568275,1278.423799254605,1
196,129436.67806338728,7.1299854877983355,734843410,16457.659759085353,24.921076166687854,660.3912146091188,0
235,53528.60167958333,7.301166062103575,743282432,6654.104593847392,29.212692476339484,227.7812837429078,0
7390,9240205.008968351,1.311800277723675,573100276,4902224.146899454,3920.6312425347023,1250.3660363962586,1
15169,16600900.775053965,2.829279824842844,490435265,5000700.459460169,4569.368029928769,1094.3965175722833,1
373,64510.53112313966,9.501069372240273,419518143,6502.692610093591,37.59857966345112,172.95048558482483,0
11231,12140401.498923223,4.956295905471389,505020929,2222980.6229688036,2056.4637321736836,1080.9724422511997,1
401,232357.76388448474,4.709557421286505,895023795,41458.54166753263,71.54861077482884,579.4457952231539,0
70,17379.204911519835,1.5745724109019061,675818590,7722.749026526786,31.105705618243928,248.27435587885478,0
17137,24286701.45008687,3.032739533147481,94579527,7765981.33512528,5479.773464237396,1417.2084641469842,1
10981,13870434.597553743,2.4418375484270065,737872066,4362170.22290988,3453.460010995001,1263.130370417425,1
18691,23143720.45702662,4.486985508770228,243583051,4892376.077972063,3951.1106886711846,1238.2280486344562,1
16186,15723338.514351932,1.0865627598983387,685029460,8875258.277694516,9136.414022482453,971.4159467658428,1
70,40439.09625595868,2.9191137890097774,952496086,10445.033864848418,18.080334088367625,577.7013750851239,0
219,79306.42615295132,8.867797935409195,355274125,8598.699612613975,23.744799841700875,362.1297997851658,0
4878,6177120.942241345,2.498535478411466,476228605,2076507.840298182,1639.7939007001519,1266.3224563840395,1
19501,28146782.99054038,1.837583302979965,522563990,11925858.642068792,8262.619904276262,1443.3507507584422,1
93,61352.596036362724,5.078512830712598,122282996,11796.770740593262,17.881878677553264,659.7053337243303,0
7036,6880387.146463877,4.815335887499833,471492452,1301420.569126102,1330.8546349862477,977.8833351995277,1
323,41963.53584527588,3.8092491249694436,70794334,10815.223151243152,83.24649025601126,129.91806763243306,0
133,53847.078041193636,7.528740677078062,145841692,7016.287721160026,17.32993322683917,404.86524843002735,0
12982,18094320.751463663,2.220448558713637,207636589,7452094.81986324,5346.599979092278,1393.8007049348068,1
4937,7254441.979082089,1.0450777847575932,820486090,3888605.51881383,2646.3848634727137,1469.402872003664,1
2835,3893456.20703639,2.8570521231039328,25864469,1350526.8302594118,983.3791264599287,1373.353159448462,1
252,61285.37423304403,6.352475463164125,396667958,9080.467017616471,37.338071555832165,243.19592949620647,0
348,152499.58101355855,2.5534290631701673,984550787,43103.57533727156,98.36121593040225,438.21718682057053,0
18906,27587465.248738203,4.732654046199521,544915577,5227304.842643333,3582.330760146042,1459.1910107234849,1
