mean_len,max_len,min_len,pkt_count,label
79.93939393939394,103,54,33,Chat
1469.6666666666667,1501,1444,30,Video
