mean_len,max_len,min_len,pkt_count,label
78.24242424242425,102,54,33,Chat
1468.3666666666666,1501,1442,30,Video
